record_id,year,geo_level,geo_code,region,indicator,value,source
1,2018,country,4,Afghanistan,HEP,0.0,WHO Triple Billion Indicators
2,2018,country,4,Afghanistan,HPOP,0.0,WHO Triple Billion Indicators
3,2018,country,4,Afghanistan,UHC,0.0,WHO Triple Billion Indicators
4,2018,country,8,Albania,HEP,0.0,WHO Triple Billion Indicators
5,2018,country,8,Albania,HPOP,0.0,WHO Triple Billion Indicators
6,2018,country,8,Albania,UHC,0.0,WHO Triple Billion Indicators
7,2018,country,12,Algeria,HEP,0.0,WHO Triple Billion Indicators
8,2018,country,12,Algeria,HPOP,0.0,WHO Triple Billion Indicators
9,2018,country,12,Algeria,UHC,0.0,WHO Triple Billion Indicators
10,2018,country,20,Andorra,HEP,0.0,WHO Triple Billion Indicators
11,2018,country,20,Andorra,HPOP,0.0,WHO Triple Billion Indicators
12,2018,country,20,Andorra,UHC,0.0,WHO Triple Billion Indicators
13,2018,country,24,Angola,HEP,0.0,WHO Triple Billion Indicators
14,2018,country,24,Angola,HPOP,0.0,WHO Triple Billion Indicators
15,2018,country,24,Angola,UHC,0.0,WHO Triple Billion Indicators
16,2018,country,28,Antigua and Barbuda,HEP,0.0,WHO Triple Billion Indicators
17,2018,country,28,Antigua and Barbuda,HPOP,0.0,WHO Triple Billion Indicators
18,2018,country,28,Antigua and Barbuda,UHC,0.0,WHO Triple Billion Indicators
19,2018,country,32,Argentina,HEP,0.0,WHO Triple Billion Indicators
20,2018,country,32,Argentina,HPOP,0.0,WHO Triple Billion Indicators
21,2018,country,32,Argentina,UHC,0.0,WHO Triple Billion Indicators
22,2018,country,51,Armenia,HEP,0.0,WHO Triple Billion Indicators
23,2018,country,51,Armenia,HPOP,0.0,WHO Triple Billion Indicators
24,2018,country,51,Armenia,UHC,0.0,WHO Triple Billion Indicators
25,2018,country,36,Australia,HEP,0.0,WHO Triple Billion Indicators
26,2018,country,36,Australia,HPOP,0.0,WHO Triple Billion Indicators
27,2018,country,36,Australia,UHC,0.0,WHO Triple Billion Indicators
28,2018,country,40,Austria,HEP,0.0,WHO Triple Billion Indicators
29,2018,country,40,Austria,HPOP,0.0,WHO Triple Billion Indicators
30,2018,country,40,Austria,UHC,0.0,WHO Triple Billion Indicators
31,2018,country,31,Azerbaijan,HEP,0.0,WHO Triple Billion Indicators
32,2018,country,31,Azerbaijan,HPOP,0.0,WHO Triple Billion Indicators
33,2018,country,31,Azerbaijan,UHC,0.0,WHO Triple Billion Indicators
34,2018,country,44,Bahamas,HEP,0.0,WHO Triple Billion Indicators
35,2018,country,44,Bahamas,HPOP,0.0,WHO Triple Billion Indicators
36,2018,country,44,Bahamas,UHC,0.0,WHO Triple Billion Indicators
37,2018,country,48,Bahrain,HEP,0.0,WHO Triple Billion Indicators
38,2018,country,48,Bahrain,HPOP,0.0,WHO Triple Billion Indicators
39,2018,country,48,Bahrain,UHC,0.0,WHO Triple Billion Indicators
40,2018,country,50,Bangladesh,HEP,0.0,WHO Triple Billion Indicators
41,2018,country,50,Bangladesh,HPOP,0.0,WHO Triple Billion Indicators
42,2018,country,50,Bangladesh,UHC,0.0,WHO Triple Billion Indicators
43,2018,country,52,Barbados,HEP,0.0,WHO Triple Billion Indicators
44,2018,country,52,Barbados,HPOP,0.0,WHO Triple Billion Indicators
45,2018,country,52,Barbados,UHC,0.0,WHO Triple Billion Indicators
46,2018,country,112,Belarus,HEP,0.0,WHO Triple Billion Indicators
47,2018,country,112,Belarus,HPOP,0.0,WHO Triple Billion Indicators
48,2018,country,112,Belarus,UHC,0.0,WHO Triple Billion Indicators
49,2018,country,56,Belgium,HEP,0.0,WHO Triple Billion Indicators
50,2018,country,56,Belgium,HPOP,0.0,WHO Triple Billion Indicators
51,2018,country,56,Belgium,UHC,0.0,WHO Triple Billion Indicators
52,2018,country,84,Belize,HEP,0.0,WHO Triple Billion Indicators
53,2018,country,84,Belize,HPOP,0.0,WHO Triple Billion Indicators
54,2018,country,84,Belize,UHC,0.0,WHO Triple Billion Indicators
55,2018,country,204,Benin,HEP,0.0,WHO Triple Billion Indicators
56,2018,country,204,Benin,HPOP,0.0,WHO Triple Billion Indicators
57,2018,country,204,Benin,UHC,0.0,WHO Triple Billion Indicators
58,2018,country,64,Bhutan,HEP,0.0,WHO Triple Billion Indicators
59,2018,country,64,Bhutan,HPOP,0.0,WHO Triple Billion Indicators
60,2018,country,64,Bhutan,UHC,0.0,WHO Triple Billion Indicators
61,2018,country,68,Bolivia (Plurinational State of),HEP,0.0,WHO Triple Billion Indicators
62,2018,country,68,Bolivia (Plurinational State of),HPOP,0.0,WHO Triple Billion Indicators
63,2018,country,68,Bolivia (Plurinational State of),UHC,0.0,WHO Triple Billion Indicators
64,2018,country,70,Bosnia and Herzegovina,HEP,0.0,WHO Triple Billion Indicators
65,2018,country,70,Bosnia and Herzegovina,HPOP,0.0,WHO Triple Billion Indicators
66,2018,country,70,Bosnia and Herzegovina,UHC,0.0,WHO Triple Billion Indicators
67,2018,country,72,Botswana,HEP,0.0,WHO Triple Billion Indicators
68,2018,country,72,Botswana,HPOP,0.0,WHO Triple Billion Indicators
69,2018,country,72,Botswana,UHC,0.0,WHO Triple Billion Indicators
70,2018,country,76,Brazil,HEP,0.0,WHO Triple Billion Indicators
71,2018,country,76,Brazil,HPOP,0.0,WHO Triple Billion Indicators
72,2018,country,76,Brazil,UHC,0.0,WHO Triple Billion Indicators
73,2018,country,96,Brunei Darussalam,HEP,0.0,WHO Triple Billion Indicators
74,2018,country,96,Brunei Darussalam,HPOP,0.0,WHO Triple Billion Indicators
75,2018,country,96,Brunei Darussalam,UHC,0.0,WHO Triple Billion Indicators
76,2018,country,100,Bulgaria,HEP,0.0,WHO Triple Billion Indicators
77,2018,country,100,Bulgaria,HPOP,0.0,WHO Triple Billion Indicators
78,2018,country,100,Bulgaria,UHC,0.0,WHO Triple Billion Indicators
79,2018,country,854,Burkina Faso,HEP,0.0,WHO Triple Billion Indicators
80,2018,country,854,Burkina Faso,HPOP,0.0,WHO Triple Billion Indicators
81,2018,country,854,Burkina Faso,UHC,0.0,WHO Triple Billion Indicators
82,2018,country,108,Burundi,HEP,0.0,WHO Triple Billion Indicators
83,2018,country,108,Burundi,HPOP,0.0,WHO Triple Billion Indicators
84,2018,country,108,Burundi,UHC,0.0,WHO Triple Billion Indicators
85,2018,country,132,Cabo Verde,HEP,0.0,WHO Triple Billion Indicators
86,2018,country,132,Cabo Verde,HPOP,0.0,WHO Triple Billion Indicators
87,2018,country,132,Cabo Verde,UHC,0.0,WHO Triple Billion Indicators
88,2018,country,116,Cambodia,HEP,0.0,WHO Triple Billion Indicators
89,2018,country,116,Cambodia,HPOP,0.0,WHO Triple Billion Indicators
90,2018,country,116,Cambodia,UHC,0.0,WHO Triple Billion Indicators
91,2018,country,120,Cameroon,HEP,0.0,WHO Triple Billion Indicators
92,2018,country,120,Cameroon,HPOP,0.0,WHO Triple Billion Indicators
93,2018,country,120,Cameroon,UHC,0.0,WHO Triple Billion Indicators
94,2018,country,124,Canada,HEP,0.0,WHO Triple Billion Indicators
95,2018,country,124,Canada,HPOP,0.0,WHO Triple Billion Indicators
96,2018,country,124,Canada,UHC,0.0,WHO Triple Billion Indicators
97,2018,country,140,Central African Republic,HEP,0.0,WHO Triple Billion Indicators
98,2018,country,140,Central African Republic,HPOP,0.0,WHO Triple Billion Indicators
99,2018,country,140,Central African Republic,UHC,0.0,WHO Triple Billion Indicators
100,2018,country,148,Chad,HEP,0.0,WHO Triple Billion Indicators
101,2018,country,148,Chad,HPOP,0.0,WHO Triple Billion Indicators
102,2018,country,148,Chad,UHC,0.0,WHO Triple Billion Indicators
103,2018,country,152,Chile,HEP,0.0,WHO Triple Billion Indicators
104,2018,country,152,Chile,HPOP,0.0,WHO Triple Billion Indicators
105,2018,country,152,Chile,UHC,0.0,WHO Triple Billion Indicators
106,2018,country,156,China,HEP,0.0,WHO Triple Billion Indicators
107,2018,country,156,China,HPOP,0.0,WHO Triple Billion Indicators
108,2018,country,156,China,UHC,0.0,WHO Triple Billion Indicators
109,2018,country,170,Colombia,HEP,0.0,WHO Triple Billion Indicators
110,2018,country,170,Colombia,HPOP,0.0,WHO Triple Billion Indicators
111,2018,country,170,Colombia,UHC,0.0,WHO Triple Billion Indicators
112,2018,country,174,Comoros,HEP,0.0,WHO Triple Billion Indicators
113,2018,country,174,Comoros,HPOP,0.0,WHO Triple Billion Indicators
114,2018,country,174,Comoros,UHC,0.0,WHO Triple Billion Indicators
115,2018,country,178,Congo,HEP,0.0,WHO Triple Billion Indicators
116,2018,country,178,Congo,HPOP,0.0,WHO Triple Billion Indicators
117,2018,country,178,Congo,UHC,0.0,WHO Triple Billion Indicators
118,2018,country,184,Cook Islands,HEP,0.0,WHO Triple Billion Indicators
119,2018,country,184,Cook Islands,HPOP,0.0,WHO Triple Billion Indicators
120,2018,country,184,Cook Islands,UHC,0.0,WHO Triple Billion Indicators
121,2018,country,188,Costa Rica,HEP,0.0,WHO Triple Billion Indicators
122,2018,country,188,Costa Rica,HPOP,0.0,WHO Triple Billion Indicators
123,2018,country,188,Costa Rica,UHC,0.0,WHO Triple Billion Indicators
124,2018,country,191,Croatia,HEP,0.0,WHO Triple Billion Indicators
125,2018,country,191,Croatia,HPOP,0.0,WHO Triple Billion Indicators
126,2018,country,191,Croatia,UHC,0.0,WHO Triple Billion Indicators
127,2018,country,192,Cuba,HEP,0.0,WHO Triple Billion Indicators
128,2018,country,192,Cuba,HPOP,0.0,WHO Triple Billion Indicators
129,2018,country,192,Cuba,UHC,0.0,WHO Triple Billion Indicators
130,2018,country,196,Cyprus,HEP,0.0,WHO Triple Billion Indicators
131,2018,country,196,Cyprus,HPOP,0.0,WHO Triple Billion Indicators
132,2018,country,196,Cyprus,UHC,0.0,WHO Triple Billion Indicators
133,2018,country,203,Czechia,HEP,0.0,WHO Triple Billion Indicators
134,2018,country,203,Czechia,HPOP,0.0,WHO Triple Billion Indicators
135,2018,country,203,Czechia,UHC,0.0,WHO Triple Billion Indicators
136,2018,country,384,Côte d'Ivoire,HEP,0.0,WHO Triple Billion Indicators
137,2018,country,384,Côte d'Ivoire,HPOP,0.0,WHO Triple Billion Indicators
138,2018,country,384,Côte d'Ivoire,UHC,0.0,WHO Triple Billion Indicators
139,2018,country,408,Democratic People's Republic of Korea,HEP,0.0,WHO Triple Billion Indicators
140,2018,country,408,Democratic People's Republic of Korea,HPOP,0.0,WHO Triple Billion Indicators
141,2018,country,408,Democratic People's Republic of Korea,UHC,0.0,WHO Triple Billion Indicators
142,2018,country,180,Democratic Republic of the Congo,HEP,0.0,WHO Triple Billion Indicators
143,2018,country,180,Democratic Republic of the Congo,HPOP,0.0,WHO Triple Billion Indicators
144,2018,country,180,Democratic Republic of the Congo,UHC,0.0,WHO Triple Billion Indicators
145,2018,country,208,Denmark,HEP,0.0,WHO Triple Billion Indicators
146,2018,country,208,Denmark,HPOP,0.0,WHO Triple Billion Indicators
147,2018,country,208,Denmark,UHC,0.0,WHO Triple Billion Indicators
148,2018,country,262,Djibouti,HEP,0.0,WHO Triple Billion Indicators
149,2018,country,262,Djibouti,HPOP,0.0,WHO Triple Billion Indicators
150,2018,country,262,Djibouti,UHC,0.0,WHO Triple Billion Indicators
151,2018,country,212,Dominica,HEP,0.0,WHO Triple Billion Indicators
152,2018,country,212,Dominica,HPOP,0.0,WHO Triple Billion Indicators
153,2018,country,212,Dominica,UHC,0.0,WHO Triple Billion Indicators
154,2018,country,214,Dominican Republic,HEP,0.0,WHO Triple Billion Indicators
155,2018,country,214,Dominican Republic,HPOP,0.0,WHO Triple Billion Indicators
156,2018,country,214,Dominican Republic,UHC,0.0,WHO Triple Billion Indicators
157,2018,country,218,Ecuador,HEP,0.0,WHO Triple Billion Indicators
158,2018,country,218,Ecuador,HPOP,0.0,WHO Triple Billion Indicators
159,2018,country,218,Ecuador,UHC,0.0,WHO Triple Billion Indicators
160,2018,country,818,Egypt,HEP,0.0,WHO Triple Billion Indicators
161,2018,country,818,Egypt,HPOP,0.0,WHO Triple Billion Indicators
162,2018,country,818,Egypt,UHC,0.0,WHO Triple Billion Indicators
163,2018,country,222,El Salvador,HEP,0.0,WHO Triple Billion Indicators
164,2018,country,222,El Salvador,HPOP,0.0,WHO Triple Billion Indicators
165,2018,country,222,El Salvador,UHC,0.0,WHO Triple Billion Indicators
166,2018,country,226,Equatorial Guinea,HEP,0.0,WHO Triple Billion Indicators
167,2018,country,226,Equatorial Guinea,HPOP,0.0,WHO Triple Billion Indicators
168,2018,country,226,Equatorial Guinea,UHC,0.0,WHO Triple Billion Indicators
169,2018,country,232,Eritrea,HEP,0.0,WHO Triple Billion Indicators
170,2018,country,232,Eritrea,HPOP,0.0,WHO Triple Billion Indicators
171,2018,country,232,Eritrea,UHC,0.0,WHO Triple Billion Indicators
172,2018,country,233,Estonia,HEP,0.0,WHO Triple Billion Indicators
173,2018,country,233,Estonia,HPOP,0.0,WHO Triple Billion Indicators
174,2018,country,233,Estonia,UHC,0.0,WHO Triple Billion Indicators
175,2018,country,748,Eswatini,HEP,0.0,WHO Triple Billion Indicators
176,2018,country,748,Eswatini,HPOP,0.0,WHO Triple Billion Indicators
177,2018,country,748,Eswatini,UHC,0.0,WHO Triple Billion Indicators
178,2018,country,231,Ethiopia,HEP,0.0,WHO Triple Billion Indicators
179,2018,country,231,Ethiopia,HPOP,0.0,WHO Triple Billion Indicators
180,2018,country,231,Ethiopia,UHC,0.0,WHO Triple Billion Indicators
181,2018,country,242,Fiji,HEP,0.0,WHO Triple Billion Indicators
182,2018,country,242,Fiji,HPOP,0.0,WHO Triple Billion Indicators
183,2018,country,242,Fiji,UHC,0.0,WHO Triple Billion Indicators
184,2018,country,246,Finland,HEP,0.0,WHO Triple Billion Indicators
185,2018,country,246,Finland,HPOP,0.0,WHO Triple Billion Indicators
186,2018,country,246,Finland,UHC,0.0,WHO Triple Billion Indicators
187,2018,country,250,France,HEP,0.0,WHO Triple Billion Indicators
188,2018,country,250,France,HPOP,0.0,WHO Triple Billion Indicators
189,2018,country,250,France,UHC,0.0,WHO Triple Billion Indicators
190,2018,country,266,Gabon,HEP,0.0,WHO Triple Billion Indicators
191,2018,country,266,Gabon,HPOP,0.0,WHO Triple Billion Indicators
192,2018,country,266,Gabon,UHC,0.0,WHO Triple Billion Indicators
193,2018,country,270,Gambia,HEP,0.0,WHO Triple Billion Indicators
194,2018,country,270,Gambia,HPOP,0.0,WHO Triple Billion Indicators
195,2018,country,270,Gambia,UHC,0.0,WHO Triple Billion Indicators
196,2018,country,268,Georgia,HEP,0.0,WHO Triple Billion Indicators
197,2018,country,268,Georgia,HPOP,0.0,WHO Triple Billion Indicators
198,2018,country,268,Georgia,UHC,0.0,WHO Triple Billion Indicators
199,2018,country,276,Germany,HEP,0.0,WHO Triple Billion Indicators
200,2018,country,276,Germany,HPOP,0.0,WHO Triple Billion Indicators
201,2018,country,276,Germany,UHC,0.0,WHO Triple Billion Indicators
202,2018,country,288,Ghana,HEP,0.0,WHO Triple Billion Indicators
203,2018,country,288,Ghana,HPOP,0.0,WHO Triple Billion Indicators
204,2018,country,288,Ghana,UHC,0.0,WHO Triple Billion Indicators
205,2018,country,300,Greece,HEP,0.0,WHO Triple Billion Indicators
206,2018,country,300,Greece,HPOP,0.0,WHO Triple Billion Indicators
207,2018,country,300,Greece,UHC,0.0,WHO Triple Billion Indicators
208,2018,country,308,Grenada,HEP,0.0,WHO Triple Billion Indicators
209,2018,country,308,Grenada,HPOP,0.0,WHO Triple Billion Indicators
210,2018,country,308,Grenada,UHC,0.0,WHO Triple Billion Indicators
211,2018,country,320,Guatemala,HEP,0.0,WHO Triple Billion Indicators
212,2018,country,320,Guatemala,HPOP,0.0,WHO Triple Billion Indicators
213,2018,country,320,Guatemala,UHC,0.0,WHO Triple Billion Indicators
214,2018,country,324,Guinea,HEP,0.0,WHO Triple Billion Indicators
215,2018,country,324,Guinea,HPOP,0.0,WHO Triple Billion Indicators
216,2018,country,324,Guinea,UHC,0.0,WHO Triple Billion Indicators
217,2018,country,624,Guinea-Bissau,HEP,0.0,WHO Triple Billion Indicators
218,2018,country,624,Guinea-Bissau,HPOP,0.0,WHO Triple Billion Indicators
219,2018,country,624,Guinea-Bissau,UHC,0.0,WHO Triple Billion Indicators
220,2018,country,328,Guyana,HEP,0.0,WHO Triple Billion Indicators
221,2018,country,328,Guyana,HPOP,0.0,WHO Triple Billion Indicators
222,2018,country,328,Guyana,UHC,0.0,WHO Triple Billion Indicators
223,2018,country,332,Haiti,HEP,0.0,WHO Triple Billion Indicators
224,2018,country,332,Haiti,HPOP,0.0,WHO Triple Billion Indicators
225,2018,country,332,Haiti,UHC,0.0,WHO Triple Billion Indicators
226,2018,country,340,Honduras,HEP,0.0,WHO Triple Billion Indicators
227,2018,country,340,Honduras,HPOP,0.0,WHO Triple Billion Indicators
228,2018,country,340,Honduras,UHC,0.0,WHO Triple Billion Indicators
229,2018,country,348,Hungary,HEP,0.0,WHO Triple Billion Indicators
230,2018,country,348,Hungary,HPOP,0.0,WHO Triple Billion Indicators
231,2018,country,348,Hungary,UHC,0.0,WHO Triple Billion Indicators
232,2018,country,352,Iceland,HEP,0.0,WHO Triple Billion Indicators
233,2018,country,352,Iceland,HPOP,0.0,WHO Triple Billion Indicators
234,2018,country,352,Iceland,UHC,0.0,WHO Triple Billion Indicators
235,2018,country,356,India,HEP,0.0,WHO Triple Billion Indicators
236,2018,country,356,India,HPOP,0.0,WHO Triple Billion Indicators
237,2018,country,356,India,UHC,0.0,WHO Triple Billion Indicators
238,2018,country,360,Indonesia,HEP,0.0,WHO Triple Billion Indicators
239,2018,country,360,Indonesia,HPOP,0.0,WHO Triple Billion Indicators
240,2018,country,360,Indonesia,UHC,0.0,WHO Triple Billion Indicators
241,2018,country,364,Iran (Islamic Republic of),HEP,0.0,WHO Triple Billion Indicators
242,2018,country,364,Iran (Islamic Republic of),HPOP,0.0,WHO Triple Billion Indicators
243,2018,country,364,Iran (Islamic Republic of),UHC,0.0,WHO Triple Billion Indicators
244,2018,country,368,Iraq,HEP,0.0,WHO Triple Billion Indicators
245,2018,country,368,Iraq,HPOP,0.0,WHO Triple Billion Indicators
246,2018,country,368,Iraq,UHC,0.0,WHO Triple Billion Indicators
247,2018,country,372,Ireland,HEP,0.0,WHO Triple Billion Indicators
248,2018,country,372,Ireland,HPOP,0.0,WHO Triple Billion Indicators
249,2018,country,372,Ireland,UHC,0.0,WHO Triple Billion Indicators
250,2018,country,376,Israel,HEP,0.0,WHO Triple Billion Indicators
251,2018,country,376,Israel,HPOP,0.0,WHO Triple Billion Indicators
252,2018,country,376,Israel,UHC,0.0,WHO Triple Billion Indicators
253,2018,country,380,Italy,HEP,0.0,WHO Triple Billion Indicators
254,2018,country,380,Italy,HPOP,0.0,WHO Triple Billion Indicators
255,2018,country,380,Italy,UHC,0.0,WHO Triple Billion Indicators
256,2018,country,388,Jamaica,HEP,0.0,WHO Triple Billion Indicators
257,2018,country,388,Jamaica,HPOP,0.0,WHO Triple Billion Indicators
258,2018,country,388,Jamaica,UHC,0.0,WHO Triple Billion Indicators
259,2018,country,392,Japan,HEP,0.0,WHO Triple Billion Indicators
260,2018,country,392,Japan,HPOP,0.0,WHO Triple Billion Indicators
261,2018,country,392,Japan,UHC,0.0,WHO Triple Billion Indicators
262,2018,country,400,Jordan,HEP,0.0,WHO Triple Billion Indicators
263,2018,country,400,Jordan,HPOP,0.0,WHO Triple Billion Indicators
264,2018,country,400,Jordan,UHC,0.0,WHO Triple Billion Indicators
265,2018,country,398,Kazakhstan,HEP,0.0,WHO Triple Billion Indicators
266,2018,country,398,Kazakhstan,HPOP,0.0,WHO Triple Billion Indicators
267,2018,country,398,Kazakhstan,UHC,0.0,WHO Triple Billion Indicators
268,2018,country,404,Kenya,HEP,0.0,WHO Triple Billion Indicators
269,2018,country,404,Kenya,HPOP,0.0,WHO Triple Billion Indicators
270,2018,country,404,Kenya,UHC,0.0,WHO Triple Billion Indicators
271,2018,country,296,Kiribati,HEP,0.0,WHO Triple Billion Indicators
272,2018,country,296,Kiribati,HPOP,0.0,WHO Triple Billion Indicators
273,2018,country,296,Kiribati,UHC,0.0,WHO Triple Billion Indicators
274,2018,country,414,Kuwait,HEP,0.0,WHO Triple Billion Indicators
275,2018,country,414,Kuwait,HPOP,0.0,WHO Triple Billion Indicators
276,2018,country,414,Kuwait,UHC,0.0,WHO Triple Billion Indicators
277,2018,country,417,Kyrgyzstan,HEP,0.0,WHO Triple Billion Indicators
278,2018,country,417,Kyrgyzstan,HPOP,0.0,WHO Triple Billion Indicators
279,2018,country,417,Kyrgyzstan,UHC,0.0,WHO Triple Billion Indicators
280,2018,country,418,Lao People's Democratic Republic,HEP,0.0,WHO Triple Billion Indicators
281,2018,country,418,Lao People's Democratic Republic,HPOP,0.0,WHO Triple Billion Indicators
282,2018,country,418,Lao People's Democratic Republic,UHC,0.0,WHO Triple Billion Indicators
283,2018,country,428,Latvia,HEP,0.0,WHO Triple Billion Indicators
284,2018,country,428,Latvia,HPOP,0.0,WHO Triple Billion Indicators
285,2018,country,428,Latvia,UHC,0.0,WHO Triple Billion Indicators
286,2018,country,422,Lebanon,HEP,0.0,WHO Triple Billion Indicators
287,2018,country,422,Lebanon,HPOP,0.0,WHO Triple Billion Indicators
288,2018,country,422,Lebanon,UHC,0.0,WHO Triple Billion Indicators
289,2018,country,426,Lesotho,HEP,0.0,WHO Triple Billion Indicators
290,2018,country,426,Lesotho,HPOP,0.0,WHO Triple Billion Indicators
291,2018,country,426,Lesotho,UHC,0.0,WHO Triple Billion Indicators
292,2018,country,430,Liberia,HEP,0.0,WHO Triple Billion Indicators
293,2018,country,430,Liberia,HPOP,0.0,WHO Triple Billion Indicators
294,2018,country,430,Liberia,UHC,0.0,WHO Triple Billion Indicators
295,2018,country,434,Libya,HEP,0.0,WHO Triple Billion Indicators
296,2018,country,434,Libya,HPOP,0.0,WHO Triple Billion Indicators
297,2018,country,434,Libya,UHC,0.0,WHO Triple Billion Indicators
298,2018,country,440,Lithuania,HEP,0.0,WHO Triple Billion Indicators
299,2018,country,440,Lithuania,HPOP,0.0,WHO Triple Billion Indicators
300,2018,country,440,Lithuania,UHC,0.0,WHO Triple Billion Indicators
301,2018,country,442,Luxembourg,HEP,0.0,WHO Triple Billion Indicators
302,2018,country,442,Luxembourg,HPOP,0.0,WHO Triple Billion Indicators
303,2018,country,442,Luxembourg,UHC,0.0,WHO Triple Billion Indicators
304,2018,country,450,Madagascar,HEP,0.0,WHO Triple Billion Indicators
305,2018,country,450,Madagascar,HPOP,0.0,WHO Triple Billion Indicators
306,2018,country,450,Madagascar,UHC,0.0,WHO Triple Billion Indicators
307,2018,country,454,Malawi,HEP,0.0,WHO Triple Billion Indicators
308,2018,country,454,Malawi,HPOP,0.0,WHO Triple Billion Indicators
309,2018,country,454,Malawi,UHC,0.0,WHO Triple Billion Indicators
310,2018,country,458,Malaysia,HEP,0.0,WHO Triple Billion Indicators
311,2018,country,458,Malaysia,HPOP,0.0,WHO Triple Billion Indicators
312,2018,country,458,Malaysia,UHC,0.0,WHO Triple Billion Indicators
313,2018,country,462,Maldives,HEP,0.0,WHO Triple Billion Indicators
314,2018,country,462,Maldives,HPOP,0.0,WHO Triple Billion Indicators
315,2018,country,462,Maldives,UHC,0.0,WHO Triple Billion Indicators
316,2018,country,466,Mali,HEP,0.0,WHO Triple Billion Indicators
317,2018,country,466,Mali,HPOP,0.0,WHO Triple Billion Indicators
318,2018,country,466,Mali,UHC,0.0,WHO Triple Billion Indicators
319,2018,country,470,Malta,HEP,0.0,WHO Triple Billion Indicators
320,2018,country,470,Malta,HPOP,0.0,WHO Triple Billion Indicators
321,2018,country,470,Malta,UHC,0.0,WHO Triple Billion Indicators
322,2018,country,584,Marshall Islands,HEP,0.0,WHO Triple Billion Indicators
323,2018,country,584,Marshall Islands,HPOP,0.0,WHO Triple Billion Indicators
324,2018,country,584,Marshall Islands,UHC,0.0,WHO Triple Billion Indicators
325,2018,country,478,Mauritania,HEP,0.0,WHO Triple Billion Indicators
326,2018,country,478,Mauritania,HPOP,0.0,WHO Triple Billion Indicators
327,2018,country,478,Mauritania,UHC,0.0,WHO Triple Billion Indicators
328,2018,country,480,Mauritius,HEP,0.0,WHO Triple Billion Indicators
329,2018,country,480,Mauritius,HPOP,0.0,WHO Triple Billion Indicators
330,2018,country,480,Mauritius,UHC,0.0,WHO Triple Billion Indicators
331,2018,country,484,Mexico,HEP,0.0,WHO Triple Billion Indicators
332,2018,country,484,Mexico,HPOP,0.0,WHO Triple Billion Indicators
333,2018,country,484,Mexico,UHC,0.0,WHO Triple Billion Indicators
334,2018,country,583,Micronesia (Federated States of),HEP,0.0,WHO Triple Billion Indicators
335,2018,country,583,Micronesia (Federated States of),HPOP,0.0,WHO Triple Billion Indicators
336,2018,country,583,Micronesia (Federated States of),UHC,0.0,WHO Triple Billion Indicators
337,2018,country,492,Monaco,HEP,0.0,WHO Triple Billion Indicators
338,2018,country,492,Monaco,HPOP,0.0,WHO Triple Billion Indicators
339,2018,country,492,Monaco,UHC,0.0,WHO Triple Billion Indicators
340,2018,country,496,Mongolia,HEP,0.0,WHO Triple Billion Indicators
341,2018,country,496,Mongolia,HPOP,0.0,WHO Triple Billion Indicators
342,2018,country,496,Mongolia,UHC,0.0,WHO Triple Billion Indicators
343,2018,country,499,Montenegro,HEP,0.0,WHO Triple Billion Indicators
344,2018,country,499,Montenegro,HPOP,0.0,WHO Triple Billion Indicators
345,2018,country,499,Montenegro,UHC,0.0,WHO Triple Billion Indicators
346,2018,country,504,Morocco,HEP,0.0,WHO Triple Billion Indicators
347,2018,country,504,Morocco,HPOP,0.0,WHO Triple Billion Indicators
348,2018,country,504,Morocco,UHC,0.0,WHO Triple Billion Indicators
349,2018,country,508,Mozambique,HEP,0.0,WHO Triple Billion Indicators
350,2018,country,508,Mozambique,HPOP,0.0,WHO Triple Billion Indicators
351,2018,country,508,Mozambique,UHC,0.0,WHO Triple Billion Indicators
352,2018,country,104,Myanmar,HEP,0.0,WHO Triple Billion Indicators
353,2018,country,104,Myanmar,HPOP,0.0,WHO Triple Billion Indicators
354,2018,country,104,Myanmar,UHC,0.0,WHO Triple Billion Indicators
355,2018,country,516,Namibia,HEP,0.0,WHO Triple Billion Indicators
356,2018,country,516,Namibia,HPOP,0.0,WHO Triple Billion Indicators
357,2018,country,516,Namibia,UHC,0.0,WHO Triple Billion Indicators
358,2018,country,520,Nauru,HEP,0.0,WHO Triple Billion Indicators
359,2018,country,520,Nauru,HPOP,0.0,WHO Triple Billion Indicators
360,2018,country,520,Nauru,UHC,0.0,WHO Triple Billion Indicators
361,2018,country,524,Nepal,HEP,0.0,WHO Triple Billion Indicators
362,2018,country,524,Nepal,HPOP,0.0,WHO Triple Billion Indicators
363,2018,country,524,Nepal,UHC,0.0,WHO Triple Billion Indicators
364,2018,country,528,Netherlands (Kingdom of the),HEP,0.0,WHO Triple Billion Indicators
365,2018,country,528,Netherlands (Kingdom of the),HPOP,0.0,WHO Triple Billion Indicators
366,2018,country,528,Netherlands (Kingdom of the),UHC,0.0,WHO Triple Billion Indicators
367,2018,country,554,New Zealand,HEP,0.0,WHO Triple Billion Indicators
368,2018,country,554,New Zealand,HPOP,0.0,WHO Triple Billion Indicators
369,2018,country,554,New Zealand,UHC,0.0,WHO Triple Billion Indicators
370,2018,country,558,Nicaragua,HEP,0.0,WHO Triple Billion Indicators
371,2018,country,558,Nicaragua,HPOP,0.0,WHO Triple Billion Indicators
372,2018,country,558,Nicaragua,UHC,0.0,WHO Triple Billion Indicators
373,2018,country,562,Niger,HEP,0.0,WHO Triple Billion Indicators
374,2018,country,562,Niger,HPOP,0.0,WHO Triple Billion Indicators
375,2018,country,562,Niger,UHC,0.0,WHO Triple Billion Indicators
376,2018,country,566,Nigeria,HEP,0.0,WHO Triple Billion Indicators
377,2018,country,566,Nigeria,HPOP,0.0,WHO Triple Billion Indicators
378,2018,country,566,Nigeria,UHC,0.0,WHO Triple Billion Indicators
379,2018,country,570,Niue,HEP,0.0,WHO Triple Billion Indicators
380,2018,country,570,Niue,HPOP,0.0,WHO Triple Billion Indicators
381,2018,country,570,Niue,UHC,0.0,WHO Triple Billion Indicators
382,2018,country,807,North Macedonia,HEP,0.0,WHO Triple Billion Indicators
383,2018,country,807,North Macedonia,HPOP,0.0,WHO Triple Billion Indicators
384,2018,country,807,North Macedonia,UHC,0.0,WHO Triple Billion Indicators
385,2018,country,578,Norway,HEP,0.0,WHO Triple Billion Indicators
386,2018,country,578,Norway,HPOP,0.0,WHO Triple Billion Indicators
387,2018,country,578,Norway,UHC,0.0,WHO Triple Billion Indicators
388,2018,country,512,Oman,HEP,0.0,WHO Triple Billion Indicators
389,2018,country,512,Oman,HPOP,0.0,WHO Triple Billion Indicators
390,2018,country,512,Oman,UHC,0.0,WHO Triple Billion Indicators
391,2018,country,586,Pakistan,HEP,0.0,WHO Triple Billion Indicators
392,2018,country,586,Pakistan,HPOP,0.0,WHO Triple Billion Indicators
393,2018,country,586,Pakistan,UHC,0.0,WHO Triple Billion Indicators
394,2018,country,585,Palau,HEP,0.0,WHO Triple Billion Indicators
395,2018,country,585,Palau,HPOP,0.0,WHO Triple Billion Indicators
396,2018,country,585,Palau,UHC,0.0,WHO Triple Billion Indicators
397,2018,country,591,Panama,HEP,0.0,WHO Triple Billion Indicators
398,2018,country,591,Panama,HPOP,0.0,WHO Triple Billion Indicators
399,2018,country,591,Panama,UHC,0.0,WHO Triple Billion Indicators
400,2018,country,598,Papua New Guinea,HEP,0.0,WHO Triple Billion Indicators
401,2018,country,598,Papua New Guinea,HPOP,0.0,WHO Triple Billion Indicators
402,2018,country,598,Papua New Guinea,UHC,0.0,WHO Triple Billion Indicators
403,2018,country,600,Paraguay,HEP,0.0,WHO Triple Billion Indicators
404,2018,country,600,Paraguay,HPOP,0.0,WHO Triple Billion Indicators
405,2018,country,600,Paraguay,UHC,0.0,WHO Triple Billion Indicators
406,2018,country,604,Peru,HEP,0.0,WHO Triple Billion Indicators
407,2018,country,604,Peru,HPOP,0.0,WHO Triple Billion Indicators
408,2018,country,604,Peru,UHC,0.0,WHO Triple Billion Indicators
409,2018,country,608,Philippines,HEP,0.0,WHO Triple Billion Indicators
410,2018,country,608,Philippines,HPOP,0.0,WHO Triple Billion Indicators
411,2018,country,608,Philippines,UHC,0.0,WHO Triple Billion Indicators
412,2018,country,616,Poland,HEP,0.0,WHO Triple Billion Indicators
413,2018,country,616,Poland,HPOP,0.0,WHO Triple Billion Indicators
414,2018,country,616,Poland,UHC,0.0,WHO Triple Billion Indicators
415,2018,country,620,Portugal,HEP,0.0,WHO Triple Billion Indicators
416,2018,country,620,Portugal,HPOP,0.0,WHO Triple Billion Indicators
417,2018,country,620,Portugal,UHC,0.0,WHO Triple Billion Indicators
418,2018,country,634,Qatar,HEP,0.0,WHO Triple Billion Indicators
419,2018,country,634,Qatar,HPOP,0.0,WHO Triple Billion Indicators
420,2018,country,634,Qatar,UHC,0.0,WHO Triple Billion Indicators
421,2018,country,410,Republic of Korea,HEP,0.0,WHO Triple Billion Indicators
422,2018,country,410,Republic of Korea,HPOP,0.0,WHO Triple Billion Indicators
423,2018,country,410,Republic of Korea,UHC,0.0,WHO Triple Billion Indicators
424,2018,country,498,Republic of Moldova,HEP,0.0,WHO Triple Billion Indicators
425,2018,country,498,Republic of Moldova,HPOP,0.0,WHO Triple Billion Indicators
426,2018,country,498,Republic of Moldova,UHC,0.0,WHO Triple Billion Indicators
427,2018,country,642,Romania,HEP,0.0,WHO Triple Billion Indicators
428,2018,country,642,Romania,HPOP,0.0,WHO Triple Billion Indicators
429,2018,country,642,Romania,UHC,0.0,WHO Triple Billion Indicators
430,2018,country,643,Russian Federation,HEP,0.0,WHO Triple Billion Indicators
431,2018,country,643,Russian Federation,HPOP,0.0,WHO Triple Billion Indicators
432,2018,country,643,Russian Federation,UHC,0.0,WHO Triple Billion Indicators
433,2018,country,646,Rwanda,HEP,0.0,WHO Triple Billion Indicators
434,2018,country,646,Rwanda,HPOP,0.0,WHO Triple Billion Indicators
435,2018,country,646,Rwanda,UHC,0.0,WHO Triple Billion Indicators
436,2018,country,659,Saint Kitts and Nevis,HEP,0.0,WHO Triple Billion Indicators
437,2018,country,659,Saint Kitts and Nevis,HPOP,0.0,WHO Triple Billion Indicators
438,2018,country,659,Saint Kitts and Nevis,UHC,0.0,WHO Triple Billion Indicators
439,2018,country,662,Saint Lucia,HEP,0.0,WHO Triple Billion Indicators
440,2018,country,662,Saint Lucia,HPOP,0.0,WHO Triple Billion Indicators
441,2018,country,662,Saint Lucia,UHC,0.0,WHO Triple Billion Indicators
442,2018,country,670,Saint Vincent and the Grenadines,HEP,0.0,WHO Triple Billion Indicators
443,2018,country,670,Saint Vincent and the Grenadines,HPOP,0.0,WHO Triple Billion Indicators
444,2018,country,670,Saint Vincent and the Grenadines,UHC,0.0,WHO Triple Billion Indicators
445,2018,country,882,Samoa,HEP,0.0,WHO Triple Billion Indicators
446,2018,country,882,Samoa,HPOP,0.0,WHO Triple Billion Indicators
447,2018,country,882,Samoa,UHC,0.0,WHO Triple Billion Indicators
448,2018,country,674,San Marino,HEP,0.0,WHO Triple Billion Indicators
449,2018,country,674,San Marino,HPOP,0.0,WHO Triple Billion Indicators
450,2018,country,674,San Marino,UHC,0.0,WHO Triple Billion Indicators
451,2018,country,678,Sao Tome and Principe,HEP,0.0,WHO Triple Billion Indicators
452,2018,country,678,Sao Tome and Principe,HPOP,0.0,WHO Triple Billion Indicators
453,2018,country,678,Sao Tome and Principe,UHC,0.0,WHO Triple Billion Indicators
454,2018,country,682,Saudi Arabia,HEP,0.0,WHO Triple Billion Indicators
455,2018,country,682,Saudi Arabia,HPOP,0.0,WHO Triple Billion Indicators
456,2018,country,682,Saudi Arabia,UHC,0.0,WHO Triple Billion Indicators
457,2018,country,686,Senegal,HEP,0.0,WHO Triple Billion Indicators
458,2018,country,686,Senegal,HPOP,0.0,WHO Triple Billion Indicators
459,2018,country,686,Senegal,UHC,0.0,WHO Triple Billion Indicators
460,2018,country,688,Serbia,HEP,0.0,WHO Triple Billion Indicators
461,2018,country,688,Serbia,HPOP,0.0,WHO Triple Billion Indicators
462,2018,country,688,Serbia,UHC,0.0,WHO Triple Billion Indicators
463,2018,country,690,Seychelles,HEP,0.0,WHO Triple Billion Indicators
464,2018,country,690,Seychelles,HPOP,0.0,WHO Triple Billion Indicators
465,2018,country,690,Seychelles,UHC,0.0,WHO Triple Billion Indicators
466,2018,country,694,Sierra Leone,HEP,0.0,WHO Triple Billion Indicators
467,2018,country,694,Sierra Leone,HPOP,0.0,WHO Triple Billion Indicators
468,2018,country,694,Sierra Leone,UHC,0.0,WHO Triple Billion Indicators
469,2018,country,702,Singapore,HEP,0.0,WHO Triple Billion Indicators
470,2018,country,702,Singapore,HPOP,0.0,WHO Triple Billion Indicators
471,2018,country,702,Singapore,UHC,0.0,WHO Triple Billion Indicators
472,2018,country,703,Slovakia,HEP,0.0,WHO Triple Billion Indicators
473,2018,country,703,Slovakia,HPOP,0.0,WHO Triple Billion Indicators
474,2018,country,703,Slovakia,UHC,0.0,WHO Triple Billion Indicators
475,2018,country,705,Slovenia,HEP,0.0,WHO Triple Billion Indicators
476,2018,country,705,Slovenia,HPOP,0.0,WHO Triple Billion Indicators
477,2018,country,705,Slovenia,UHC,0.0,WHO Triple Billion Indicators
478,2018,country,90,Solomon Islands,HEP,0.0,WHO Triple Billion Indicators
479,2018,country,90,Solomon Islands,HPOP,0.0,WHO Triple Billion Indicators
480,2018,country,90,Solomon Islands,UHC,0.0,WHO Triple Billion Indicators
481,2018,country,706,Somalia,HEP,0.0,WHO Triple Billion Indicators
482,2018,country,706,Somalia,HPOP,0.0,WHO Triple Billion Indicators
483,2018,country,706,Somalia,UHC,0.0,WHO Triple Billion Indicators
484,2018,country,710,South Africa,HEP,0.0,WHO Triple Billion Indicators
485,2018,country,710,South Africa,HPOP,0.0,WHO Triple Billion Indicators
486,2018,country,710,South Africa,UHC,0.0,WHO Triple Billion Indicators
487,2018,country,728,South Sudan,HEP,0.0,WHO Triple Billion Indicators
488,2018,country,728,South Sudan,HPOP,0.0,WHO Triple Billion Indicators
489,2018,country,728,South Sudan,UHC,0.0,WHO Triple Billion Indicators
490,2018,country,724,Spain,HEP,0.0,WHO Triple Billion Indicators
491,2018,country,724,Spain,HPOP,0.0,WHO Triple Billion Indicators
492,2018,country,724,Spain,UHC,0.0,WHO Triple Billion Indicators
493,2018,country,144,Sri Lanka,HEP,0.0,WHO Triple Billion Indicators
494,2018,country,144,Sri Lanka,HPOP,0.0,WHO Triple Billion Indicators
495,2018,country,144,Sri Lanka,UHC,0.0,WHO Triple Billion Indicators
496,2018,country,729,Sudan,HEP,0.0,WHO Triple Billion Indicators
497,2018,country,729,Sudan,HPOP,0.0,WHO Triple Billion Indicators
498,2018,country,729,Sudan,UHC,0.0,WHO Triple Billion Indicators
499,2018,country,740,Suriname,HEP,0.0,WHO Triple Billion Indicators
500,2018,country,740,Suriname,HPOP,0.0,WHO Triple Billion Indicators
501,2018,country,740,Suriname,UHC,0.0,WHO Triple Billion Indicators
502,2018,country,752,Sweden,HEP,0.0,WHO Triple Billion Indicators
503,2018,country,752,Sweden,HPOP,0.0,WHO Triple Billion Indicators
504,2018,country,752,Sweden,UHC,0.0,WHO Triple Billion Indicators
505,2018,country,756,Switzerland,HEP,0.0,WHO Triple Billion Indicators
506,2018,country,756,Switzerland,HPOP,0.0,WHO Triple Billion Indicators
507,2018,country,756,Switzerland,UHC,0.0,WHO Triple Billion Indicators
508,2018,country,760,Syrian Arab Republic,HEP,0.0,WHO Triple Billion Indicators
509,2018,country,760,Syrian Arab Republic,HPOP,0.0,WHO Triple Billion Indicators
510,2018,country,760,Syrian Arab Republic,UHC,0.0,WHO Triple Billion Indicators
511,2018,country,762,Tajikistan,HEP,0.0,WHO Triple Billion Indicators
512,2018,country,762,Tajikistan,HPOP,0.0,WHO Triple Billion Indicators
513,2018,country,762,Tajikistan,UHC,0.0,WHO Triple Billion Indicators
514,2018,country,764,Thailand,HEP,0.0,WHO Triple Billion Indicators
515,2018,country,764,Thailand,HPOP,0.0,WHO Triple Billion Indicators
516,2018,country,764,Thailand,UHC,0.0,WHO Triple Billion Indicators
517,2018,country,626,Timor-Leste,HEP,0.0,WHO Triple Billion Indicators
518,2018,country,626,Timor-Leste,HPOP,0.0,WHO Triple Billion Indicators
519,2018,country,626,Timor-Leste,UHC,0.0,WHO Triple Billion Indicators
520,2018,country,768,Togo,HEP,0.0,WHO Triple Billion Indicators
521,2018,country,768,Togo,HPOP,0.0,WHO Triple Billion Indicators
522,2018,country,768,Togo,UHC,0.0,WHO Triple Billion Indicators
523,2018,country,776,Tonga,HEP,0.0,WHO Triple Billion Indicators
524,2018,country,776,Tonga,HPOP,0.0,WHO Triple Billion Indicators
525,2018,country,776,Tonga,UHC,0.0,WHO Triple Billion Indicators
526,2018,country,780,Trinidad and Tobago,HEP,0.0,WHO Triple Billion Indicators
527,2018,country,780,Trinidad and Tobago,HPOP,0.0,WHO Triple Billion Indicators
528,2018,country,780,Trinidad and Tobago,UHC,0.0,WHO Triple Billion Indicators
529,2018,country,788,Tunisia,HEP,0.0,WHO Triple Billion Indicators
530,2018,country,788,Tunisia,HPOP,0.0,WHO Triple Billion Indicators
531,2018,country,788,Tunisia,UHC,0.0,WHO Triple Billion Indicators
532,2018,country,795,Turkmenistan,HEP,0.0,WHO Triple Billion Indicators
533,2018,country,795,Turkmenistan,HPOP,0.0,WHO Triple Billion Indicators
534,2018,country,795,Turkmenistan,UHC,0.0,WHO Triple Billion Indicators
535,2018,country,798,Tuvalu,HEP,0.0,WHO Triple Billion Indicators
536,2018,country,798,Tuvalu,HPOP,0.0,WHO Triple Billion Indicators
537,2018,country,798,Tuvalu,UHC,0.0,WHO Triple Billion Indicators
538,2018,country,792,Türkiye,HEP,0.0,WHO Triple Billion Indicators
539,2018,country,792,Türkiye,HPOP,0.0,WHO Triple Billion Indicators
540,2018,country,792,Türkiye,UHC,0.0,WHO Triple Billion Indicators
541,2018,country,800,Uganda,HEP,0.0,WHO Triple Billion Indicators
542,2018,country,800,Uganda,HPOP,0.0,WHO Triple Billion Indicators
543,2018,country,800,Uganda,UHC,0.0,WHO Triple Billion Indicators
544,2018,country,804,Ukraine,HEP,0.0,WHO Triple Billion Indicators
545,2018,country,804,Ukraine,HPOP,0.0,WHO Triple Billion Indicators
546,2018,country,804,Ukraine,UHC,0.0,WHO Triple Billion Indicators
547,2018,country,784,United Arab Emirates,HEP,0.0,WHO Triple Billion Indicators
548,2018,country,784,United Arab Emirates,HPOP,0.0,WHO Triple Billion Indicators
549,2018,country,784,United Arab Emirates,UHC,0.0,WHO Triple Billion Indicators
550,2018,country,826,United Kingdom of Great Britain and Northern Ireland,HEP,0.0,WHO Triple Billion Indicators
551,2018,country,826,United Kingdom of Great Britain and Northern Ireland,HPOP,0.0,WHO Triple Billion Indicators
552,2018,country,826,United Kingdom of Great Britain and Northern Ireland,UHC,0.0,WHO Triple Billion Indicators
553,2018,country,834,United Republic of Tanzania,HEP,0.0,WHO Triple Billion Indicators
554,2018,country,834,United Republic of Tanzania,HPOP,0.0,WHO Triple Billion Indicators
555,2018,country,834,United Republic of Tanzania,UHC,0.0,WHO Triple Billion Indicators
556,2018,country,840,United States of America,HEP,0.0,WHO Triple Billion Indicators
557,2018,country,840,United States of America,HPOP,0.0,WHO Triple Billion Indicators
558,2018,country,840,United States of America,UHC,0.0,WHO Triple Billion Indicators
559,2018,country,858,Uruguay,HEP,0.0,WHO Triple Billion Indicators
560,2018,country,858,Uruguay,HPOP,0.0,WHO Triple Billion Indicators
561,2018,country,858,Uruguay,UHC,0.0,WHO Triple Billion Indicators
562,2018,country,860,Uzbekistan,HEP,0.0,WHO Triple Billion Indicators
563,2018,country,860,Uzbekistan,HPOP,0.0,WHO Triple Billion Indicators
564,2018,country,860,Uzbekistan,UHC,0.0,WHO Triple Billion Indicators
565,2018,country,548,Vanuatu,HEP,0.0,WHO Triple Billion Indicators
566,2018,country,548,Vanuatu,HPOP,0.0,WHO Triple Billion Indicators
567,2018,country,548,Vanuatu,UHC,0.0,WHO Triple Billion Indicators
568,2018,country,862,Venezuela (Bolivarian Republic of),HEP,0.0,WHO Triple Billion Indicators
569,2018,country,862,Venezuela (Bolivarian Republic of),HPOP,0.0,WHO Triple Billion Indicators
570,2018,country,862,Venezuela (Bolivarian Republic of),UHC,0.0,WHO Triple Billion Indicators
571,2018,country,704,Viet Nam,HEP,0.0,WHO Triple Billion Indicators
572,2018,country,704,Viet Nam,HPOP,0.0,WHO Triple Billion Indicators
573,2018,country,704,Viet Nam,UHC,0.0,WHO Triple Billion Indicators
574,2018,country,887,Yemen,HEP,0.0,WHO Triple Billion Indicators
575,2018,country,887,Yemen,HPOP,0.0,WHO Triple Billion Indicators
576,2018,country,887,Yemen,UHC,0.0,WHO Triple Billion Indicators
577,2018,country,894,Zambia,HEP,0.0,WHO Triple Billion Indicators
578,2018,country,894,Zambia,HPOP,0.0,WHO Triple Billion Indicators
579,2018,country,894,Zambia,UHC,0.0,WHO Triple Billion Indicators
580,2018,country,716,Zimbabwe,HEP,0.0,WHO Triple Billion Indicators
581,2018,country,716,Zimbabwe,HPOP,0.0,WHO Triple Billion Indicators
582,2018,country,716,Zimbabwe,UHC,0.0,WHO Triple Billion Indicators
583,2018,global,1,World,HEP,0.0,WHO Triple Billion Indicators
584,2018,global,1,World,HPOP,0.0,WHO Triple Billion Indicators
585,2018,global,1,World,UHC,0.0,WHO Triple Billion Indicators
586,2018,who_region,953,Africa,HEP,0.0,WHO Triple Billion Indicators
587,2018,who_region,953,Africa,HPOP,0.0,WHO Triple Billion Indicators
588,2018,who_region,953,Africa,UHC,0.0,WHO Triple Billion Indicators
589,2018,who_region,954,Americas,HEP,0.0,WHO Triple Billion Indicators
590,2018,who_region,954,Americas,HPOP,0.0,WHO Triple Billion Indicators
591,2018,who_region,954,Americas,UHC,0.0,WHO Triple Billion Indicators
592,2018,who_region,957,Eastern Mediterranean,HEP,0.0,WHO Triple Billion Indicators
593,2018,who_region,957,Eastern Mediterranean,HPOP,0.0,WHO Triple Billion Indicators
594,2018,who_region,957,Eastern Mediterranean,UHC,0.0,WHO Triple Billion Indicators
595,2018,who_region,956,Europe,HEP,0.0,WHO Triple Billion Indicators
596,2018,who_region,956,Europe,HPOP,0.0,WHO Triple Billion Indicators
597,2018,who_region,956,Europe,UHC,0.0,WHO Triple Billion Indicators
598,2018,who_region,955,South-East Asia,HEP,0.0,WHO Triple Billion Indicators
599,2018,who_region,955,South-East Asia,HPOP,0.0,WHO Triple Billion Indicators
600,2018,who_region,955,South-East Asia,UHC,0.0,WHO Triple Billion Indicators
601,2018,who_region,958,Western Pacific,HEP,0.0,WHO Triple Billion Indicators
602,2018,who_region,958,Western Pacific,HPOP,0.0,WHO Triple Billion Indicators
603,2018,who_region,958,Western Pacific,UHC,0.0,WHO Triple Billion Indicators
604,2019,country,4,Afghanistan,HEP,1780631.72,WHO Triple Billion Indicators
605,2019,country,4,Afghanistan,HPOP,4274279.084729,WHO Triple Billion Indicators
606,2019,country,4,Afghanistan,UHC,194938.73054299995,WHO Triple Billion Indicators
607,2019,country,8,Albania,HEP,14108.13,WHO Triple Billion Indicators
608,2019,country,8,Albania,HPOP,192990.7918166,WHO Triple Billion Indicators
609,2019,country,8,Albania,UHC,35567.6361829,WHO Triple Billion Indicators
610,2019,country,12,Algeria,HEP,1173050.775,WHO Triple Billion Indicators
611,2019,country,12,Algeria,HPOP,-517918.54343200003,WHO Triple Billion Indicators
612,2019,country,12,Algeria,UHC,9286.309577000058,WHO Triple Billion Indicators
613,2019,country,20,Andorra,HEP,2417.34,WHO Triple Billion Indicators
614,2019,country,20,Andorra,HPOP,3944.032145517,WHO Triple Billion Indicators
615,2019,country,20,Andorra,UHC,1077.97917767,WHO Triple Billion Indicators
616,2019,country,24,Angola,HEP,2206758.1566999997,WHO Triple Billion Indicators
617,2019,country,24,Angola,HPOP,-452600.209013,WHO Triple Billion Indicators
618,2019,country,24,Angola,UHC,778192.4007429001,WHO Triple Billion Indicators
619,2019,country,28,Antigua and Barbuda,HEP,2224.11,WHO Triple Billion Indicators
620,2019,country,28,Antigua and Barbuda,HPOP,1030.2446671909997,WHO Triple Billion Indicators
621,2019,country,28,Antigua and Barbuda,UHC,2586.161905768,WHO Triple Billion Indicators
622,2019,country,32,Argentina,HEP,-772292.0,WHO Triple Billion Indicators
623,2019,country,32,Argentina,HPOP,237319.878106,WHO Triple Billion Indicators
624,2019,country,32,Argentina,UHC,61158.22881599996,WHO Triple Billion Indicators
625,2019,country,51,Armenia,HEP,27770.03,WHO Triple Billion Indicators
626,2019,country,51,Armenia,HPOP,100328.9700982,WHO Triple Billion Indicators
627,2019,country,51,Armenia,UHC,-64120.1528111,WHO Triple Billion Indicators
628,2019,country,36,Australia,HEP,1078322.16,WHO Triple Billion Indicators
629,2019,country,36,Australia,HPOP,-567366.440181,WHO Triple Billion Indicators
630,2019,country,36,Australia,UHC,515458.37469873,WHO Triple Billion Indicators
631,2019,country,40,Austria,HEP,1214206.605,WHO Triple Billion Indicators
632,2019,country,40,Austria,HPOP,160985.32217894998,WHO Triple Billion Indicators
633,2019,country,40,Austria,UHC,315519.346068178,WHO Triple Billion Indicators
634,2019,country,31,Azerbaijan,HEP,525476.75,WHO Triple Billion Indicators
635,2019,country,31,Azerbaijan,HPOP,332478.9501989,WHO Triple Billion Indicators
636,2019,country,31,Azerbaijan,UHC,198795.71184372998,WHO Triple Billion Indicators
637,2019,country,44,Bahamas,HEP,35512.15,WHO Triple Billion Indicators
638,2019,country,44,Bahamas,HPOP,12093.742825633,WHO Triple Billion Indicators
639,2019,country,44,Bahamas,UHC,7076.1473961,WHO Triple Billion Indicators
640,2019,country,48,Bahrain,HEP,-45350.28,WHO Triple Billion Indicators
641,2019,country,48,Bahrain,HPOP,29527.744431069998,WHO Triple Billion Indicators
642,2019,country,48,Bahrain,UHC,46611.252044400004,WHO Triple Billion Indicators
643,2019,country,50,Bangladesh,HEP,23016721.72278,WHO Triple Billion Indicators
644,2019,country,50,Bangladesh,HPOP,14089283.147184,WHO Triple Billion Indicators
645,2019,country,50,Bangladesh,UHC,1740372.9061299998,WHO Triple Billion Indicators
646,2019,country,52,Barbados,HEP,10549.653333,WHO Triple Billion Indicators
647,2019,country,52,Barbados,HPOP,9197.659187307001,WHO Triple Billion Indicators
648,2019,country,52,Barbados,UHC,2592.20278929,WHO Triple Billion Indicators
649,2019,country,112,Belarus,HEP,47062.7,WHO Triple Billion Indicators
650,2019,country,112,Belarus,HPOP,121810.8465348,WHO Triple Billion Indicators
651,2019,country,112,Belarus,UHC,216924.38261073,WHO Triple Billion Indicators
652,2019,country,56,Belgium,HEP,469780.84,WHO Triple Billion Indicators
653,2019,country,56,Belgium,HPOP,274947.5059132,WHO Triple Billion Indicators
654,2019,country,56,Belgium,UHC,278885.444454513,WHO Triple Billion Indicators
655,2019,country,84,Belize,HEP,33795.2,WHO Triple Billion Indicators
656,2019,country,84,Belize,HPOP,-7210.88158311,WHO Triple Billion Indicators
657,2019,country,84,Belize,UHC,2983.7999243560007,WHO Triple Billion Indicators
658,2019,country,204,Benin,HEP,271104.21855,WHO Triple Billion Indicators
659,2019,country,204,Benin,HPOP,130371.94765700001,WHO Triple Billion Indicators
660,2019,country,204,Benin,UHC,85239.77788249998,WHO Triple Billion Indicators
661,2019,country,64,Bhutan,HEP,47840.1,WHO Triple Billion Indicators
662,2019,country,64,Bhutan,HPOP,56785.421635619,WHO Triple Billion Indicators
663,2019,country,64,Bhutan,UHC,17319.2909243,WHO Triple Billion Indicators
664,2019,country,68,Bolivia (Plurinational State of),HEP,-331399.848,WHO Triple Billion Indicators
665,2019,country,68,Bolivia (Plurinational State of),HPOP,4652.101309200001,WHO Triple Billion Indicators
666,2019,country,68,Bolivia (Plurinational State of),UHC,85197.43444900001,WHO Triple Billion Indicators
667,2019,country,70,Bosnia and Herzegovina,HEP,31815.57,WHO Triple Billion Indicators
668,2019,country,70,Bosnia and Herzegovina,HPOP,232772.3769984,WHO Triple Billion Indicators
669,2019,country,70,Bosnia and Herzegovina,UHC,-44273.26996678,WHO Triple Billion Indicators
670,2019,country,72,Botswana,HEP,110533.52,WHO Triple Billion Indicators
671,2019,country,72,Botswana,HPOP,14258.1589684,WHO Triple Billion Indicators
672,2019,country,72,Botswana,UHC,-9325.48023860001,WHO Triple Billion Indicators
673,2019,country,76,Brazil,HEP,8838742.244,WHO Triple Billion Indicators
674,2019,country,76,Brazil,HPOP,3587661.9231899995,WHO Triple Billion Indicators
675,2019,country,76,Brazil,UHC,-5206094.52056,WHO Triple Billion Indicators
676,2019,country,96,Brunei Darussalam,HEP,-4335.425,WHO Triple Billion Indicators
677,2019,country,96,Brunei Darussalam,HPOP,-831.1438743900001,WHO Triple Billion Indicators
678,2019,country,96,Brunei Darussalam,UHC,-4554.521199553,WHO Triple Billion Indicators
679,2019,country,100,Bulgaria,HEP,623693.0499999999,WHO Triple Billion Indicators
680,2019,country,100,Bulgaria,HPOP,253427.58505189998,WHO Triple Billion Indicators
681,2019,country,100,Bulgaria,UHC,407424.60376445,WHO Triple Billion Indicators
682,2019,country,854,Burkina Faso,HEP,3665538.75,WHO Triple Billion Indicators
683,2019,country,854,Burkina Faso,HPOP,489188.7261044,WHO Triple Billion Indicators
684,2019,country,854,Burkina Faso,UHC,497877.69489999994,WHO Triple Billion Indicators
685,2019,country,108,Burundi,HEP,3626516.4,WHO Triple Billion Indicators
686,2019,country,108,Burundi,HPOP,-15886.4203854,WHO Triple Billion Indicators
687,2019,country,108,Burundi,UHC,201699.5060744,WHO Triple Billion Indicators
688,2019,country,132,Cabo Verde,HEP,18306.27,WHO Triple Billion Indicators
689,2019,country,132,Cabo Verde,HPOP,7041.83267239,WHO Triple Billion Indicators
690,2019,country,132,Cabo Verde,UHC,11481.9960582,WHO Triple Billion Indicators
691,2019,country,116,Cambodia,HEP,951144.26,WHO Triple Billion Indicators
692,2019,country,116,Cambodia,HPOP,1020963.8088860001,WHO Triple Billion Indicators
693,2019,country,116,Cambodia,UHC,324710.069577,WHO Triple Billion Indicators
694,2019,country,120,Cameroon,HEP,2635832.6720000003,WHO Triple Billion Indicators
695,2019,country,120,Cameroon,HPOP,442672.90658,WHO Triple Billion Indicators
696,2019,country,120,Cameroon,UHC,462552.438423,WHO Triple Billion Indicators
697,2019,country,124,Canada,HEP,1774415.1149999998,WHO Triple Billion Indicators
698,2019,country,124,Canada,HPOP,771748.577991,WHO Triple Billion Indicators
699,2019,country,124,Canada,UHC,809268.3325871,WHO Triple Billion Indicators
700,2019,country,140,Central African Republic,HEP,373223.47126699996,WHO Triple Billion Indicators
701,2019,country,140,Central African Republic,HPOP,-66749.9991037,WHO Triple Billion Indicators
702,2019,country,140,Central African Republic,UHC,49009.758386258,WHO Triple Billion Indicators
703,2019,country,148,Chad,HEP,1643712.2732000002,WHO Triple Billion Indicators
704,2019,country,148,Chad,HPOP,457427.103296,WHO Triple Billion Indicators
705,2019,country,148,Chad,UHC,4235.155401699983,WHO Triple Billion Indicators
706,2019,country,152,Chile,HEP,1247053.79,WHO Triple Billion Indicators
707,2019,country,152,Chile,HPOP,110819.8097893,WHO Triple Billion Indicators
708,2019,country,152,Chile,UHC,-464678.44217400014,WHO Triple Billion Indicators
709,2019,country,156,China,HEP,14243819.24,WHO Triple Billion Indicators
710,2019,country,156,China,HPOP,109750686.93809,WHO Triple Billion Indicators
711,2019,country,156,China,UHC,27761829.130769998,WHO Triple Billion Indicators
712,2019,country,170,Colombia,HEP,2455167.0267,WHO Triple Billion Indicators
713,2019,country,170,Colombia,HPOP,658864.135212,WHO Triple Billion Indicators
714,2019,country,170,Colombia,UHC,-23902.04076100006,WHO Triple Billion Indicators
715,2019,country,174,Comoros,HEP,79476.75,WHO Triple Billion Indicators
716,2019,country,174,Comoros,HPOP,9719.700299310001,WHO Triple Billion Indicators
717,2019,country,174,Comoros,UHC,13574.741634393002,WHO Triple Billion Indicators
718,2019,country,178,Congo,HEP,-726833.12798,WHO Triple Billion Indicators
719,2019,country,178,Congo,HPOP,118210.40262048,WHO Triple Billion Indicators
720,2019,country,178,Congo,UHC,118861.5190654,WHO Triple Billion Indicators
721,2019,country,184,Cook Islands,HEP,427.54999999999995,WHO Triple Billion Indicators
722,2019,country,184,Cook Islands,HPOP,-878.263853039,WHO Triple Billion Indicators
723,2019,country,184,Cook Islands,UHC,-612.5956596020001,WHO Triple Billion Indicators
724,2019,country,188,Costa Rica,HEP,448816.915,WHO Triple Billion Indicators
725,2019,country,188,Costa Rica,HPOP,47999.155767455,WHO Triple Billion Indicators
726,2019,country,188,Costa Rica,UHC,168667.6227643,WHO Triple Billion Indicators
727,2019,country,191,Croatia,HEP,198219.59999999945,WHO Triple Billion Indicators
728,2019,country,191,Croatia,HPOP,133631.837986251,WHO Triple Billion Indicators
729,2019,country,191,Croatia,UHC,54172.03936395,WHO Triple Billion Indicators
730,2019,country,192,Cuba,HEP,-2007473.5799999998,WHO Triple Billion Indicators
731,2019,country,192,Cuba,HPOP,145450.3499476,WHO Triple Billion Indicators
732,2019,country,192,Cuba,UHC,-378575.856242,WHO Triple Billion Indicators
733,2019,country,196,Cyprus,HEP,-31912.7,WHO Triple Billion Indicators
734,2019,country,196,Cyprus,HPOP,12390.726690319998,WHO Triple Billion Indicators
735,2019,country,196,Cyprus,UHC,24224.60114643,WHO Triple Billion Indicators
736,2019,country,203,Czechia,HEP,-52549.82500000001,WHO Triple Billion Indicators
737,2019,country,203,Czechia,HPOP,386546.46825089003,WHO Triple Billion Indicators
738,2019,country,203,Czechia,UHC,80461.200160353,WHO Triple Billion Indicators
739,2019,country,384,Côte d'Ivoire,HEP,2752689.243,WHO Triple Billion Indicators
740,2019,country,384,Côte d'Ivoire,HPOP,1499237.8916337,WHO Triple Billion Indicators
741,2019,country,384,Côte d'Ivoire,UHC,-158141.9335694,WHO Triple Billion Indicators
742,2019,country,408,Democratic People's Republic of Korea,HEP,1447595.8199999998,WHO Triple Billion Indicators
743,2019,country,408,Democratic People's Republic of Korea,HPOP,476238.684169,WHO Triple Billion Indicators
744,2019,country,408,Democratic People's Republic of Korea,UHC,400483.574366382,WHO Triple Billion Indicators
745,2019,country,180,Democratic Republic of the Congo,HEP,3564207.3313,WHO Triple Billion Indicators
746,2019,country,180,Democratic Republic of the Congo,HPOP,-617043.501634,WHO Triple Billion Indicators
747,2019,country,180,Democratic Republic of the Congo,UHC,1317890.730652,WHO Triple Billion Indicators
748,2019,country,208,Denmark,HEP,-29842.335,WHO Triple Billion Indicators
749,2019,country,208,Denmark,HPOP,45897.52018980001,WHO Triple Billion Indicators
750,2019,country,208,Denmark,UHC,26324.429783,WHO Triple Billion Indicators
751,2019,country,262,Djibouti,HEP,-70095.42,WHO Triple Billion Indicators
752,2019,country,262,Djibouti,HPOP,16801.56794787,WHO Triple Billion Indicators
753,2019,country,262,Djibouti,UHC,-7695.627350199999,WHO Triple Billion Indicators
754,2019,country,212,Dominica,HEP,7736.924999999999,WHO Triple Billion Indicators
755,2019,country,212,Dominica,HPOP,2627.693376422,WHO Triple Billion Indicators
756,2019,country,212,Dominica,UHC,1412.869565364,WHO Triple Billion Indicators
757,2019,country,214,Dominican Republic,HEP,1672161.895,WHO Triple Billion Indicators
758,2019,country,214,Dominican Republic,HPOP,-26782.499674799998,WHO Triple Billion Indicators
759,2019,country,214,Dominican Republic,UHC,204020.713619,WHO Triple Billion Indicators
760,2019,country,218,Ecuador,HEP,1051924.3,WHO Triple Billion Indicators
761,2019,country,218,Ecuador,HPOP,-103464.767987,WHO Triple Billion Indicators
762,2019,country,218,Ecuador,UHC,490547.027838,WHO Triple Billion Indicators
763,2019,country,818,Egypt,HEP,5232395.925,WHO Triple Billion Indicators
764,2019,country,818,Egypt,HPOP,-886664.248427,WHO Triple Billion Indicators
765,2019,country,818,Egypt,UHC,699636.9902710001,WHO Triple Billion Indicators
766,2019,country,222,El Salvador,HEP,867540.915,WHO Triple Billion Indicators
767,2019,country,222,El Salvador,HPOP,98819.89259135,WHO Triple Billion Indicators
768,2019,country,222,El Salvador,UHC,106877.3873683,WHO Triple Billion Indicators
769,2019,country,226,Equatorial Guinea,HEP,0.0,WHO Triple Billion Indicators
770,2019,country,226,Equatorial Guinea,HPOP,11190.549245870001,WHO Triple Billion Indicators
771,2019,country,226,Equatorial Guinea,UHC,11780.99340868,WHO Triple Billion Indicators
772,2019,country,232,Eritrea,HEP,1761571.7449999999,WHO Triple Billion Indicators
773,2019,country,232,Eritrea,HPOP,19520.7838148,WHO Triple Billion Indicators
774,2019,country,232,Eritrea,UHC,31066.448790527,WHO Triple Billion Indicators
775,2019,country,233,Estonia,HEP,0.0,WHO Triple Billion Indicators
776,2019,country,233,Estonia,HPOP,22431.274641070002,WHO Triple Billion Indicators
777,2019,country,233,Estonia,UHC,-325.86803691299997,WHO Triple Billion Indicators
778,2019,country,748,Eswatini,HEP,-405445.04329999996,WHO Triple Billion Indicators
779,2019,country,748,Eswatini,HPOP,10291.478242999998,WHO Triple Billion Indicators
780,2019,country,748,Eswatini,UHC,16520.70808868,WHO Triple Billion Indicators
781,2019,country,231,Ethiopia,HEP,10780911.163,WHO Triple Billion Indicators
782,2019,country,231,Ethiopia,HPOP,2488012.561864,WHO Triple Billion Indicators
783,2019,country,231,Ethiopia,UHC,2092512.132442,WHO Triple Billion Indicators
784,2019,country,242,Fiji,HEP,28499.760000000002,WHO Triple Billion Indicators
785,2019,country,242,Fiji,HPOP,19492.0520844,WHO Triple Billion Indicators
786,2019,country,242,Fiji,UHC,6236.485237773,WHO Triple Billion Indicators
787,2019,country,246,Finland,HEP,0.0,WHO Triple Billion Indicators
788,2019,country,246,Finland,HPOP,56621.13558455,WHO Triple Billion Indicators
789,2019,country,246,Finland,UHC,6561.542177499998,WHO Triple Billion Indicators
790,2019,country,250,France,HEP,1950101.52,WHO Triple Billion Indicators
791,2019,country,250,France,HPOP,842201.709694,WHO Triple Billion Indicators
792,2019,country,250,France,UHC,164481.1448869,WHO Triple Billion Indicators
793,2019,country,266,Gabon,HEP,-236402.59999999998,WHO Triple Billion Indicators
794,2019,country,266,Gabon,HPOP,6765.538390100001,WHO Triple Billion Indicators
795,2019,country,266,Gabon,UHC,-8792.565032600001,WHO Triple Billion Indicators
796,2019,country,270,Gambia,HEP,42748.9342,WHO Triple Billion Indicators
797,2019,country,270,Gambia,HPOP,22337.714982243997,WHO Triple Billion Indicators
798,2019,country,270,Gambia,UHC,24459.7843544,WHO Triple Billion Indicators
799,2019,country,268,Georgia,HEP,-1452891.4170000001,WHO Triple Billion Indicators
800,2019,country,268,Georgia,HPOP,74145.4587801,WHO Triple Billion Indicators
801,2019,country,268,Georgia,UHC,-47388.809127099994,WHO Triple Billion Indicators
802,2019,country,276,Germany,HEP,1.2e-08,WHO Triple Billion Indicators
803,2019,country,276,Germany,HPOP,1368162.761798,WHO Triple Billion Indicators
804,2019,country,276,Germany,UHC,325277.6999310301,WHO Triple Billion Indicators
805,2019,country,288,Ghana,HEP,1653438.5257,WHO Triple Billion Indicators
806,2019,country,288,Ghana,HPOP,2079011.006718,WHO Triple Billion Indicators
807,2019,country,288,Ghana,UHC,384555.78000499995,WHO Triple Billion Indicators
808,2019,country,300,Greece,HEP,-1.46e-09,WHO Triple Billion Indicators
809,2019,country,300,Greece,HPOP,245242.31160669998,WHO Triple Billion Indicators
810,2019,country,300,Greece,UHC,42823.96076925,WHO Triple Billion Indicators
811,2019,country,308,Grenada,HEP,7313.038667,WHO Triple Billion Indicators
812,2019,country,308,Grenada,HPOP,-905.086688348,WHO Triple Billion Indicators
813,2019,country,308,Grenada,UHC,1709.330362749,WHO Triple Billion Indicators
814,2019,country,320,Guatemala,HEP,-1118191.92,WHO Triple Billion Indicators
815,2019,country,320,Guatemala,HPOP,306973.0101782,WHO Triple Billion Indicators
816,2019,country,320,Guatemala,UHC,163209.64467069998,WHO Triple Billion Indicators
817,2019,country,324,Guinea,HEP,-1651232.81639,WHO Triple Billion Indicators
818,2019,country,324,Guinea,HPOP,47724.253172000004,WHO Triple Billion Indicators
819,2019,country,324,Guinea,UHC,197729.490585,WHO Triple Billion Indicators
820,2019,country,624,Guinea-Bissau,HEP,-357750.18274,WHO Triple Billion Indicators
821,2019,country,624,Guinea-Bissau,HPOP,43977.0982352,WHO Triple Billion Indicators
822,2019,country,624,Guinea-Bissau,UHC,-17091.8596108,WHO Triple Billion Indicators
823,2019,country,328,Guyana,HEP,35752.21,WHO Triple Billion Indicators
824,2019,country,328,Guyana,HPOP,10848.87984034,WHO Triple Billion Indicators
825,2019,country,328,Guyana,UHC,27208.74226818,WHO Triple Billion Indicators
826,2019,country,332,Haiti,HEP,350033.3468,WHO Triple Billion Indicators
827,2019,country,332,Haiti,HPOP,41567.2524129,WHO Triple Billion Indicators
828,2019,country,332,Haiti,UHC,73087.403346,WHO Triple Billion Indicators
829,2019,country,340,Honduras,HEP,2894851.255,WHO Triple Billion Indicators
830,2019,country,340,Honduras,HPOP,234933.26076729997,WHO Triple Billion Indicators
831,2019,country,340,Honduras,UHC,343073.582873,WHO Triple Billion Indicators
832,2019,country,348,Hungary,HEP,98708.7,WHO Triple Billion Indicators
833,2019,country,348,Hungary,HPOP,436051.22132500005,WHO Triple Billion Indicators
834,2019,country,348,Hungary,UHC,243382.52684061,WHO Triple Billion Indicators
835,2019,country,352,Iceland,HEP,-1266.6999999999998,WHO Triple Billion Indicators
836,2019,country,352,Iceland,HPOP,11602.37328149,WHO Triple Billion Indicators
837,2019,country,352,Iceland,UHC,8383.81798977,WHO Triple Billion Indicators
838,2019,country,356,India,HEP,101822470.67999999,WHO Triple Billion Indicators
839,2019,country,356,India,HPOP,179491481.71998,WHO Triple Billion Indicators
840,2019,country,356,India,UHC,37590300.259,WHO Triple Billion Indicators
841,2019,country,360,Indonesia,HEP,35250538.25,WHO Triple Billion Indicators
842,2019,country,360,Indonesia,HPOP,5106227.885299,WHO Triple Billion Indicators
843,2019,country,360,Indonesia,UHC,7455150.1084315,WHO Triple Billion Indicators
844,2019,country,364,Iran (Islamic Republic of),HEP,3164373.065,WHO Triple Billion Indicators
845,2019,country,364,Iran (Islamic Republic of),HPOP,163569.26625899997,WHO Triple Billion Indicators
846,2019,country,364,Iran (Islamic Republic of),UHC,1782354.667419,WHO Triple Billion Indicators
847,2019,country,368,Iraq,HEP,-7807995.240999999,WHO Triple Billion Indicators
848,2019,country,368,Iraq,HPOP,1309204.819842,WHO Triple Billion Indicators
849,2019,country,368,Iraq,UHC,-120443.68904999993,WHO Triple Billion Indicators
850,2019,country,372,Ireland,HEP,-179230.345,WHO Triple Billion Indicators
851,2019,country,372,Ireland,HPOP,36790.36064219,WHO Triple Billion Indicators
852,2019,country,372,Ireland,UHC,43015.042595599996,WHO Triple Billion Indicators
853,2019,country,376,Israel,HEP,47243.905,WHO Triple Billion Indicators
854,2019,country,376,Israel,HPOP,143108.7701043,WHO Triple Billion Indicators
855,2019,country,376,Israel,UHC,549209.89649748,WHO Triple Billion Indicators
856,2019,country,380,Italy,HEP,2925942.1500000004,WHO Triple Billion Indicators
857,2019,country,380,Italy,HPOP,997286.8682854,WHO Triple Billion Indicators
858,2019,country,380,Italy,UHC,961997.632862524,WHO Triple Billion Indicators
859,2019,country,388,Jamaica,HEP,381131.86500000005,WHO Triple Billion Indicators
860,2019,country,388,Jamaica,HPOP,-18998.9574343,WHO Triple Billion Indicators
861,2019,country,388,Jamaica,UHC,52749.044776049996,WHO Triple Billion Indicators
862,2019,country,392,Japan,HEP,3049010.2,WHO Triple Billion Indicators
863,2019,country,392,Japan,HPOP,884075.078734,WHO Triple Billion Indicators
864,2019,country,392,Japan,UHC,-962365.6757894,WHO Triple Billion Indicators
865,2019,country,400,Jordan,HEP,-1144211.4,WHO Triple Billion Indicators
866,2019,country,400,Jordan,HPOP,220650.2853332,WHO Triple Billion Indicators
867,2019,country,400,Jordan,UHC,136972.0073966,WHO Triple Billion Indicators
868,2019,country,398,Kazakhstan,HEP,2105864.67,WHO Triple Billion Indicators
869,2019,country,398,Kazakhstan,HPOP,468291.785867,WHO Triple Billion Indicators
870,2019,country,398,Kazakhstan,UHC,593051.09741137,WHO Triple Billion Indicators
871,2019,country,404,Kenya,HEP,6415689.657,WHO Triple Billion Indicators
872,2019,country,404,Kenya,HPOP,1404639.4058400001,WHO Triple Billion Indicators
873,2019,country,404,Kenya,UHC,174489.94167422998,WHO Triple Billion Indicators
874,2019,country,296,Kiribati,HEP,18167.893333,WHO Triple Billion Indicators
875,2019,country,296,Kiribati,HPOP,2490.6505232279997,WHO Triple Billion Indicators
876,2019,country,296,Kiribati,UHC,2206.543811265,WHO Triple Billion Indicators
877,2019,country,414,Kuwait,HEP,848174.40667,WHO Triple Billion Indicators
878,2019,country,414,Kuwait,HPOP,97666.604713,WHO Triple Billion Indicators
879,2019,country,414,Kuwait,UHC,172700.5126417,WHO Triple Billion Indicators
880,2019,country,417,Kyrgyzstan,HEP,-2777071.6,WHO Triple Billion Indicators
881,2019,country,417,Kyrgyzstan,HPOP,358583.6951056,WHO Triple Billion Indicators
882,2019,country,417,Kyrgyzstan,UHC,-17107.000735299986,WHO Triple Billion Indicators
883,2019,country,418,Lao People's Democratic Republic,HEP,-78383.05000000002,WHO Triple Billion Indicators
884,2019,country,418,Lao People's Democratic Republic,HPOP,102116.27028399998,WHO Triple Billion Indicators
885,2019,country,418,Lao People's Democratic Republic,UHC,132845.80293528002,WHO Triple Billion Indicators
886,2019,country,428,Latvia,HEP,71631.84,WHO Triple Billion Indicators
887,2019,country,428,Latvia,HPOP,53117.9352428,WHO Triple Billion Indicators
888,2019,country,428,Latvia,UHC,13282.760449929998,WHO Triple Billion Indicators
889,2019,country,422,Lebanon,HEP,866592.6799999999,WHO Triple Billion Indicators
890,2019,country,422,Lebanon,HPOP,16880.5663644,WHO Triple Billion Indicators
891,2019,country,422,Lebanon,UHC,81372.59593339999,WHO Triple Billion Indicators
892,2019,country,426,Lesotho,HEP,-893017.875,WHO Triple Billion Indicators
893,2019,country,426,Lesotho,HPOP,87330.1770613,WHO Triple Billion Indicators
894,2019,country,426,Lesotho,UHC,11764.341229399999,WHO Triple Billion Indicators
895,2019,country,430,Liberia,HEP,-226289.16000000003,WHO Triple Billion Indicators
896,2019,country,430,Liberia,HPOP,-40804.946364999996,WHO Triple Billion Indicators
897,2019,country,430,Liberia,UHC,50475.7194357,WHO Triple Billion Indicators
898,2019,country,434,Libya,HEP,914989.4,WHO Triple Billion Indicators
899,2019,country,434,Libya,HPOP,150457.649804,WHO Triple Billion Indicators
900,2019,country,434,Libya,UHC,-45410.117921100005,WHO Triple Billion Indicators
901,2019,country,440,Lithuania,HEP,40026.69,WHO Triple Billion Indicators
902,2019,country,440,Lithuania,HPOP,107196.5713919,WHO Triple Billion Indicators
903,2019,country,440,Lithuania,UHC,34697.9833306,WHO Triple Billion Indicators
904,2019,country,442,Luxembourg,HEP,140301.0,WHO Triple Billion Indicators
905,2019,country,442,Luxembourg,HPOP,21054.70396838,WHO Triple Billion Indicators
906,2019,country,442,Luxembourg,UHC,39219.970783135,WHO Triple Billion Indicators
907,2019,country,450,Madagascar,HEP,317973.06000000006,WHO Triple Billion Indicators
908,2019,country,450,Madagascar,HPOP,546262.0834868,WHO Triple Billion Indicators
909,2019,country,450,Madagascar,UHC,230677.0772073,WHO Triple Billion Indicators
910,2019,country,454,Malawi,HEP,-1211931.0987999998,WHO Triple Billion Indicators
911,2019,country,454,Malawi,HPOP,584786.9874870001,WHO Triple Billion Indicators
912,2019,country,454,Malawi,UHC,201387.209355,WHO Triple Billion Indicators
913,2019,country,458,Malaysia,HEP,-700560.5999999999,WHO Triple Billion Indicators
914,2019,country,458,Malaysia,HPOP,-236646.51840300002,WHO Triple Billion Indicators
915,2019,country,458,Malaysia,UHC,83323.929320231,WHO Triple Billion Indicators
916,2019,country,462,Maldives,HEP,56674.53,WHO Triple Billion Indicators
917,2019,country,462,Maldives,HPOP,401.9965321600003,WHO Triple Billion Indicators
918,2019,country,462,Maldives,UHC,4924.75095248,WHO Triple Billion Indicators
919,2019,country,466,Mali,HEP,690065.26064,WHO Triple Billion Indicators
920,2019,country,466,Mali,HPOP,437587.8961627,WHO Triple Billion Indicators
921,2019,country,466,Mali,UHC,206210.541474043,WHO Triple Billion Indicators
922,2019,country,470,Malta,HEP,2691.485,WHO Triple Billion Indicators
923,2019,country,470,Malta,HPOP,5466.215539968,WHO Triple Billion Indicators
924,2019,country,470,Malta,UHC,10917.589103697,WHO Triple Billion Indicators
925,2019,country,584,Marshall Islands,HEP,-10347.925000000001,WHO Triple Billion Indicators
926,2019,country,584,Marshall Islands,HPOP,-25.422499061000003,WHO Triple Billion Indicators
927,2019,country,584,Marshall Islands,UHC,-529.08742474,WHO Triple Billion Indicators
928,2019,country,478,Mauritania,HEP,459162.717579,WHO Triple Billion Indicators
929,2019,country,478,Mauritania,HPOP,64688.586261970006,WHO Triple Billion Indicators
930,2019,country,478,Mauritania,UHC,5305.713151900001,WHO Triple Billion Indicators
931,2019,country,480,Mauritius,HEP,19548.15,WHO Triple Billion Indicators
932,2019,country,480,Mauritius,HPOP,-2351.68352385,WHO Triple Billion Indicators
933,2019,country,480,Mauritius,UHC,11648.49986315,WHO Triple Billion Indicators
934,2019,country,484,Mexico,HEP,-19545208.65,WHO Triple Billion Indicators
935,2019,country,484,Mexico,HPOP,4294033.430404999,WHO Triple Billion Indicators
936,2019,country,484,Mexico,UHC,-939912.3456500001,WHO Triple Billion Indicators
937,2019,country,583,Micronesia (Federated States of),HEP,3130.373333,WHO Triple Billion Indicators
938,2019,country,583,Micronesia (Federated States of),HPOP,-687.831325395,WHO Triple Billion Indicators
939,2019,country,583,Micronesia (Federated States of),UHC,1058.286696214,WHO Triple Billion Indicators
940,2019,country,492,Monaco,HEP,-360.51,WHO Triple Billion Indicators
941,2019,country,492,Monaco,HPOP,239.968587848,WHO Triple Billion Indicators
942,2019,country,492,Monaco,UHC,167.196983185,WHO Triple Billion Indicators
943,2019,country,496,Mongolia,HEP,35379.47,WHO Triple Billion Indicators
944,2019,country,496,Mongolia,HPOP,207315.9424299,WHO Triple Billion Indicators
945,2019,country,496,Mongolia,UHC,-21685.7822533,WHO Triple Billion Indicators
946,2019,country,499,Montenegro,HEP,35451.97,WHO Triple Billion Indicators
947,2019,country,499,Montenegro,HPOP,39754.36485624,WHO Triple Billion Indicators
948,2019,country,499,Montenegro,UHC,10254.06041674,WHO Triple Billion Indicators
949,2019,country,504,Morocco,HEP,5e-09,WHO Triple Billion Indicators
950,2019,country,504,Morocco,HPOP,481766.966412,WHO Triple Billion Indicators
951,2019,country,504,Morocco,UHC,257035.76520369996,WHO Triple Billion Indicators
952,2019,country,508,Mozambique,HEP,3141380.1427800003,WHO Triple Billion Indicators
953,2019,country,508,Mozambique,HPOP,342578.788281,WHO Triple Billion Indicators
954,2019,country,508,Mozambique,UHC,192076.33837219997,WHO Triple Billion Indicators
955,2019,country,104,Myanmar,HEP,-2213471.32,WHO Triple Billion Indicators
956,2019,country,104,Myanmar,HPOP,2509922.5575492,WHO Triple Billion Indicators
957,2019,country,104,Myanmar,UHC,371242.64298999996,WHO Triple Billion Indicators
958,2019,country,516,Namibia,HEP,-331801.6933,WHO Triple Billion Indicators
959,2019,country,516,Namibia,HPOP,13428.5286922,WHO Triple Billion Indicators
960,2019,country,516,Namibia,UHC,83888.73883666,WHO Triple Billion Indicators
961,2019,country,520,Nauru,HEP,129.79,WHO Triple Billion Indicators
962,2019,country,520,Nauru,HPOP,42.982635294,WHO Triple Billion Indicators
963,2019,country,520,Nauru,UHC,180.433739567,WHO Triple Billion Indicators
964,2019,country,524,Nepal,HEP,4736604.15,WHO Triple Billion Indicators
965,2019,country,524,Nepal,HPOP,1758057.698262,WHO Triple Billion Indicators
966,2019,country,524,Nepal,UHC,775050.05767,WHO Triple Billion Indicators
967,2019,country,528,Netherlands (Kingdom of the),HEP,886116.6499999999,WHO Triple Billion Indicators
968,2019,country,528,Netherlands (Kingdom of the),HPOP,202795.140709,WHO Triple Billion Indicators
969,2019,country,528,Netherlands (Kingdom of the),UHC,331910.2281738,WHO Triple Billion Indicators
970,2019,country,554,New Zealand,HEP,-292088.225,WHO Triple Billion Indicators
971,2019,country,554,New Zealand,HPOP,34207.03522469999,WHO Triple Billion Indicators
972,2019,country,554,New Zealand,UHC,43863.22423384,WHO Triple Billion Indicators
973,2019,country,558,Nicaragua,HEP,651358.17,WHO Triple Billion Indicators
974,2019,country,558,Nicaragua,HPOP,120222.71421499999,WHO Triple Billion Indicators
975,2019,country,558,Nicaragua,UHC,118541.631483508,WHO Triple Billion Indicators
976,2019,country,562,Niger,HEP,607640.866,WHO Triple Billion Indicators
977,2019,country,562,Niger,HPOP,484691.9121077,WHO Triple Billion Indicators
978,2019,country,562,Niger,UHC,270392.083363719,WHO Triple Billion Indicators
979,2019,country,566,Nigeria,HEP,-21685311.419999998,WHO Triple Billion Indicators
980,2019,country,566,Nigeria,HPOP,9384595.143605001,WHO Triple Billion Indicators
981,2019,country,566,Nigeria,UHC,721762.6169699997,WHO Triple Billion Indicators
982,2019,country,570,Niue,HEP,-77.4,WHO Triple Billion Indicators
983,2019,country,570,Niue,HPOP,-18.449219178,WHO Triple Billion Indicators
984,2019,country,570,Niue,UHC,23.529595788,WHO Triple Billion Indicators
985,2019,country,807,North Macedonia,HEP,-62472.75,WHO Triple Billion Indicators
986,2019,country,807,North Macedonia,HPOP,113089.90426102,WHO Triple Billion Indicators
987,2019,country,807,North Macedonia,UHC,6206.561248200001,WHO Triple Billion Indicators
988,2019,country,578,Norway,HEP,111089.36,WHO Triple Billion Indicators
989,2019,country,578,Norway,HPOP,34811.857358,WHO Triple Billion Indicators
990,2019,country,578,Norway,UHC,79739.65818677,WHO Triple Billion Indicators
991,2019,country,512,Oman,HEP,-525877.66,WHO Triple Billion Indicators
992,2019,country,512,Oman,HPOP,116584.65841920002,WHO Triple Billion Indicators
993,2019,country,512,Oman,UHC,-70856.337941722,WHO Triple Billion Indicators
994,2019,country,586,Pakistan,HEP,16246677.53,WHO Triple Billion Indicators
995,2019,country,586,Pakistan,HPOP,23616690.664783,WHO Triple Billion Indicators
996,2019,country,586,Pakistan,UHC,1106259.721126,WHO Triple Billion Indicators
997,2019,country,585,Palau,HEP,1082.64,WHO Triple Billion Indicators
998,2019,country,585,Palau,HPOP,-96.674828934,WHO Triple Billion Indicators
999,2019,country,585,Palau,UHC,176.664982143,WHO Triple Billion Indicators
1000,2019,country,591,Panama,HEP,321067.04000000004,WHO Triple Billion Indicators
1001,2019,country,591,Panama,HPOP,121847.2150843,WHO Triple Billion Indicators
1002,2019,country,591,Panama,UHC,107143.4267177,WHO Triple Billion Indicators
1003,2019,country,598,Papua New Guinea,HEP,-1284137.279999999,WHO Triple Billion Indicators
1004,2019,country,598,Papua New Guinea,HPOP,-2933.1985485999994,WHO Triple Billion Indicators
1005,2019,country,598,Papua New Guinea,UHC,-27985.930503699994,WHO Triple Billion Indicators
1006,2019,country,600,Paraguay,HEP,23437.80330000003,WHO Triple Billion Indicators
1007,2019,country,600,Paraguay,HPOP,37371.2200811,WHO Triple Billion Indicators
1008,2019,country,600,Paraguay,UHC,84866.8361666,WHO Triple Billion Indicators
1009,2019,country,604,Peru,HEP,-1750791.25,WHO Triple Billion Indicators
1010,2019,country,604,Peru,HPOP,1297256.9010089,WHO Triple Billion Indicators
1011,2019,country,604,Peru,UHC,332296.372633,WHO Triple Billion Indicators
1012,2019,country,608,Philippines,HEP,1812965.37,WHO Triple Billion Indicators
1013,2019,country,608,Philippines,HPOP,1710108.846497,WHO Triple Billion Indicators
1014,2019,country,608,Philippines,UHC,1622650.84836,WHO Triple Billion Indicators
1015,2019,country,616,Poland,HEP,-5.63e-09,WHO Triple Billion Indicators
1016,2019,country,616,Poland,HPOP,1373364.68421468,WHO Triple Billion Indicators
1017,2019,country,616,Poland,UHC,197209.59471409998,WHO Triple Billion Indicators
1018,2019,country,620,Portugal,HEP,713868.12,WHO Triple Billion Indicators
1019,2019,country,620,Portugal,HPOP,88669.5061988,WHO Triple Billion Indicators
1020,2019,country,620,Portugal,UHC,172324.03587728,WHO Triple Billion Indicators
1021,2019,country,634,Qatar,HEP,372224.69999999995,WHO Triple Billion Indicators
1022,2019,country,634,Qatar,HPOP,112048.01110921,WHO Triple Billion Indicators
1023,2019,country,634,Qatar,UHC,79327.1932124,WHO Triple Billion Indicators
1024,2019,country,410,Republic of Korea,HEP,3618333.5300000003,WHO Triple Billion Indicators
1025,2019,country,410,Republic of Korea,HPOP,708921.2656259,WHO Triple Billion Indicators
1026,2019,country,410,Republic of Korea,UHC,849062.2472801,WHO Triple Billion Indicators
1027,2019,country,498,Republic of Moldova,HEP,43399.54667,WHO Triple Billion Indicators
1028,2019,country,498,Republic of Moldova,HPOP,50697.305905299996,WHO Triple Billion Indicators
1029,2019,country,498,Republic of Moldova,UHC,-45989.3645405,WHO Triple Billion Indicators
1030,2019,country,642,Romania,HEP,-776972.88,WHO Triple Billion Indicators
1031,2019,country,642,Romania,HPOP,768605.9002662,WHO Triple Billion Indicators
1032,2019,country,642,Romania,UHC,-12315.314921370022,WHO Triple Billion Indicators
1033,2019,country,643,Russian Federation,HEP,-1434942.1,WHO Triple Billion Indicators
1034,2019,country,643,Russian Federation,HPOP,-2103306.8216899997,WHO Triple Billion Indicators
1035,2019,country,643,Russian Federation,UHC,-884307.6604499999,WHO Triple Billion Indicators
1036,2019,country,646,Rwanda,HEP,442117.44000000006,WHO Triple Billion Indicators
1037,2019,country,646,Rwanda,HPOP,241756.5808972,WHO Triple Billion Indicators
1038,2019,country,646,Rwanda,UHC,127257.79025700002,WHO Triple Billion Indicators
1039,2019,country,659,Saint Kitts and Nevis,HEP,1438.05,WHO Triple Billion Indicators
1040,2019,country,659,Saint Kitts and Nevis,HPOP,-67.64263757899998,WHO Triple Billion Indicators
1041,2019,country,659,Saint Kitts and Nevis,UHC,301.714508377,WHO Triple Billion Indicators
1042,2019,country,662,Saint Lucia,HEP,29009.6,WHO Triple Billion Indicators
1043,2019,country,662,Saint Lucia,HPOP,1190.4536713259997,WHO Triple Billion Indicators
1044,2019,country,662,Saint Lucia,UHC,4011.994647867,WHO Triple Billion Indicators
1045,2019,country,670,Saint Vincent and the Grenadines,HEP,8305.84,WHO Triple Billion Indicators
1046,2019,country,670,Saint Vincent and the Grenadines,HPOP,-12.422693651000088,WHO Triple Billion Indicators
1047,2019,country,670,Saint Vincent and the Grenadines,UHC,1309.171818736,WHO Triple Billion Indicators
1048,2019,country,882,Samoa,HEP,74313.92,WHO Triple Billion Indicators
1049,2019,country,882,Samoa,HPOP,611.7270933399999,WHO Triple Billion Indicators
1050,2019,country,882,Samoa,UHC,3790.306644959,WHO Triple Billion Indicators
1051,2019,country,674,San Marino,HEP,-1007.49,WHO Triple Billion Indicators
1052,2019,country,674,San Marino,HPOP,1808.9586270769998,WHO Triple Billion Indicators
1053,2019,country,674,San Marino,UHC,137.925512768,WHO Triple Billion Indicators
1054,2019,country,678,Sao Tome and Principe,HEP,-16868.53000000003,WHO Triple Billion Indicators
1055,2019,country,678,Sao Tome and Principe,HPOP,3468.444695972,WHO Triple Billion Indicators
1056,2019,country,678,Sao Tome and Principe,UHC,2051.08923072,WHO Triple Billion Indicators
1057,2019,country,682,Saudi Arabia,HEP,3039197.52,WHO Triple Billion Indicators
1058,2019,country,682,Saudi Arabia,HPOP,508857.99870899995,WHO Triple Billion Indicators
1059,2019,country,682,Saudi Arabia,UHC,156095.75133600004,WHO Triple Billion Indicators
1060,2019,country,686,Senegal,HEP,2399651.9479,WHO Triple Billion Indicators
1061,2019,country,686,Senegal,HPOP,134326.9117828,WHO Triple Billion Indicators
1062,2019,country,686,Senegal,UHC,461458.0792147,WHO Triple Billion Indicators
1063,2019,country,688,Serbia,HEP,-141127.7,WHO Triple Billion Indicators
1064,2019,country,688,Serbia,HPOP,357238.3991829,WHO Triple Billion Indicators
1065,2019,country,688,Serbia,UHC,-25514.6000152,WHO Triple Billion Indicators
1066,2019,country,690,Seychelles,HEP,9795.96,WHO Triple Billion Indicators
1067,2019,country,690,Seychelles,HPOP,-1024.586849031,WHO Triple Billion Indicators
1068,2019,country,690,Seychelles,UHC,7041.236312530001,WHO Triple Billion Indicators
1069,2019,country,694,Sierra Leone,HEP,414437.1436,WHO Triple Billion Indicators
1070,2019,country,694,Sierra Leone,HPOP,107774.1399387,WHO Triple Billion Indicators
1071,2019,country,694,Sierra Leone,UHC,-125659.10529140002,WHO Triple Billion Indicators
1072,2019,country,702,Singapore,HEP,213133.935,WHO Triple Billion Indicators
1073,2019,country,702,Singapore,HPOP,-53597.6324589,WHO Triple Billion Indicators
1074,2019,country,702,Singapore,UHC,106539.3247792,WHO Triple Billion Indicators
1075,2019,country,703,Slovakia,HEP,253576.52999999997,WHO Triple Billion Indicators
1076,2019,country,703,Slovakia,HPOP,133019.5612626,WHO Triple Billion Indicators
1077,2019,country,703,Slovakia,UHC,82475.750717127,WHO Triple Billion Indicators
1078,2019,country,705,Slovenia,HEP,116476.91,WHO Triple Billion Indicators
1079,2019,country,705,Slovenia,HPOP,87561.459743878,WHO Triple Billion Indicators
1080,2019,country,705,Slovenia,UHC,56492.8281869,WHO Triple Billion Indicators
1081,2019,country,90,Solomon Islands,HEP,34786.215,WHO Triple Billion Indicators
1082,2019,country,90,Solomon Islands,HPOP,51.98342950000003,WHO Triple Billion Indicators
1083,2019,country,90,Solomon Islands,UHC,12014.57233758,WHO Triple Billion Indicators
1084,2019,country,706,Somalia,HEP,513111.30559,WHO Triple Billion Indicators
1085,2019,country,706,Somalia,HPOP,258848.66744889997,WHO Triple Billion Indicators
1086,2019,country,706,Somalia,UHC,156437.438630735,WHO Triple Billion Indicators
1087,2019,country,710,South Africa,HEP,4008750.265,WHO Triple Billion Indicators
1088,2019,country,710,South Africa,HPOP,748941.077485,WHO Triple Billion Indicators
1089,2019,country,710,South Africa,UHC,1169357.515965,WHO Triple Billion Indicators
1090,2019,country,728,South Sudan,HEP,-593976.7980999999,WHO Triple Billion Indicators
1091,2019,country,728,South Sudan,HPOP,164560.74144949997,WHO Triple Billion Indicators
1092,2019,country,728,South Sudan,UHC,17410.786319700004,WHO Triple Billion Indicators
1093,2019,country,724,Spain,HEP,1659700.8399999999,WHO Triple Billion Indicators
1094,2019,country,724,Spain,HPOP,614284.5066864,WHO Triple Billion Indicators
1095,2019,country,724,Spain,UHC,241407.33058213,WHO Triple Billion Indicators
1096,2019,country,144,Sri Lanka,HEP,1760019.68,WHO Triple Billion Indicators
1097,2019,country,144,Sri Lanka,HPOP,62836.13963850001,WHO Triple Billion Indicators
1098,2019,country,144,Sri Lanka,UHC,422299.92118199996,WHO Triple Billion Indicators
1099,2019,country,729,Sudan,HEP,-2058654.9573,WHO Triple Billion Indicators
1100,2019,country,729,Sudan,HPOP,836367.4248660001,WHO Triple Billion Indicators
1101,2019,country,729,Sudan,UHC,118371.64399289999,WHO Triple Billion Indicators
1102,2019,country,740,Suriname,HEP,-133186.41,WHO Triple Billion Indicators
1103,2019,country,740,Suriname,HPOP,1186.9696207749996,WHO Triple Billion Indicators
1104,2019,country,740,Suriname,UHC,-8318.233409249999,WHO Triple Billion Indicators
1105,2019,country,752,Sweden,HEP,375685.34500000003,WHO Triple Billion Indicators
1106,2019,country,752,Sweden,HPOP,160251.5089147,WHO Triple Billion Indicators
1107,2019,country,752,Sweden,UHC,113833.92496410999,WHO Triple Billion Indicators
1108,2019,country,756,Switzerland,HEP,267138.2999999987,WHO Triple Billion Indicators
1109,2019,country,756,Switzerland,HPOP,152594.9806041,WHO Triple Billion Indicators
1110,2019,country,756,Switzerland,UHC,84092.02122570001,WHO Triple Billion Indicators
1111,2019,country,760,Syrian Arab Republic,HEP,-5212574.155,WHO Triple Billion Indicators
1112,2019,country,760,Syrian Arab Republic,HPOP,-280523.5597643,WHO Triple Billion Indicators
1113,2019,country,760,Syrian Arab Republic,UHC,-34944.901566700006,WHO Triple Billion Indicators
1114,2019,country,762,Tajikistan,HEP,473262.3,WHO Triple Billion Indicators
1115,2019,country,762,Tajikistan,HPOP,739711.9195094,WHO Triple Billion Indicators
1116,2019,country,762,Tajikistan,UHC,113290.240872,WHO Triple Billion Indicators
1117,2019,country,764,Thailand,HEP,6475774.86,WHO Triple Billion Indicators
1118,2019,country,764,Thailand,HPOP,1718134.390646,WHO Triple Billion Indicators
1119,2019,country,764,Thailand,UHC,2157175.976644,WHO Triple Billion Indicators
1120,2019,country,626,Timor-Leste,HEP,-27983.680000000008,WHO Triple Billion Indicators
1121,2019,country,626,Timor-Leste,HPOP,11192.05472187,WHO Triple Billion Indicators
1122,2019,country,626,Timor-Leste,UHC,21158.19127293,WHO Triple Billion Indicators
1123,2019,country,768,Togo,HEP,835558.5962,WHO Triple Billion Indicators
1124,2019,country,768,Togo,HPOP,248693.155186,WHO Triple Billion Indicators
1125,2019,country,768,Togo,UHC,41423.2183638,WHO Triple Billion Indicators
1126,2019,country,776,Tonga,HEP,4383.84,WHO Triple Billion Indicators
1127,2019,country,776,Tonga,HPOP,1108.523841639,WHO Triple Billion Indicators
1128,2019,country,776,Tonga,UHC,1756.881528092,WHO Triple Billion Indicators
1129,2019,country,780,Trinidad and Tobago,HEP,190049.63667,WHO Triple Billion Indicators
1130,2019,country,780,Trinidad and Tobago,HPOP,441.33664629999953,WHO Triple Billion Indicators
1131,2019,country,780,Trinidad and Tobago,UHC,26097.35451848,WHO Triple Billion Indicators
1132,2019,country,788,Tunisia,HEP,823277.13,WHO Triple Billion Indicators
1133,2019,country,788,Tunisia,HPOP,189365.517661,WHO Triple Billion Indicators
1134,2019,country,788,Tunisia,UHC,143315.877958,WHO Triple Billion Indicators
1135,2019,country,795,Turkmenistan,HEP,133539.32,WHO Triple Billion Indicators
1136,2019,country,795,Turkmenistan,HPOP,188932.24160319997,WHO Triple Billion Indicators
1137,2019,country,795,Turkmenistan,UHC,71063.0612541,WHO Triple Billion Indicators
1138,2019,country,798,Tuvalu,HEP,289.12500000000006,WHO Triple Billion Indicators
1139,2019,country,798,Tuvalu,HPOP,69.250711523,WHO Triple Billion Indicators
1140,2019,country,798,Tuvalu,UHC,47.823617926000004,WHO Triple Billion Indicators
1141,2019,country,792,Türkiye,HEP,4334823.8,WHO Triple Billion Indicators
1142,2019,country,792,Türkiye,HPOP,2320667.8515,WHO Triple Billion Indicators
1143,2019,country,792,Türkiye,UHC,1461361.8307069999,WHO Triple Billion Indicators
1144,2019,country,800,Uganda,HEP,10063246.8853,WHO Triple Billion Indicators
1145,2019,country,800,Uganda,HPOP,707746.064304,WHO Triple Billion Indicators
1146,2019,country,800,Uganda,UHC,677438.2589959999,WHO Triple Billion Indicators
1147,2019,country,804,Ukraine,HEP,-581386.1399999997,WHO Triple Billion Indicators
1148,2019,country,804,Ukraine,HPOP,313338.583953,WHO Triple Billion Indicators
1149,2019,country,804,Ukraine,UHC,196861.7018924,WHO Triple Billion Indicators
1150,2019,country,784,United Arab Emirates,HEP,193306.38,WHO Triple Billion Indicators
1151,2019,country,784,United Arab Emirates,HPOP,194674.6703538,WHO Triple Billion Indicators
1152,2019,country,784,United Arab Emirates,UHC,225822.23051905,WHO Triple Billion Indicators
1153,2019,country,826,United Kingdom of Great Britain and Northern Ireland,HEP,1363612.1199999999,WHO Triple Billion Indicators
1154,2019,country,826,United Kingdom of Great Britain and Northern Ireland,HPOP,712590.0792530001,WHO Triple Billion Indicators
1155,2019,country,826,United Kingdom of Great Britain and Northern Ireland,UHC,831775.84822,WHO Triple Billion Indicators
1156,2019,country,834,United Republic of Tanzania,HEP,7448697.182,WHO Triple Billion Indicators
1157,2019,country,834,United Republic of Tanzania,HPOP,1555115.1039628,WHO Triple Billion Indicators
1158,2019,country,834,United Republic of Tanzania,UHC,1404477.7417786,WHO Triple Billion Indicators
1159,2019,country,840,United States of America,HEP,10308102.12,WHO Triple Billion Indicators
1160,2019,country,840,United States of America,HPOP,3482756.53221,WHO Triple Billion Indicators
1161,2019,country,840,United States of America,UHC,3808972.2474599998,WHO Triple Billion Indicators
1162,2019,country,858,Uruguay,HEP,-17117.27,WHO Triple Billion Indicators
1163,2019,country,858,Uruguay,HPOP,28583.2542579,WHO Triple Billion Indicators
1164,2019,country,858,Uruguay,UHC,-49307.594799,WHO Triple Billion Indicators
1165,2019,country,860,Uzbekistan,HEP,5062262.24,WHO Triple Billion Indicators
1166,2019,country,860,Uzbekistan,HPOP,1395981.04433,WHO Triple Billion Indicators
1167,2019,country,860,Uzbekistan,UHC,730245.931606,WHO Triple Billion Indicators
1168,2019,country,548,Vanuatu,HEP,54281.31,WHO Triple Billion Indicators
1169,2019,country,548,Vanuatu,HPOP,-1614.372446654,WHO Triple Billion Indicators
1170,2019,country,548,Vanuatu,UHC,7230.5412643049995,WHO Triple Billion Indicators
1171,2019,country,862,Venezuela (Bolivarian Republic of),HEP,6683555.52,WHO Triple Billion Indicators
1172,2019,country,862,Venezuela (Bolivarian Republic of),HPOP,326088.09280499996,WHO Triple Billion Indicators
1173,2019,country,862,Venezuela (Bolivarian Republic of),UHC,146990.824548,WHO Triple Billion Indicators
1174,2019,country,704,Viet Nam,HEP,6506758.635,WHO Triple Billion Indicators
1175,2019,country,704,Viet Nam,HPOP,2746167.550052,WHO Triple Billion Indicators
1176,2019,country,704,Viet Nam,UHC,3316492.5732009998,WHO Triple Billion Indicators
1177,2019,country,887,Yemen,HEP,1591542.2518000002,WHO Triple Billion Indicators
1178,2019,country,887,Yemen,HPOP,82742.872145,WHO Triple Billion Indicators
1179,2019,country,887,Yemen,UHC,368652.584262,WHO Triple Billion Indicators
1180,2019,country,894,Zambia,HEP,446655.017,WHO Triple Billion Indicators
1181,2019,country,894,Zambia,HPOP,-54632.70442439999,WHO Triple Billion Indicators
1182,2019,country,894,Zambia,UHC,612403.4253840001,WHO Triple Billion Indicators
1183,2019,country,716,Zimbabwe,HEP,156663.888,WHO Triple Billion Indicators
1184,2019,country,716,Zimbabwe,HPOP,-121870.75235599998,WHO Triple Billion Indicators
1185,2019,country,716,Zimbabwe,UHC,-92500.782188,WHO Triple Billion Indicators
1186,2019,global,1,World,HEP,299852159.23,WHO Triple Billion Indicators
1187,2019,global,1,World,HPOP,407465495.3353,WHO Triple Billion Indicators
1188,2019,global,1,World,UHC,111231565.5317,WHO Triple Billion Indicators
1189,2019,who_region,953,Africa,HEP,45899794.04,WHO Triple Billion Indicators
1190,2019,who_region,953,Africa,HPOP,23269048.035615,WHO Triple Billion Indicators
1191,2019,who_region,953,Africa,UHC,12577413.604290001,WHO Triple Billion Indicators
1192,2019,who_region,954,Americas,HEP,14655384.804,WHO Triple Billion Indicators
1193,2019,who_region,954,Americas,HPOP,15836143.428529,WHO Triple Billion Indicators
1194,2019,who_region,954,Americas,UHC,163168.21836999978,WHO Triple Billion Indicators
1195,2019,who_region,957,Eastern Mediterranean,HEP,18721734.89,WHO Triple Billion Indicators
1196,2019,who_region,957,Eastern Mediterranean,HPOP,31509797.233873498,WHO Triple Billion Indicators
1197,2019,who_region,957,Eastern Mediterranean,UHC,5446554.28883,WHO Triple Billion Indicators
1198,2019,who_region,956,Europe,HEP,18844031.435000002,WHO Triple Billion Indicators
1199,2019,who_region,956,Europe,HPOP,15246210.989590999,WHO Triple Billion Indicators
1200,2019,who_region,956,Europe,UHC,8315187.7301,WHO Triple Billion Indicators
1201,2019,who_region,955,South-East Asia,HEP,172372784.79299998,WHO Triple Billion Indicators
1202,2019,who_region,955,South-East Asia,HPOP,205280561.67747,WHO Triple Billion Indicators
1203,2019,who_region,955,South-East Asia,UHC,50955477.676300004,WHO Triple Billion Indicators
1204,2019,who_region,958,Western Pacific,HEP,29358429.312,WHO Triple Billion Indicators
1205,2019,who_region,958,Western Pacific,HPOP,116323733.94339,WHO Triple Billion Indicators
1206,2019,who_region,958,Western Pacific,UHC,33773764.0068,WHO Triple Billion Indicators
1207,2020,country,4,Afghanistan,HEP,5341895.16,WHO Triple Billion Indicators
1208,2020,country,4,Afghanistan,HPOP,5526351.227017,WHO Triple Billion Indicators
1209,2020,country,4,Afghanistan,UHC,286635.14520699997,WHO Triple Billion Indicators
1210,2020,country,8,Albania,HEP,395027.63999999996,WHO Triple Billion Indicators
1211,2020,country,8,Albania,HPOP,301423.8163059,WHO Triple Billion Indicators
1212,2020,country,8,Albania,UHC,5777.782011000009,WHO Triple Billion Indicators
1213,2020,country,12,Algeria,HEP,-5396033.5649999995,WHO Triple Billion Indicators
1214,2020,country,12,Algeria,HPOP,-1304250.399767,WHO Triple Billion Indicators
1215,2020,country,12,Algeria,UHC,-913910.897453,WHO Triple Billion Indicators
1216,2020,country,20,Andorra,HEP,6849.13,WHO Triple Billion Indicators
1217,2020,country,20,Andorra,HPOP,4118.963321655,WHO Triple Billion Indicators
1218,2020,country,20,Andorra,UHC,1921.724398018,WHO Triple Billion Indicators
1219,2020,country,24,Angola,HEP,-129809.3030000003,WHO Triple Billion Indicators
1220,2020,country,24,Angola,HPOP,-465206.2922805,WHO Triple Billion Indicators
1221,2020,country,24,Angola,UHC,763975.6772789999,WHO Triple Billion Indicators
1222,2020,country,28,Antigua and Barbuda,HEP,7307.790000000001,WHO Triple Billion Indicators
1223,2020,country,28,Antigua and Barbuda,HPOP,-1046.18365058,WHO Triple Billion Indicators
1224,2020,country,28,Antigua and Barbuda,UHC,5698.529007919,WHO Triple Billion Indicators
1225,2020,country,32,Argentina,HEP,-2162417.5999999996,WHO Triple Billion Indicators
1226,2020,country,32,Argentina,HPOP,459108.073273,WHO Triple Billion Indicators
1227,2020,country,32,Argentina,UHC,-720432.7727610001,WHO Triple Billion Indicators
1228,2020,country,51,Armenia,HEP,69425.075,WHO Triple Billion Indicators
1229,2020,country,51,Armenia,HPOP,116425.5420322,WHO Triple Billion Indicators
1230,2020,country,51,Armenia,UHC,-130822.241564835,WHO Triple Billion Indicators
1231,2020,country,36,Australia,HEP,1213112.43,WHO Triple Billion Indicators
1232,2020,country,36,Australia,HPOP,-458536.455855,WHO Triple Billion Indicators
1233,2020,country,36,Australia,UHC,790074.58751753,WHO Triple Billion Indicators
1234,2020,country,40,Austria,HEP,1214206.605,WHO Triple Billion Indicators
1235,2020,country,40,Austria,HPOP,299089.1653338,WHO Triple Billion Indicators
1236,2020,country,40,Austria,UHC,596930.279277475,WHO Triple Billion Indicators
1237,2020,country,31,Azerbaijan,HEP,-472929.07499999995,WHO Triple Billion Indicators
1238,2020,country,31,Azerbaijan,HPOP,531043.670774,WHO Triple Billion Indicators
1239,2020,country,31,Azerbaijan,UHC,-39037.65397100001,WHO Triple Billion Indicators
1240,2020,country,44,Bahamas,HEP,60579.55,WHO Triple Billion Indicators
1241,2020,country,44,Bahamas,HPOP,3077.42825933,WHO Triple Billion Indicators
1242,2020,country,44,Bahamas,UHC,6686.49194855,WHO Triple Billion Indicators
1243,2020,country,48,Bahrain,HEP,-52908.659999999996,WHO Triple Billion Indicators
1244,2020,country,48,Bahrain,HPOP,44214.07714589,WHO Triple Billion Indicators
1245,2020,country,48,Bahrain,UHC,47838.83114839999,WHO Triple Billion Indicators
1246,2020,country,50,Bangladesh,HEP,28320357.872849997,WHO Triple Billion Indicators
1247,2020,country,50,Bangladesh,HPOP,20778457.182961,WHO Triple Billion Indicators
1248,2020,country,50,Bangladesh,UHC,1736303.1561999999,WHO Triple Billion Indicators
1249,2020,country,52,Barbados,HEP,-22323.82,WHO Triple Billion Indicators
1250,2020,country,52,Barbados,HPOP,3930.329065287,WHO Triple Billion Indicators
1251,2020,country,52,Barbados,UHC,-3960.83306893,WHO Triple Billion Indicators
1252,2020,country,112,Belarus,HEP,502002.13333,WHO Triple Billion Indicators
1253,2020,country,112,Belarus,HPOP,118596.66947040001,WHO Triple Billion Indicators
1254,2020,country,112,Belarus,UHC,-417309.9077869,WHO Triple Billion Indicators
1255,2020,country,56,Belgium,HEP,469780.84,WHO Triple Billion Indicators
1256,2020,country,56,Belgium,HPOP,523106.72407850006,WHO Triple Billion Indicators
1257,2020,country,56,Belgium,UHC,159898.36000251299,WHO Triple Billion Indicators
1258,2020,country,84,Belize,HEP,16897.600000000006,WHO Triple Billion Indicators
1259,2020,country,84,Belize,HPOP,475.3312425099999,WHO Triple Billion Indicators
1260,2020,country,84,Belize,UHC,-2211.6139263599994,WHO Triple Billion Indicators
1261,2020,country,204,Benin,HEP,396387.3990999999,WHO Triple Billion Indicators
1262,2020,country,204,Benin,HPOP,89199.6684979,WHO Triple Billion Indicators
1263,2020,country,204,Benin,UHC,316176.62892499997,WHO Triple Billion Indicators
1264,2020,country,64,Bhutan,HEP,163453.675,WHO Triple Billion Indicators
1265,2020,country,64,Bhutan,HPOP,120793.09025106,WHO Triple Billion Indicators
1266,2020,country,64,Bhutan,UHC,26786.3802378,WHO Triple Billion Indicators
1267,2020,country,68,Bolivia (Plurinational State of),HEP,-2090368.2719999999,WHO Triple Billion Indicators
1268,2020,country,68,Bolivia (Plurinational State of),HPOP,151314.42800160003,WHO Triple Billion Indicators
1269,2020,country,68,Bolivia (Plurinational State of),UHC,-197697.13143,WHO Triple Billion Indicators
1270,2020,country,70,Bosnia and Herzegovina,HEP,143170.065,WHO Triple Billion Indicators
1271,2020,country,70,Bosnia and Herzegovina,HPOP,271122.3863998,WHO Triple Billion Indicators
1272,2020,country,70,Bosnia and Herzegovina,UHC,-118705.759678,WHO Triple Billion Indicators
1273,2020,country,72,Botswana,HEP,469767.4600000001,WHO Triple Billion Indicators
1274,2020,country,72,Botswana,HPOP,61701.5961202,WHO Triple Billion Indicators
1275,2020,country,72,Botswana,UHC,42868.667424700005,WHO Triple Billion Indicators
1276,2020,country,76,Brazil,HEP,9031034.91,WHO Triple Billion Indicators
1277,2020,country,76,Brazil,HPOP,6877933.68932,WHO Triple Billion Indicators
1278,2020,country,76,Brazil,UHC,-6523361.71475,WHO Triple Billion Indicators
1279,2020,country,96,Brunei Darussalam,HEP,29633.905,WHO Triple Billion Indicators
1280,2020,country,96,Brunei Darussalam,HPOP,-3116.31989884,WHO Triple Billion Indicators
1281,2020,country,96,Brunei Darussalam,UHC,10411.466062993999,WHO Triple Billion Indicators
1282,2020,country,100,Bulgaria,HEP,525215.2,WHO Triple Billion Indicators
1283,2020,country,100,Bulgaria,HPOP,403192.95593530004,WHO Triple Billion Indicators
1284,2020,country,100,Bulgaria,UHC,172875.9291198,WHO Triple Billion Indicators
1285,2020,country,854,Burkina Faso,HEP,6109231.25,WHO Triple Billion Indicators
1286,2020,country,854,Burkina Faso,HPOP,749835.44002598,WHO Triple Billion Indicators
1287,2020,country,854,Burkina Faso,UHC,857673.3923399999,WHO Triple Billion Indicators
1288,2020,country,108,Burundi,HEP,4742367.6,WHO Triple Billion Indicators
1289,2020,country,108,Burundi,HPOP,-26475.41015580007,WHO Triple Billion Indicators
1290,2020,country,108,Burundi,UHC,504012.4388599,WHO Triple Billion Indicators
1291,2020,country,132,Cabo Verde,HEP,24408.36,WHO Triple Billion Indicators
1292,2020,country,132,Cabo Verde,HPOP,8067.3253995,WHO Triple Billion Indicators
1293,2020,country,132,Cabo Verde,UHC,33919.749950000005,WHO Triple Billion Indicators
1294,2020,country,116,Cambodia,HEP,1037611.9199999999,WHO Triple Billion Indicators
1295,2020,country,116,Cambodia,HPOP,1997179.862277,WHO Triple Billion Indicators
1296,2020,country,116,Cambodia,UHC,491206.482631,WHO Triple Billion Indicators
1297,2020,country,120,Cameroon,HEP,5155082.876200001,WHO Triple Billion Indicators
1298,2020,country,120,Cameroon,HPOP,458122.25122,WHO Triple Billion Indicators
1299,2020,country,120,Cameroon,UHC,904399.4824652,WHO Triple Billion Indicators
1300,2020,country,124,Canada,HEP,2168729.585,WHO Triple Billion Indicators
1301,2020,country,124,Canada,HPOP,984266.3979270001,WHO Triple Billion Indicators
1302,2020,country,124,Canada,UHC,2020004.3264895,WHO Triple Billion Indicators
1303,2020,country,140,Central African Republic,HEP,1294163.0828200001,WHO Triple Billion Indicators
1304,2020,country,140,Central African Republic,HPOP,65051.401653999994,WHO Triple Billion Indicators
1305,2020,country,140,Central African Republic,UHC,105023.09286083901,WHO Triple Billion Indicators
1306,2020,country,148,Chad,HEP,3683148.3654,WHO Triple Billion Indicators
1307,2020,country,148,Chad,HPOP,832409.556102,WHO Triple Billion Indicators
1308,2020,country,148,Chad,UHC,330978.5974298,WHO Triple Billion Indicators
1309,2020,country,152,Chile,HEP,445657.6439,WHO Triple Billion Indicators
1310,2020,country,152,Chile,HPOP,159987.152197,WHO Triple Billion Indicators
1311,2020,country,152,Chile,UHC,-1234341.313332,WHO Triple Billion Indicators
1312,2020,country,156,China,HEP,42731457.72,WHO Triple Billion Indicators
1313,2020,country,156,China,HPOP,160632236.95902,WHO Triple Billion Indicators
1314,2020,country,156,China,UHC,22571011.216429994,WHO Triple Billion Indicators
1315,2020,country,170,Colombia,HEP,3682750.54,WHO Triple Billion Indicators
1316,2020,country,170,Colombia,HPOP,1447997.760581,WHO Triple Billion Indicators
1317,2020,country,170,Colombia,UHC,-930181.8233700002,WHO Triple Billion Indicators
1318,2020,country,174,Comoros,HEP,229599.5,WHO Triple Billion Indicators
1319,2020,country,174,Comoros,HPOP,18296.674696489998,WHO Triple Billion Indicators
1320,2020,country,174,Comoros,UHC,31723.51968544,WHO Triple Billion Indicators
1321,2020,country,178,Congo,HEP,-490641.21771000006,WHO Triple Billion Indicators
1322,2020,country,178,Congo,HPOP,205753.36594249,WHO Triple Billion Indicators
1323,2020,country,178,Congo,UHC,172424.8352788,WHO Triple Billion Indicators
1324,2020,country,184,Cook Islands,HEP,-2907.34,WHO Triple Billion Indicators
1325,2020,country,184,Cook Islands,HPOP,-1456.19980908,WHO Triple Billion Indicators
1326,2020,country,184,Cook Islands,UHC,-877.608322669,WHO Triple Billion Indicators
1327,2020,country,188,Costa Rica,HEP,686425.87,WHO Triple Billion Indicators
1328,2020,country,188,Costa Rica,HPOP,148854.53931252,WHO Triple Billion Indicators
1329,2020,country,188,Costa Rica,UHC,143289.6328004,WHO Triple Billion Indicators
1330,2020,country,191,Croatia,HEP,356795.28,WHO Triple Billion Indicators
1331,2020,country,191,Croatia,HPOP,150876.61716052,WHO Triple Billion Indicators
1332,2020,country,191,Croatia,UHC,34529.88567,WHO Triple Billion Indicators
1333,2020,country,192,Cuba,HEP,-1171026.2550000001,WHO Triple Billion Indicators
1334,2020,country,192,Cuba,HPOP,206615.92479230004,WHO Triple Billion Indicators
1335,2020,country,192,Cuba,UHC,-644559.141457,WHO Triple Billion Indicators
1336,2020,country,196,Cyprus,HEP,-70207.94,WHO Triple Billion Indicators
1337,2020,country,196,Cyprus,HPOP,23252.26601967,WHO Triple Billion Indicators
1338,2020,country,196,Cyprus,UHC,33084.655244723,WHO Triple Billion Indicators
1339,2020,country,203,Czechia,HEP,945896.85,WHO Triple Billion Indicators
1340,2020,country,203,Czechia,HPOP,503890.0477727,WHO Triple Billion Indicators
1341,2020,country,203,Czechia,UHC,279917.943188555,WHO Triple Billion Indicators
1342,2020,country,384,Côte d'Ivoire,HEP,2116835.5372,WHO Triple Billion Indicators
1343,2020,country,384,Côte d'Ivoire,HPOP,2183134.0806170003,WHO Triple Billion Indicators
1344,2020,country,384,Côte d'Ivoire,UHC,-96721.19623750006,WHO Triple Billion Indicators
1345,2020,country,408,Democratic People's Republic of Korea,HEP,-1842394.68,WHO Triple Billion Indicators
1346,2020,country,408,Democratic People's Republic of Korea,HPOP,636700.924535,WHO Triple Billion Indicators
1347,2020,country,408,Democratic People's Republic of Korea,UHC,331025.6266498,WHO Triple Billion Indicators
1348,2020,country,180,Democratic Republic of the Congo,HEP,22089351.154400002,WHO Triple Billion Indicators
1349,2020,country,180,Democratic Republic of the Congo,HPOP,-1392309.068024,WHO Triple Billion Indicators
1350,2020,country,180,Democratic Republic of the Congo,UHC,3823680.03313,WHO Triple Billion Indicators
1351,2020,country,208,Denmark,HEP,149211.675,WHO Triple Billion Indicators
1352,2020,country,208,Denmark,HPOP,141403.558319795,WHO Triple Billion Indicators
1353,2020,country,208,Denmark,UHC,56763.892141599994,WHO Triple Billion Indicators
1354,2020,country,262,Djibouti,HEP,-233651.4,WHO Triple Billion Indicators
1355,2020,country,262,Djibouti,HPOP,18161.61598929,WHO Triple Billion Indicators
1356,2020,country,262,Djibouti,UHC,-12987.87954779,WHO Triple Billion Indicators
1357,2020,country,212,Dominica,HEP,4421.1,WHO Triple Billion Indicators
1358,2020,country,212,Dominica,HPOP,-645.49899178,WHO Triple Billion Indicators
1359,2020,country,212,Dominica,UHC,1321.092528321,WHO Triple Billion Indicators
1360,2020,country,214,Dominican Republic,HEP,864911.3250000002,WHO Triple Billion Indicators
1361,2020,country,214,Dominican Republic,HPOP,18605.2359478,WHO Triple Billion Indicators
1362,2020,country,214,Dominican Republic,UHC,120227.47169013997,WHO Triple Billion Indicators
1363,2020,country,218,Ecuador,HEP,-1299435.9,WHO Triple Billion Indicators
1364,2020,country,218,Ecuador,HPOP,18758.055575000013,WHO Triple Billion Indicators
1365,2020,country,218,Ecuador,UHC,-37429.657288,WHO Triple Billion Indicators
1366,2020,country,818,Egypt,HEP,9302037.199999982,WHO Triple Billion Indicators
1367,2020,country,818,Egypt,HPOP,-860613.5320677002,WHO Triple Billion Indicators
1368,2020,country,818,Egypt,UHC,632919.0530556001,WHO Triple Billion Indicators
1369,2020,country,222,El Salvador,HEP,996065.495,WHO Triple Billion Indicators
1370,2020,country,222,El Salvador,HPOP,216358.96733430002,WHO Triple Billion Indicators
1371,2020,country,222,El Salvador,UHC,144774.503874,WHO Triple Billion Indicators
1372,2020,country,226,Equatorial Guinea,HEP,161601.66,WHO Triple Billion Indicators
1373,2020,country,226,Equatorial Guinea,HPOP,11887.108261706,WHO Triple Billion Indicators
1374,2020,country,226,Equatorial Guinea,UHC,24841.3383495,WHO Triple Billion Indicators
1375,2020,country,232,Eritrea,HEP,2229817.713,WHO Triple Billion Indicators
1376,2020,country,232,Eritrea,HPOP,45133.155606,WHO Triple Billion Indicators
1377,2020,country,232,Eritrea,UHC,51960.918326395,WHO Triple Billion Indicators
1378,2020,country,233,Estonia,HEP,59170.5,WHO Triple Billion Indicators
1379,2020,country,233,Estonia,HPOP,23248.00447108,WHO Triple Billion Indicators
1380,2020,country,233,Estonia,UHC,-39.596042499998475,WHO Triple Billion Indicators
1381,2020,country,748,Eswatini,HEP,-331353.5633,WHO Triple Billion Indicators
1382,2020,country,748,Eswatini,HPOP,23783.338061500002,WHO Triple Billion Indicators
1383,2020,country,748,Eswatini,UHC,3933.429332400002,WHO Triple Billion Indicators
1384,2020,country,231,Ethiopia,HEP,17673671.1578,WHO Triple Billion Indicators
1385,2020,country,231,Ethiopia,HPOP,3959336.915088,WHO Triple Billion Indicators
1386,2020,country,231,Ethiopia,UHC,3268654.814701,WHO Triple Billion Indicators
1387,2020,country,242,Fiji,HEP,9499.920000000002,WHO Triple Billion Indicators
1388,2020,country,242,Fiji,HPOP,34054.0941854,WHO Triple Billion Indicators
1389,2020,country,242,Fiji,UHC,2298.511766550001,WHO Triple Billion Indicators
1390,2020,country,246,Finland,HEP,-444318.79999999993,WHO Triple Billion Indicators
1391,2020,country,246,Finland,HPOP,80713.24670611,WHO Triple Billion Indicators
1392,2020,country,246,Finland,UHC,-22351.869193175,WHO Triple Billion Indicators
1393,2020,country,250,France,HEP,3250169.1999999997,WHO Triple Billion Indicators
1394,2020,country,250,France,HPOP,1911833.835643,WHO Triple Billion Indicators
1395,2020,country,250,France,UHC,809526.0935259999,WHO Triple Billion Indicators
1396,2020,country,266,Gabon,HEP,-25328.850000000006,WHO Triple Billion Indicators
1397,2020,country,266,Gabon,HPOP,36530.5535476,WHO Triple Billion Indicators
1398,2020,country,266,Gabon,UHC,13167.191868299997,WHO Triple Billion Indicators
1399,2020,country,270,Gambia,HEP,85435.02331,WHO Triple Billion Indicators
1400,2020,country,270,Gambia,HPOP,18951.606395289957,WHO Triple Billion Indicators
1401,2020,country,270,Gambia,UHC,65741.5848049,WHO Triple Billion Indicators
1402,2020,country,268,Georgia,HEP,-1403431.283,WHO Triple Billion Indicators
1403,2020,country,268,Georgia,HPOP,100972.91520926001,WHO Triple Billion Indicators
1404,2020,country,268,Georgia,UHC,-131983.77566126,WHO Triple Billion Indicators
1405,2020,country,276,Germany,HEP,831990.6900000119,WHO Triple Billion Indicators
1406,2020,country,276,Germany,HPOP,2561957.261666,WHO Triple Billion Indicators
1407,2020,country,276,Germany,UHC,1027821.4692518401,WHO Triple Billion Indicators
1408,2020,country,288,Ghana,HEP,1201549.3808,WHO Triple Billion Indicators
1409,2020,country,288,Ghana,HPOP,3030738.4219112,WHO Triple Billion Indicators
1410,2020,country,288,Ghana,UHC,388567.7749102001,WHO Triple Billion Indicators
1411,2020,country,300,Greece,HEP,821063.8400000001,WHO Triple Billion Indicators
1412,2020,country,300,Greece,HPOP,471683.398865,WHO Triple Billion Indicators
1413,2020,country,300,Greece,UHC,112764.8198416,WHO Triple Billion Indicators
1414,2020,country,308,Grenada,HEP,-7355.556333,WHO Triple Billion Indicators
1415,2020,country,308,Grenada,HPOP,-2964.574172856,WHO Triple Billion Indicators
1416,2020,country,308,Grenada,UHC,-7635.119255159999,WHO Triple Billion Indicators
1417,2020,country,320,Guatemala,HEP,-465913.30000000005,WHO Triple Billion Indicators
1418,2020,country,320,Guatemala,HPOP,598654.9509012401,WHO Triple Billion Indicators
1419,2020,country,320,Guatemala,UHC,132706.47244199994,WHO Triple Billion Indicators
1420,2020,country,324,Guinea,HEP,-332020.2473099999,WHO Triple Billion Indicators
1421,2020,country,324,Guinea,HPOP,195937.79467999976,WHO Triple Billion Indicators
1422,2020,country,324,Guinea,UHC,297526.37434960005,WHO Triple Billion Indicators
1423,2020,country,624,Guinea-Bissau,HEP,-55141.24588999999,WHO Triple Billion Indicators
1424,2020,country,624,Guinea-Bissau,HPOP,87671.7141534,WHO Triple Billion Indicators
1425,2020,country,624,Guinea-Bissau,UHC,-20396.551979,WHO Triple Billion Indicators
1426,2020,country,328,Guyana,HEP,121007.48000000001,WHO Triple Billion Indicators
1427,2020,country,328,Guyana,HPOP,7905.166622660001,WHO Triple Billion Indicators
1428,2020,country,328,Guyana,UHC,54786.85740704001,WHO Triple Billion Indicators
1429,2020,country,332,Haiti,HEP,529834.8209,WHO Triple Billion Indicators
1430,2020,country,332,Haiti,HPOP,22832.5866102,WHO Triple Billion Indicators
1431,2020,country,332,Haiti,UHC,118707.89871560001,WHO Triple Billion Indicators
1432,2020,country,340,Honduras,HEP,2294033.0700000003,WHO Triple Billion Indicators
1433,2020,country,340,Honduras,HPOP,422345.5687139,WHO Triple Billion Indicators
1434,2020,country,340,Honduras,UHC,249212.85753699997,WHO Triple Billion Indicators
1435,2020,country,348,Hungary,HEP,296126.1,WHO Triple Billion Indicators
1436,2020,country,348,Hungary,HPOP,719203.2571080001,WHO Triple Billion Indicators
1437,2020,country,348,Hungary,UHC,393308.73365157,WHO Triple Billion Indicators
1438,2020,country,352,Iceland,HEP,4433.449999999999,WHO Triple Billion Indicators
1439,2020,country,352,Iceland,HPOP,10320.44187336,WHO Triple Billion Indicators
1440,2020,country,352,Iceland,UHC,13316.323043307,WHO Triple Billion Indicators
1441,2020,country,356,India,HEP,50911235.34,WHO Triple Billion Indicators
1442,2020,country,356,India,HPOP,286610250.92191,WHO Triple Billion Indicators
1443,2020,country,356,India,UHC,21710731.6321,WHO Triple Billion Indicators
1444,2020,country,360,Indonesia,HEP,-5640086.119999997,WHO Triple Billion Indicators
1445,2020,country,360,Indonesia,HPOP,10962050.359071001,WHO Triple Billion Indicators
1446,2020,country,360,Indonesia,UHC,6237225.0519,WHO Triple Billion Indicators
1447,2020,country,364,Iran (Islamic Republic of),HEP,5424639.540000013,WHO Triple Billion Indicators
1448,2020,country,364,Iran (Islamic Republic of),HPOP,-121962.39894280006,WHO Triple Billion Indicators
1449,2020,country,364,Iran (Islamic Republic of),UHC,627203.36509,WHO Triple Billion Indicators
1450,2020,country,368,Iraq,HEP,-2516152.4350000005,WHO Triple Billion Indicators
1451,2020,country,368,Iraq,HPOP,2477523.8836129997,WHO Triple Billion Indicators
1452,2020,country,368,Iraq,UHC,204588.892856,WHO Triple Billion Indicators
1453,2020,country,372,Ireland,HEP,102417.34,WHO Triple Billion Indicators
1454,2020,country,372,Ireland,HPOP,63654.6305856,WHO Triple Billion Indicators
1455,2020,country,372,Ireland,UHC,124251.5787292,WHO Triple Billion Indicators
1456,2020,country,376,Israel,HEP,15747.968299999979,WHO Triple Billion Indicators
1457,2020,country,376,Israel,HPOP,306914.3288611,WHO Triple Billion Indicators
1458,2020,country,376,Israel,UHC,1078264.74920635,WHO Triple Billion Indicators
1459,2020,country,380,Italy,HEP,-1.1641532182693481e-10,WHO Triple Billion Indicators
1460,2020,country,380,Italy,HPOP,1589432.585703,WHO Triple Billion Indicators
1461,2020,country,380,Italy,UHC,659279.30691418,WHO Triple Billion Indicators
1462,2020,country,388,Jamaica,HEP,437595.84500000003,WHO Triple Billion Indicators
1463,2020,country,388,Jamaica,HPOP,-54437.9175381,WHO Triple Billion Indicators
1464,2020,country,388,Jamaica,UHC,-5672.288373700008,WHO Triple Billion Indicators
1465,2020,country,392,Japan,HEP,3049010.2,WHO Triple Billion Indicators
1466,2020,country,392,Japan,HPOP,2210327.099624,WHO Triple Billion Indicators
1467,2020,country,392,Japan,UHC,-2076291.374793,WHO Triple Billion Indicators
1468,2020,country,400,Jordan,HEP,-2059580.52,WHO Triple Billion Indicators
1469,2020,country,400,Jordan,HPOP,590127.1230594,WHO Triple Billion Indicators
1470,2020,country,400,Jordan,UHC,-128670.08991269997,WHO Triple Billion Indicators
1471,2020,country,398,Kazakhstan,HEP,1403909.7799999998,WHO Triple Billion Indicators
1472,2020,country,398,Kazakhstan,HPOP,737623.834483,WHO Triple Billion Indicators
1473,2020,country,398,Kazakhstan,UHC,-228792.5376554999,WHO Triple Billion Indicators
1474,2020,country,404,Kenya,HEP,8349585.19,WHO Triple Billion Indicators
1475,2020,country,404,Kenya,HPOP,2626302.4819560004,WHO Triple Billion Indicators
1476,2020,country,404,Kenya,UHC,-53245.12032999992,WHO Triple Billion Indicators
1477,2020,country,296,Kiribati,HEP,24377.173333,WHO Triple Billion Indicators
1478,2020,country,296,Kiribati,HPOP,5476.86237058,WHO Triple Billion Indicators
1479,2020,country,296,Kiribati,UHC,3770.739762252,WHO Triple Billion Indicators
1480,2020,country,414,Kuwait,HEP,1360003.79,WHO Triple Billion Indicators
1481,2020,country,414,Kuwait,HPOP,124423.38891029998,WHO Triple Billion Indicators
1482,2020,country,414,Kuwait,UHC,166119.865397,WHO Triple Billion Indicators
1483,2020,country,417,Kyrgyzstan,HEP,-2383653.123,WHO Triple Billion Indicators
1484,2020,country,417,Kyrgyzstan,HPOP,612620.7004363,WHO Triple Billion Indicators
1485,2020,country,417,Kyrgyzstan,UHC,-193079.09288,WHO Triple Billion Indicators
1486,2020,country,418,Lao People's Democratic Republic,HEP,391915.25,WHO Triple Billion Indicators
1487,2020,country,418,Lao People's Democratic Republic,HPOP,101170.75526900002,WHO Triple Billion Indicators
1488,2020,country,418,Lao People's Democratic Republic,UHC,169590.87812314997,WHO Triple Billion Indicators
1489,2020,country,428,Latvia,HEP,161171.64,WHO Triple Billion Indicators
1490,2020,country,428,Latvia,HPOP,81207.6786363,WHO Triple Billion Indicators
1491,2020,country,428,Latvia,UHC,-13037.76665713,WHO Triple Billion Indicators
1492,2020,country,422,Lebanon,HEP,152928.12,WHO Triple Billion Indicators
1493,2020,country,422,Lebanon,HPOP,45317.55562518,WHO Triple Billion Indicators
1494,2020,country,422,Lebanon,UHC,-13796.081300199992,WHO Triple Billion Indicators
1495,2020,country,426,Lesotho,HEP,-535810.725,WHO Triple Billion Indicators
1496,2020,country,426,Lesotho,HPOP,208089.8218423,WHO Triple Billion Indicators
1497,2020,country,426,Lesotho,UHC,37740.2376728,WHO Triple Billion Indicators
1498,2020,country,430,Liberia,HEP,-245146.59000000008,WHO Triple Billion Indicators
1499,2020,country,430,Liberia,HPOP,15639.748746269956,WHO Triple Billion Indicators
1500,2020,country,430,Liberia,UHC,78474.5285323,WHO Triple Billion Indicators
1501,2020,country,434,Libya,HEP,1618827.4,WHO Triple Billion Indicators
1502,2020,country,434,Libya,HPOP,-40172.2683957,WHO Triple Billion Indicators
1503,2020,country,434,Libya,UHC,-88896.08467499998,WHO Triple Billion Indicators
1504,2020,country,440,Lithuania,HEP,173448.99,WHO Triple Billion Indicators
1505,2020,country,440,Lithuania,HPOP,120500.0139523,WHO Triple Billion Indicators
1506,2020,country,440,Lithuania,UHC,55464.7290138,WHO Triple Billion Indicators
1507,2020,country,442,Luxembourg,HEP,160344.0,WHO Triple Billion Indicators
1508,2020,country,442,Luxembourg,HPOP,23311.715037399998,WHO Triple Billion Indicators
1509,2020,country,442,Luxembourg,UHC,49286.898643456,WHO Triple Billion Indicators
1510,2020,country,450,Madagascar,HEP,1748851.8300000005,WHO Triple Billion Indicators
1511,2020,country,450,Madagascar,HPOP,2082836.3203433,WHO Triple Billion Indicators
1512,2020,country,450,Madagascar,UHC,248437.7711604,WHO Triple Billion Indicators
1513,2020,country,454,Malawi,HEP,415340.82720000006,WHO Triple Billion Indicators
1514,2020,country,454,Malawi,HPOP,1120972.545162,WHO Triple Billion Indicators
1515,2020,country,454,Malawi,UHC,-12544.87361495,WHO Triple Billion Indicators
1516,2020,country,458,Malaysia,HEP,-2802242.4000000004,WHO Triple Billion Indicators
1517,2020,country,458,Malaysia,HPOP,263140.75629700004,WHO Triple Billion Indicators
1518,2020,country,458,Malaysia,UHC,-458539.54814444,WHO Triple Billion Indicators
1519,2020,country,462,Maldives,HEP,38641.725,WHO Triple Billion Indicators
1520,2020,country,462,Maldives,HPOP,130.77953236000099,WHO Triple Billion Indicators
1521,2020,country,462,Maldives,UHC,-6505.914760995,WHO Triple Billion Indicators
1522,2020,country,466,Mali,HEP,732707.1242,WHO Triple Billion Indicators
1523,2020,country,466,Mali,HPOP,697812.2335816995,WHO Triple Billion Indicators
1524,2020,country,466,Mali,UHC,535384.9910051001,WHO Triple Billion Indicators
1525,2020,country,470,Malta,HEP,32297.819999999923,WHO Triple Billion Indicators
1526,2020,country,470,Malta,HPOP,8355.732905222,WHO Triple Billion Indicators
1527,2020,country,470,Malta,UHC,21739.173729207,WHO Triple Billion Indicators
1528,2020,country,584,Marshall Islands,HEP,-9206.085000000001,WHO Triple Billion Indicators
1529,2020,country,584,Marshall Islands,HPOP,107.21757725800002,WHO Triple Billion Indicators
1530,2020,country,584,Marshall Islands,UHC,-2153.632476807,WHO Triple Billion Indicators
1531,2020,country,478,Mauritania,HEP,678402.25769,WHO Triple Billion Indicators
1532,2020,country,478,Mauritania,HPOP,127137.20892768001,WHO Triple Billion Indicators
1533,2020,country,478,Mauritania,UHC,35037.20790180001,WHO Triple Billion Indicators
1534,2020,country,480,Mauritius,HEP,-13032.099999999991,WHO Triple Billion Indicators
1535,2020,country,480,Mauritius,HPOP,3225.884932830001,WHO Triple Billion Indicators
1536,2020,country,480,Mauritius,UHC,-3665.2180572100006,WHO Triple Billion Indicators
1537,2020,country,484,Mexico,HEP,-12378632.15,WHO Triple Billion Indicators
1538,2020,country,484,Mexico,HPOP,7809730.294336,WHO Triple Billion Indicators
1539,2020,country,484,Mexico,UHC,-4217675.68561,WHO Triple Billion Indicators
1540,2020,country,583,Micronesia (Federated States of),HEP,25042.986667,WHO Triple Billion Indicators
1541,2020,country,583,Micronesia (Federated States of),HPOP,-579.1700703079999,WHO Triple Billion Indicators
1542,2020,country,583,Micronesia (Federated States of),UHC,4236.428321446,WHO Triple Billion Indicators
1543,2020,country,492,Monaco,HEP,721.0199999999949,WHO Triple Billion Indicators
1544,2020,country,492,Monaco,HPOP,327.927453874,WHO Triple Billion Indicators
1545,2020,country,492,Monaco,UHC,-339.36701425100006,WHO Triple Billion Indicators
1546,2020,country,496,Mongolia,HEP,70758.94,WHO Triple Billion Indicators
1547,2020,country,496,Mongolia,HPOP,339049.2411652,WHO Triple Billion Indicators
1548,2020,country,496,Mongolia,UHC,-42552.059016000014,WHO Triple Billion Indicators
1549,2020,country,499,Montenegro,HEP,39622.79,WHO Triple Billion Indicators
1550,2020,country,499,Montenegro,HPOP,50558.61558274,WHO Triple Billion Indicators
1551,2020,country,499,Montenegro,UHC,-21450.4160149,WHO Triple Billion Indicators
1552,2020,country,504,Morocco,HEP,1928564.45,WHO Triple Billion Indicators
1553,2020,country,504,Morocco,HPOP,998070.8673,WHO Triple Billion Indicators
1554,2020,country,504,Morocco,UHC,481490.87013100006,WHO Triple Billion Indicators
1555,2020,country,508,Mozambique,HEP,4653255.585000001,WHO Triple Billion Indicators
1556,2020,country,508,Mozambique,HPOP,740350.945207,WHO Triple Billion Indicators
1557,2020,country,508,Mozambique,UHC,687043.8469788,WHO Triple Billion Indicators
1558,2020,country,104,Myanmar,HEP,-1383419.5750000002,WHO Triple Billion Indicators
1559,2020,country,104,Myanmar,HPOP,5519618.276547,WHO Triple Billion Indicators
1560,2020,country,104,Myanmar,UHC,-133936.48945,WHO Triple Billion Indicators
1561,2020,country,516,Namibia,HEP,-116578.97329999995,WHO Triple Billion Indicators
1562,2020,country,516,Namibia,HPOP,56048.4056101,WHO Triple Billion Indicators
1563,2020,country,516,Namibia,UHC,116469.9711783,WHO Triple Billion Indicators
1564,2020,country,520,Nauru,HEP,259.58,WHO Triple Billion Indicators
1565,2020,country,520,Nauru,HPOP,248.665022491,WHO Triple Billion Indicators
1566,2020,country,520,Nauru,UHC,310.048988843,WHO Triple Billion Indicators
1567,2020,country,524,Nepal,HEP,4262943.734999999,WHO Triple Billion Indicators
1568,2020,country,524,Nepal,HPOP,2432187.044419,WHO Triple Billion Indicators
1569,2020,country,524,Nepal,UHC,795326.09863,WHO Triple Billion Indicators
1570,2020,country,528,Netherlands (Kingdom of the),HEP,1063339.98,WHO Triple Billion Indicators
1571,2020,country,528,Netherlands (Kingdom of the),HPOP,378099.0918414,WHO Triple Billion Indicators
1572,2020,country,528,Netherlands (Kingdom of the),UHC,504461.4195799,WHO Triple Billion Indicators
1573,2020,country,554,New Zealand,HEP,-53106.95,WHO Triple Billion Indicators
1574,2020,country,554,New Zealand,HPOP,148039.4569438,WHO Triple Billion Indicators
1575,2020,country,554,New Zealand,UHC,108050.67739849999,WHO Triple Billion Indicators
1576,2020,country,558,Nicaragua,HEP,723731.3,WHO Triple Billion Indicators
1577,2020,country,558,Nicaragua,HPOP,190888.5145476,WHO Triple Billion Indicators
1578,2020,country,558,Nicaragua,UHC,85697.0427088,WHO Triple Billion Indicators
1579,2020,country,562,Niger,HEP,-7830693.5709999995,WHO Triple Billion Indicators
1580,2020,country,562,Niger,HPOP,71437.37373149999,WHO Triple Billion Indicators
1581,2020,country,562,Niger,UHC,172692.12597620903,WHO Triple Billion Indicators
1582,2020,country,566,Nigeria,HEP,-4610260.16,WHO Triple Billion Indicators
1583,2020,country,566,Nigeria,HPOP,16023134.483986,WHO Triple Billion Indicators
1584,2020,country,566,Nigeria,UHC,3259093.9091200004,WHO Triple Billion Indicators
1585,2020,country,570,Niue,HEP,-64.5,WHO Triple Billion Indicators
1586,2020,country,570,Niue,HPOP,-30.790500364999996,WHO Triple Billion Indicators
1587,2020,country,570,Niue,UHC,121.21032937499999,WHO Triple Billion Indicators
1588,2020,country,807,North Macedonia,HEP,-145769.75,WHO Triple Billion Indicators
1589,2020,country,807,North Macedonia,HPOP,141385.23828331998,WHO Triple Billion Indicators
1590,2020,country,807,North Macedonia,UHC,-34388.048857600006,WHO Triple Billion Indicators
1591,2020,country,578,Norway,HEP,444357.44,WHO Triple Billion Indicators
1592,2020,country,578,Norway,HPOP,84004.7757824,WHO Triple Billion Indicators
1593,2020,country,578,Norway,UHC,154585.09872598,WHO Triple Billion Indicators
1594,2020,country,512,Oman,HEP,-860527.0800000001,WHO Triple Billion Indicators
1595,2020,country,512,Oman,HPOP,145226.1928555,WHO Triple Billion Indicators
1596,2020,country,512,Oman,UHC,-152288.798517218,WHO Triple Billion Indicators
1597,2020,country,586,Pakistan,HEP,24994888.5,WHO Triple Billion Indicators
1598,2020,country,586,Pakistan,HPOP,32045791.67373,WHO Triple Billion Indicators
1599,2020,country,586,Pakistan,UHC,995445.3223529998,WHO Triple Billion Indicators
1600,2020,country,585,Palau,HEP,811.98,WHO Triple Billion Indicators
1601,2020,country,585,Palau,HPOP,-25.545919139999967,WHO Triple Billion Indicators
1602,2020,country,585,Palau,UHC,248.88921836,WHO Triple Billion Indicators
1603,2020,country,591,Panama,HEP,5.820766091346741e-11,WHO Triple Billion Indicators
1604,2020,country,591,Panama,HPOP,258715.7723495,WHO Triple Billion Indicators
1605,2020,country,591,Panama,UHC,105847.850488,WHO Triple Billion Indicators
1606,2020,country,598,Papua New Guinea,HEP,-802585.8,WHO Triple Billion Indicators
1607,2020,country,598,Papua New Guinea,HPOP,60012.08231870001,WHO Triple Billion Indicators
1608,2020,country,598,Papua New Guinea,UHC,-4659.7995329999985,WHO Triple Billion Indicators
1609,2020,country,600,Paraguay,HEP,-328129.2467,WHO Triple Billion Indicators
1610,2020,country,600,Paraguay,HPOP,144374.58859200001,WHO Triple Billion Indicators
1611,2020,country,600,Paraguay,UHC,191.34291699999994,WHO Triple Billion Indicators
1612,2020,country,604,Peru,HEP,-1400633.0,WHO Triple Billion Indicators
1613,2020,country,604,Peru,HPOP,2859277.693469,WHO Triple Billion Indicators
1614,2020,country,604,Peru,UHC,-566619.0282370001,WHO Triple Billion Indicators
1615,2020,country,608,Philippines,HEP,16921010.12,WHO Triple Billion Indicators
1616,2020,country,608,Philippines,HPOP,5154206.3679224,WHO Triple Billion Indicators
1617,2020,country,608,Philippines,UHC,1788059.55777,WHO Triple Billion Indicators
1618,2020,country,616,Poland,HEP,-6140593.15,WHO Triple Billion Indicators
1619,2020,country,616,Poland,HPOP,1415340.1165213,WHO Triple Billion Indicators
1620,2020,country,616,Poland,UHC,-1133376.3674487,WHO Triple Billion Indicators
1621,2020,country,620,Portugal,HEP,1019811.6,WHO Triple Billion Indicators
1622,2020,country,620,Portugal,HPOP,217442.6023354,WHO Triple Billion Indicators
1623,2020,country,620,Portugal,UHC,252809.9781753,WHO Triple Billion Indicators
1624,2020,country,634,Qatar,HEP,0.0,WHO Triple Billion Indicators
1625,2020,country,634,Qatar,HPOP,150380.79174641,WHO Triple Billion Indicators
1626,2020,country,634,Qatar,UHC,12016.771854400002,WHO Triple Billion Indicators
1627,2020,country,410,Republic of Korea,HEP,4652143.11,WHO Triple Billion Indicators
1628,2020,country,410,Republic of Korea,HPOP,1579990.538775,WHO Triple Billion Indicators
1629,2020,country,410,Republic of Korea,UHC,1686961.2274749998,WHO Triple Billion Indicators
1630,2020,country,498,Republic of Moldova,HEP,21699.7733,WHO Triple Billion Indicators
1631,2020,country,498,Republic of Moldova,HPOP,91624.7474092,WHO Triple Billion Indicators
1632,2020,country,498,Republic of Moldova,UHC,-150745.749063,WHO Triple Billion Indicators
1633,2020,country,642,Romania,HEP,-194243.22,WHO Triple Billion Indicators
1634,2020,country,642,Romania,HPOP,1210294.44674,WHO Triple Billion Indicators
1635,2020,country,642,Romania,UHC,-55583.07868350002,WHO Triple Billion Indicators
1636,2020,country,643,Russian Federation,HEP,5739768.4,WHO Triple Billion Indicators
1637,2020,country,643,Russian Federation,HPOP,-3143711.131280001,WHO Triple Billion Indicators
1638,2020,country,643,Russian Federation,UHC,-5677754.675415,WHO Triple Billion Indicators
1639,2020,country,646,Rwanda,HEP,810548.64,WHO Triple Billion Indicators
1640,2020,country,646,Rwanda,HPOP,646870.000925,WHO Triple Billion Indicators
1641,2020,country,646,Rwanda,UHC,352038.258684,WHO Triple Billion Indicators
1642,2020,country,659,Saint Kitts and Nevis,HEP,3834.8,WHO Triple Billion Indicators
1643,2020,country,659,Saint Kitts and Nevis,HPOP,-411.36521607399993,WHO Triple Billion Indicators
1644,2020,country,659,Saint Kitts and Nevis,UHC,529.66309581,WHO Triple Billion Indicators
1645,2020,country,662,Saint Lucia,HEP,19944.1,WHO Triple Billion Indicators
1646,2020,country,662,Saint Lucia,HPOP,-1406.6335185,WHO Triple Billion Indicators
1647,2020,country,662,Saint Lucia,UHC,5500.230499012,WHO Triple Billion Indicators
1648,2020,country,670,Saint Vincent and the Grenadines,HEP,-4672.035,WHO Triple Billion Indicators
1649,2020,country,670,Saint Vincent and the Grenadines,HPOP,-1949.867594415,WHO Triple Billion Indicators
1650,2020,country,670,Saint Vincent and the Grenadines,UHC,1282.7810752500002,WHO Triple Billion Indicators
1651,2020,country,882,Samoa,HEP,45285.045000000006,WHO Triple Billion Indicators
1652,2020,country,882,Samoa,HPOP,1612.85516915,WHO Triple Billion Indicators
1653,2020,country,882,Samoa,UHC,6985.28595529,WHO Triple Billion Indicators
1654,2020,country,674,San Marino,HEP,-6215.093867,WHO Triple Billion Indicators
1655,2020,country,674,San Marino,HPOP,1901.3567531739998,WHO Triple Billion Indicators
1656,2020,country,674,San Marino,UHC,-83.26884689800004,WHO Triple Billion Indicators
1657,2020,country,678,Sao Tome and Principe,HEP,-24097.9,WHO Triple Billion Indicators
1658,2020,country,678,Sao Tome and Principe,HPOP,6651.611842385,WHO Triple Billion Indicators
1659,2020,country,678,Sao Tome and Principe,UHC,865.7377458700008,WHO Triple Billion Indicators
1660,2020,country,682,Saudi Arabia,HEP,4482816.342,WHO Triple Billion Indicators
1661,2020,country,682,Saudi Arabia,HPOP,1864773.826353,WHO Triple Billion Indicators
1662,2020,country,682,Saudi Arabia,UHC,667446.6498671998,WHO Triple Billion Indicators
1663,2020,country,686,Senegal,HEP,4077914.6358,WHO Triple Billion Indicators
1664,2020,country,686,Senegal,HPOP,-4748.76853950003,WHO Triple Billion Indicators
1665,2020,country,686,Senegal,UHC,887353.9561984,WHO Triple Billion Indicators
1666,2020,country,688,Serbia,HEP,-211691.55,WHO Triple Billion Indicators
1667,2020,country,688,Serbia,HPOP,459457.702646,WHO Triple Billion Indicators
1668,2020,country,688,Serbia,UHC,-765332.3382212,WHO Triple Billion Indicators
1669,2020,country,690,Seychelles,HEP,13786.9066667,WHO Triple Billion Indicators
1670,2020,country,690,Seychelles,HPOP,-43.65603069700008,WHO Triple Billion Indicators
1671,2020,country,690,Seychelles,UHC,9235.88951083,WHO Triple Billion Indicators
1672,2020,country,694,Sierra Leone,HEP,1426071.43836,WHO Triple Billion Indicators
1673,2020,country,694,Sierra Leone,HPOP,5800.38249399999,WHO Triple Billion Indicators
1674,2020,country,694,Sierra Leone,UHC,-8009.750100000008,WHO Triple Billion Indicators
1675,2020,country,702,Singapore,HEP,274029.34500000003,WHO Triple Billion Indicators
1676,2020,country,702,Singapore,HPOP,-43159.601442700005,WHO Triple Billion Indicators
1677,2020,country,702,Singapore,UHC,200060.87535400002,WHO Triple Billion Indicators
1678,2020,country,703,Slovakia,HEP,478977.89,WHO Triple Billion Indicators
1679,2020,country,703,Slovakia,HPOP,159337.55547079002,WHO Triple Billion Indicators
1680,2020,country,703,Slovakia,UHC,109471.68243364201,WHO Triple Billion Indicators
1681,2020,country,705,Slovenia,HEP,137654.53,WHO Triple Billion Indicators
1682,2020,country,705,Slovenia,HPOP,108382.598604509,WHO Triple Billion Indicators
1683,2020,country,705,Slovenia,UHC,86163.97639550001,WHO Triple Billion Indicators
1684,2020,country,90,Solomon Islands,HEP,81167.83499999999,WHO Triple Billion Indicators
1685,2020,country,90,Solomon Islands,HPOP,1066.63698678,WHO Triple Billion Indicators
1686,2020,country,90,Solomon Islands,UHC,19601.2701769,WHO Triple Billion Indicators
1687,2020,country,706,Somalia,HEP,840809.8885,WHO Triple Billion Indicators
1688,2020,country,706,Somalia,HPOP,655408.9074405,WHO Triple Billion Indicators
1689,2020,country,706,Somalia,UHC,222740.57729989002,WHO Triple Billion Indicators
1690,2020,country,710,South Africa,HEP,11409519.985,WHO Triple Billion Indicators
1691,2020,country,710,South Africa,HPOP,1989408.6939500002,WHO Triple Billion Indicators
1692,2020,country,710,South Africa,UHC,2295236.02419,WHO Triple Billion Indicators
1693,2020,country,728,South Sudan,HEP,-105955.13629999998,WHO Triple Billion Indicators
1694,2020,country,728,South Sudan,HPOP,179548.4386106,WHO Triple Billion Indicators
1695,2020,country,728,South Sudan,UHC,159775.5536396,WHO Triple Billion Indicators
1696,2020,country,724,Spain,HEP,2845201.44,WHO Triple Billion Indicators
1697,2020,country,724,Spain,HPOP,1144811.0891129,WHO Triple Billion Indicators
1698,2020,country,724,Spain,UHC,923165.84058006,WHO Triple Billion Indicators
1699,2020,country,144,Sri Lanka,HEP,3520039.36,WHO Triple Billion Indicators
1700,2020,country,144,Sri Lanka,HPOP,401385.5409767,WHO Triple Billion Indicators
1701,2020,country,144,Sri Lanka,UHC,654274.382534,WHO Triple Billion Indicators
1702,2020,country,729,Sudan,HEP,-3699463.5799,WHO Triple Billion Indicators
1703,2020,country,729,Sudan,HPOP,1950949.3229889998,WHO Triple Billion Indicators
1704,2020,country,729,Sudan,UHC,161186.14101419994,WHO Triple Billion Indicators
1705,2020,country,740,Suriname,HEP,-228319.56,WHO Triple Billion Indicators
1706,2020,country,740,Suriname,HPOP,2715.2221690599995,WHO Triple Billion Indicators
1707,2020,country,740,Suriname,UHC,-36687.70024181,WHO Triple Billion Indicators
1708,2020,country,752,Sweden,HEP,214677.34000000003,WHO Triple Billion Indicators
1709,2020,country,752,Sweden,HPOP,278025.11166832,WHO Triple Billion Indicators
1710,2020,country,752,Sweden,UHC,175365.35254171,WHO Triple Billion Indicators
1711,2020,country,756,Switzerland,HEP,-216678.84329999998,WHO Triple Billion Indicators
1712,2020,country,756,Switzerland,HPOP,167807.4174635,WHO Triple Billion Indicators
1713,2020,country,756,Switzerland,UHC,187959.3784633,WHO Triple Billion Indicators
1714,2020,country,760,Syrian Arab Republic,HEP,-6356797.75,WHO Triple Billion Indicators
1715,2020,country,760,Syrian Arab Republic,HPOP,-269861.3206122,WHO Triple Billion Indicators
1716,2020,country,760,Syrian Arab Republic,UHC,288265.2123129,WHO Triple Billion Indicators
1717,2020,country,762,Tajikistan,HEP,736185.8,WHO Triple Billion Indicators
1718,2020,country,762,Tajikistan,HPOP,904230.6818538001,WHO Triple Billion Indicators
1719,2020,country,762,Tajikistan,UHC,4314.725279799983,WHO Triple Billion Indicators
1720,2020,country,764,Thailand,HEP,6475774.86,WHO Triple Billion Indicators
1721,2020,country,764,Thailand,HPOP,3085030.002543,WHO Triple Billion Indicators
1722,2020,country,764,Thailand,UHC,3290737.41531,WHO Triple Billion Indicators
1723,2020,country,626,Timor-Leste,HEP,65295.25332999999,WHO Triple Billion Indicators
1724,2020,country,626,Timor-Leste,HPOP,28224.23939896,WHO Triple Billion Indicators
1725,2020,country,626,Timor-Leste,UHC,24788.6752041,WHO Triple Billion Indicators
1726,2020,country,768,Togo,HEP,1622597.7718,WHO Triple Billion Indicators
1727,2020,country,768,Togo,HPOP,357388.65719836,WHO Triple Billion Indicators
1728,2020,country,768,Togo,UHC,184233.3898896,WHO Triple Billion Indicators
1729,2020,country,776,Tonga,HEP,8767.68,WHO Triple Billion Indicators
1730,2020,country,776,Tonga,HPOP,2603.2407566300003,WHO Triple Billion Indicators
1731,2020,country,776,Tonga,UHC,2598.652390585,WHO Triple Billion Indicators
1732,2020,country,780,Trinidad and Tobago,HEP,164367.25333,WHO Triple Billion Indicators
1733,2020,country,780,Trinidad and Tobago,HPOP,2784.8884702999994,WHO Triple Billion Indicators
1734,2020,country,780,Trinidad and Tobago,UHC,35726.85349129,WHO Triple Billion Indicators
1735,2020,country,788,Tunisia,HEP,1519896.24,WHO Triple Billion Indicators
1736,2020,country,788,Tunisia,HPOP,344169.65700229997,WHO Triple Billion Indicators
1737,2020,country,788,Tunisia,UHC,43024.152003899966,WHO Triple Billion Indicators
1738,2020,country,795,Turkmenistan,HEP,0.0,WHO Triple Billion Indicators
1739,2020,country,795,Turkmenistan,HPOP,240199.8663431,WHO Triple Billion Indicators
1740,2020,country,795,Turkmenistan,UHC,14240.465393699997,WHO Triple Billion Indicators
1741,2020,country,798,Tuvalu,HEP,-346.95,WHO Triple Billion Indicators
1742,2020,country,798,Tuvalu,HPOP,128.217335446,WHO Triple Billion Indicators
1743,2020,country,798,Tuvalu,UHC,-16.038818608999993,WHO Triple Billion Indicators
1744,2020,country,792,Türkiye,HEP,16905812.82,WHO Triple Billion Indicators
1745,2020,country,792,Türkiye,HPOP,4261675.478391,WHO Triple Billion Indicators
1746,2020,country,792,Türkiye,UHC,1596682.0625129999,WHO Triple Billion Indicators
1747,2020,country,800,Uganda,HEP,8602421.156,WHO Triple Billion Indicators
1748,2020,country,800,Uganda,HPOP,1173105.299075,WHO Triple Billion Indicators
1749,2020,country,800,Uganda,UHC,1075797.589171,WHO Triple Billion Indicators
1750,2020,country,804,Ukraine,HEP,581386.1399999999,WHO Triple Billion Indicators
1751,2020,country,804,Ukraine,HPOP,406851.89868600003,WHO Triple Billion Indicators
1752,2020,country,804,Ukraine,UHC,-673347.8366463,WHO Triple Billion Indicators
1753,2020,country,784,United Arab Emirates,HEP,-434939.35500000004,WHO Triple Billion Indicators
1754,2020,country,784,United Arab Emirates,HPOP,353158.7715657,WHO Triple Billion Indicators
1755,2020,country,784,United Arab Emirates,UHC,622403.01630737,WHO Triple Billion Indicators
1756,2020,country,826,United Kingdom of Great Britain and Northern Ireland,HEP,2727224.24,WHO Triple Billion Indicators
1757,2020,country,826,United Kingdom of Great Britain and Northern Ireland,HPOP,1432441.538116,WHO Triple Billion Indicators
1758,2020,country,826,United Kingdom of Great Britain and Northern Ireland,UHC,1952209.5617369,WHO Triple Billion Indicators
1759,2020,country,834,United Republic of Tanzania,HEP,-1654195.2760000005,WHO Triple Billion Indicators
1760,2020,country,834,United Republic of Tanzania,HPOP,2965747.6776197003,WHO Triple Billion Indicators
1761,2020,country,834,United Republic of Tanzania,UHC,2427061.8347998997,WHO Triple Billion Indicators
1762,2020,country,840,United States of America,HEP,10308102.12,WHO Triple Billion Indicators
1763,2020,country,840,United States of America,HPOP,1927529.4880199996,WHO Triple Billion Indicators
1764,2020,country,840,United States of America,UHC,7797281.73713,WHO Triple Billion Indicators
1765,2020,country,858,Uruguay,HEP,-136938.16,WHO Triple Billion Indicators
1766,2020,country,858,Uruguay,HPOP,24548.359370600003,WHO Triple Billion Indicators
1767,2020,country,858,Uruguay,UHC,-144494.172507,WHO Triple Billion Indicators
1768,2020,country,860,Uzbekistan,HEP,6147032.72,WHO Triple Billion Indicators
1769,2020,country,860,Uzbekistan,HPOP,1863009.2466040002,WHO Triple Billion Indicators
1770,2020,country,860,Uzbekistan,UHC,198635.66797400004,WHO Triple Billion Indicators
1771,2020,country,548,Vanuatu,HEP,63036.36,WHO Triple Billion Indicators
1772,2020,country,548,Vanuatu,HPOP,-2923.05072605,WHO Triple Billion Indicators
1773,2020,country,548,Vanuatu,UHC,8761.151944305,WHO Triple Billion Indicators
1774,2020,country,862,Venezuela (Bolivarian Republic of),HEP,-10272445.25,WHO Triple Billion Indicators
1775,2020,country,862,Venezuela (Bolivarian Republic of),HPOP,466338.21632600005,WHO Triple Billion Indicators
1776,2020,country,862,Venezuela (Bolivarian Republic of),UHC,220773.22992800007,WHO Triple Billion Indicators
1777,2020,country,704,Viet Nam,HEP,9009358.11,WHO Triple Billion Indicators
1778,2020,country,704,Viet Nam,HPOP,5971207.749217,WHO Triple Billion Indicators
1779,2020,country,704,Viet Nam,UHC,5968596.078556,WHO Triple Billion Indicators
1780,2020,country,887,Yemen,HEP,1931778.7976000002,WHO Triple Billion Indicators
1781,2020,country,887,Yemen,HPOP,21662.51166300001,WHO Triple Billion Indicators
1782,2020,country,887,Yemen,UHC,387566.492463,WHO Triple Billion Indicators
1783,2020,country,894,Zambia,HEP,-209188.69900000095,WHO Triple Billion Indicators
1784,2020,country,894,Zambia,HPOP,-95095.2408168,WHO Triple Billion Indicators
1785,2020,country,894,Zambia,UHC,809501.7069989999,WHO Triple Billion Indicators
1786,2020,country,716,Zimbabwe,HEP,386897.9538,WHO Triple Billion Indicators
1787,2020,country,716,Zimbabwe,HPOP,-95087.53645900001,WHO Triple Billion Indicators
1788,2020,country,716,Zimbabwe,UHC,10298.064771,WHO Triple Billion Indicators
1789,2020,global,1,World,HEP,334132003.4,WHO Triple Billion Indicators
1790,2020,global,1,World,HPOP,644483452.2159,WHO Triple Billion Indicators
1791,2020,global,1,World,UHC,93655916.20199999,WHO Triple Billion Indicators
1792,2020,who_region,953,Africa,HEP,90485031.69999999,WHO Triple Billion Indicators
1793,2020,who_region,953,Africa,HPOP,39795833.81633,WHO Triple Billion Indicators
1794,2020,who_region,953,Africa,UHC,24274528.534199998,WHO Triple Billion Indicators
1795,2020,who_region,954,Americas,HEP,598622.1000000089,WHO Triple Billion Indicators
1796,2020,who_region,954,Americas,HPOP,25373062.589149002,WHO Triple Billion Indicators
1797,2020,who_region,954,Americas,UHC,-4022713.131450001,WHO Triple Billion Indicators
1798,2020,who_region,957,Eastern Mediterranean,HEP,42685064.648,WHO Triple Billion Indicators
1799,2020,who_region,957,Eastern Mediterranean,HPOP,46063101.8725,WHO Triple Billion Indicators
1800,2020,who_region,957,Eastern Mediterranean,UHC,5450251.42406,WHO Triple Billion Indicators
1801,2020,who_region,956,Europe,HEP,39503613.91,WHO Triple Billion Indicators
1802,2020,who_region,956,Europe,HPOP,24684593.942219,WHO Triple Billion Indicators
1803,2020,who_region,956,Europe,UHC,2039228.1870000002,WHO Triple Billion Indicators
1804,2020,who_region,955,South-East Asia,HEP,84891841.44000001,WHO Triple Billion Indicators
1805,2020,who_region,955,South-East Asia,HPOP,330574828.41795,WHO Triple Billion Indicators
1806,2020,who_region,955,South-East Asia,UHC,34666756.01279999,WHO Triple Billion Indicators
1807,2020,who_region,958,Western Pacific,HEP,75967829.59,WHO Triple Billion Indicators
1808,2020,who_region,958,Western Pacific,HPOP,177992031.50879,WHO Triple Billion Indicators
1809,2020,who_region,958,Western Pacific,UHC,31247865.173890006,WHO Triple Billion Indicators
1810,2021,country,4,Afghanistan,HEP,1112894.8250000002,WHO Triple Billion Indicators
1811,2021,country,4,Afghanistan,HPOP,6290128.060148001,WHO Triple Billion Indicators
1812,2021,country,4,Afghanistan,UHC,258907.14941100005,WHO Triple Billion Indicators
1813,2021,country,8,Albania,HEP,423243.9,WHO Triple Billion Indicators
1814,2021,country,8,Albania,HPOP,379676.5589191,WHO Triple Billion Indicators
1815,2021,country,8,Albania,UHC,80608.175107,WHO Triple Billion Indicators
1816,2021,country,12,Algeria,HEP,-2111491.395,WHO Triple Billion Indicators
1817,2021,country,12,Algeria,HPOP,-2641034.9577673003,WHO Triple Billion Indicators
1818,2021,country,12,Algeria,UHC,271357.48502200004,WHO Triple Billion Indicators
1819,2021,country,20,Andorra,HEP,8520.400366,WHO Triple Billion Indicators
1820,2021,country,20,Andorra,HPOP,4247.6852410930005,WHO Triple Billion Indicators
1821,2021,country,20,Andorra,UHC,2832.569980572,WHO Triple Billion Indicators
1822,2021,country,24,Angola,HEP,-11812646.603,WHO Triple Billion Indicators
1823,2021,country,24,Angola,HPOP,-731863.197076,WHO Triple Billion Indicators
1824,2021,country,24,Angola,UHC,595512.7466019,WHO Triple Billion Indicators
1825,2021,country,28,Antigua and Barbuda,HEP,7148.925,WHO Triple Billion Indicators
1826,2021,country,28,Antigua and Barbuda,HPOP,-3737.516205497,WHO Triple Billion Indicators
1827,2021,country,28,Antigua and Barbuda,UHC,4621.520965066,WHO Triple Billion Indicators
1828,2021,country,32,Argentina,HEP,154458.3999999999,WHO Triple Billion Indicators
1829,2021,country,32,Argentina,HPOP,130974.9400700001,WHO Triple Billion Indicators
1830,2021,country,32,Argentina,UHC,1145135.78689,WHO Triple Billion Indicators
1831,2021,country,51,Armenia,HEP,166620.18,WHO Triple Billion Indicators
1832,2021,country,51,Armenia,HPOP,123305.6115302,WHO Triple Billion Indicators
1833,2021,country,51,Armenia,UHC,-69125.16313926,WHO Triple Billion Indicators
1834,2021,country,36,Australia,HEP,134790.27000000005,WHO Triple Billion Indicators
1835,2021,country,36,Australia,HPOP,-482286.036106,WHO Triple Billion Indicators
1836,2021,country,36,Australia,UHC,790340.1215735299,WHO Triple Billion Indicators
1837,2021,country,40,Austria,HEP,1708883.3699999999,WHO Triple Billion Indicators
1838,2021,country,40,Austria,HPOP,369490.4518623,WHO Triple Billion Indicators
1839,2021,country,40,Austria,UHC,710747.2871511991,WHO Triple Billion Indicators
1840,2021,country,31,Azerbaijan,HEP,315286.05000000005,WHO Triple Billion Indicators
1841,2021,country,31,Azerbaijan,HPOP,628747.850275,WHO Triple Billion Indicators
1842,2021,country,31,Azerbaijan,UHC,75468.89001300001,WHO Triple Billion Indicators
1843,2021,country,44,Bahamas,HEP,14622.649999999998,WHO Triple Billion Indicators
1844,2021,country,44,Bahamas,HPOP,6338.246099073001,WHO Triple Billion Indicators
1845,2021,country,44,Bahamas,UHC,1915.1772792500005,WHO Triple Billion Indicators
1846,2021,country,48,Bahrain,HEP,-45350.28,WHO Triple Billion Indicators
1847,2021,country,48,Bahrain,HPOP,51392.65313541999,WHO Triple Billion Indicators
1848,2021,country,48,Bahrain,UHC,24462.0988899,WHO Triple Billion Indicators
1849,2021,country,50,Bangladesh,HEP,24770934.489019997,WHO Triple Billion Indicators
1850,2021,country,50,Bangladesh,HPOP,25219397.900678,WHO Triple Billion Indicators
1851,2021,country,50,Bangladesh,UHC,4615304.22315,WHO Triple Billion Indicators
1852,2021,country,52,Barbados,HEP,-15259.32,WHO Triple Billion Indicators
1853,2021,country,52,Barbados,HPOP,-1964.2033563300004,WHO Triple Billion Indicators
1854,2021,country,52,Barbados,UHC,-713.2911429299998,WHO Triple Billion Indicators
1855,2021,country,112,Belarus,HEP,251001.06667,WHO Triple Billion Indicators
1856,2021,country,112,Belarus,HPOP,169524.4905943,WHO Triple Billion Indicators
1857,2021,country,112,Belarus,UHC,-625821.3525764999,WHO Triple Billion Indicators
1858,2021,country,56,Belgium,HEP,-1174452.1,WHO Triple Billion Indicators
1859,2021,country,56,Belgium,HPOP,829820.1240992,WHO Triple Billion Indicators
1860,2021,country,56,Belgium,UHC,-81011.02986770202,WHO Triple Billion Indicators
1861,2021,country,84,Belize,HEP,10561.0,WHO Triple Billion Indicators
1862,2021,country,84,Belize,HPOP,-6012.3055116000005,WHO Triple Billion Indicators
1863,2021,country,84,Belize,UHC,-2855.7023886470006,WHO Triple Billion Indicators
1864,2021,country,204,Benin,HEP,1106097.83224,WHO Triple Billion Indicators
1865,2021,country,204,Benin,HPOP,-39370.365534,WHO Triple Billion Indicators
1866,2021,country,204,Benin,UHC,418341.79246599996,WHO Triple Billion Indicators
1867,2021,country,64,Bhutan,HEP,35880.075,WHO Triple Billion Indicators
1868,2021,country,64,Bhutan,HPOP,160514.65675819002,WHO Triple Billion Indicators
1869,2021,country,64,Bhutan,UHC,14722.9845036,WHO Triple Billion Indicators
1870,2021,country,68,Bolivia (Plurinational State of),HEP,-2260316.912,WHO Triple Billion Indicators
1871,2021,country,68,Bolivia (Plurinational State of),HPOP,194132.78761980004,WHO Triple Billion Indicators
1872,2021,country,68,Bolivia (Plurinational State of),UHC,146415.79409870002,WHO Triple Billion Indicators
1873,2021,country,70,Bosnia and Herzegovina,HEP,206801.20500000002,WHO Triple Billion Indicators
1874,2021,country,70,Bosnia and Herzegovina,HPOP,318187.10209390003,WHO Triple Billion Indicators
1875,2021,country,70,Bosnia and Herzegovina,UHC,-105155.30295140001,WHO Triple Billion Indicators
1876,2021,country,72,Botswana,HEP,359233.94,WHO Triple Billion Indicators
1877,2021,country,72,Botswana,HPOP,56387.53306400001,WHO Triple Billion Indicators
1878,2021,country,72,Botswana,UHC,39626.784129700005,WHO Triple Billion Indicators
1879,2021,country,76,Brazil,HEP,-4086828.09,WHO Triple Billion Indicators
1880,2021,country,76,Brazil,HPOP,14543227.65154,WHO Triple Billion Indicators
1881,2021,country,76,Brazil,UHC,-9651667.45516,WHO Triple Billion Indicators
1882,2021,country,96,Brunei Darussalam,HEP,34683.4,WHO Triple Billion Indicators
1883,2021,country,96,Brunei Darussalam,HPOP,-3755.566268399999,WHO Triple Billion Indicators
1884,2021,country,96,Brunei Darussalam,UHC,13714.853431739999,WHO Triple Billion Indicators
1885,2021,country,100,Bulgaria,HEP,623693.0499999999,WHO Triple Billion Indicators
1886,2021,country,100,Bulgaria,HPOP,575359.4655403,WHO Triple Billion Indicators
1887,2021,country,100,Bulgaria,UHC,19716.768846299943,WHO Triple Billion Indicators
1888,2021,country,854,Burkina Faso,HEP,6842339.0,WHO Triple Billion Indicators
1889,2021,country,854,Burkina Faso,HPOP,763401.271485,WHO Triple Billion Indicators
1890,2021,country,854,Burkina Faso,UHC,1060645.957457,WHO Triple Billion Indicators
1891,2021,country,108,Burundi,HEP,2650146.6,WHO Triple Billion Indicators
1892,2021,country,108,Burundi,HPOP,153826.45700579995,WHO Triple Billion Indicators
1893,2021,country,108,Burundi,UHC,487705.6753051,WHO Triple Billion Indicators
1894,2021,country,132,Cabo Verde,HEP,61020.90000000001,WHO Triple Billion Indicators
1895,2021,country,132,Cabo Verde,HPOP,14325.6974455,WHO Triple Billion Indicators
1896,2021,country,132,Cabo Verde,UHC,43585.344939708,WHO Triple Billion Indicators
1897,2021,country,116,Cambodia,HEP,2507562.14,WHO Triple Billion Indicators
1898,2021,country,116,Cambodia,HPOP,2894875.096124,WHO Triple Billion Indicators
1899,2021,country,116,Cambodia,UHC,545936.508239,WHO Triple Billion Indicators
1900,2021,country,120,Cameroon,HEP,2638137.1339,WHO Triple Billion Indicators
1901,2021,country,120,Cameroon,HPOP,590854.2060191,WHO Triple Billion Indicators
1902,2021,country,120,Cameroon,UHC,1005584.8004096,WHO Triple Billion Indicators
1903,2021,country,124,Canada,HEP,985786.1749999999,WHO Triple Billion Indicators
1904,2021,country,124,Canada,HPOP,1134736.5983139998,WHO Triple Billion Indicators
1905,2021,country,124,Canada,UHC,1674809.7530010003,WHO Triple Billion Indicators
1906,2021,country,140,Central African Republic,HEP,1979410.0703,WHO Triple Billion Indicators
1907,2021,country,140,Central African Republic,HPOP,-49377.2803062,WHO Triple Billion Indicators
1908,2021,country,140,Central African Republic,UHC,128288.21735762,WHO Triple Billion Indicators
1909,2021,country,148,Chad,HEP,4125864.67,WHO Triple Billion Indicators
1910,2021,country,148,Chad,HPOP,936130.735447,WHO Triple Billion Indicators
1911,2021,country,148,Chad,UHC,559608.213704,WHO Triple Billion Indicators
1912,2021,country,152,Chile,HEP,296667.53320000006,WHO Triple Billion Indicators
1913,2021,country,152,Chile,HPOP,18722.550756000044,WHO Triple Billion Indicators
1914,2021,country,152,Chile,UHC,-1203206.4130385,WHO Triple Billion Indicators
1915,2021,country,156,China,HEP,42731457.72,WHO Triple Billion Indicators
1916,2021,country,156,China,HPOP,202540559.2796,WHO Triple Billion Indicators
1917,2021,country,156,China,UHC,30612169.241669994,WHO Triple Billion Indicators
1918,2021,country,170,Colombia,HEP,350738.1469999999,WHO Triple Billion Indicators
1919,2021,country,170,Colombia,HPOP,1477480.29841,WHO Triple Billion Indicators
1920,2021,country,170,Colombia,UHC,-304135.2227099999,WHO Triple Billion Indicators
1921,2021,country,174,Comoros,HEP,229599.5,WHO Triple Billion Indicators
1922,2021,country,174,Comoros,HPOP,15019.136019110001,WHO Triple Billion Indicators
1923,2021,country,174,Comoros,UHC,37095.26822366,WHO Triple Billion Indicators
1924,2021,country,178,Congo,HEP,399362.93692,WHO Triple Billion Indicators
1925,2021,country,178,Congo,HPOP,265255.14713219996,WHO Triple Billion Indicators
1926,2021,country,178,Congo,UHC,253698.4549949,WHO Triple Billion Indicators
1927,2021,country,184,Cook Islands,HEP,-4703.049999999999,WHO Triple Billion Indicators
1928,2021,country,184,Cook Islands,HPOP,-120.91123772899999,WHO Triple Billion Indicators
1929,2021,country,184,Cook Islands,UHC,-1815.10509698,WHO Triple Billion Indicators
1930,2021,country,188,Costa Rica,HEP,-132004.975,WHO Triple Billion Indicators
1931,2021,country,188,Costa Rica,HPOP,116100.96871593001,WHO Triple Billion Indicators
1932,2021,country,188,Costa Rica,UHC,103175.3554615,WHO Triple Billion Indicators
1933,2021,country,191,Croatia,HEP,158575.68,WHO Triple Billion Indicators
1934,2021,country,191,Croatia,HPOP,193879.63106906,WHO Triple Billion Indicators
1935,2021,country,191,Croatia,UHC,-15171.844971799996,WHO Triple Billion Indicators
1936,2021,country,192,Cuba,HEP,-167289.46500000005,WHO Triple Billion Indicators
1937,2021,country,192,Cuba,HPOP,192903.5942966,WHO Triple Billion Indicators
1938,2021,country,192,Cuba,UHC,-757129.192532,WHO Triple Billion Indicators
1939,2021,country,196,Cyprus,HEP,-108503.18,WHO Triple Billion Indicators
1940,2021,country,196,Cyprus,HPOP,56395.66894883999,WHO Triple Billion Indicators
1941,2021,country,196,Cyprus,UHC,38548.627669668,WHO Triple Billion Indicators
1942,2021,country,203,Czechia,HEP,1418845.275,WHO Triple Billion Indicators
1943,2021,country,203,Czechia,HPOP,764527.8643003,WHO Triple Billion Indicators
1944,2021,country,203,Czechia,UHC,211616.90809284998,WHO Triple Billion Indicators
1945,2021,country,384,Côte d'Ivoire,HEP,5413444.7089,WHO Triple Billion Indicators
1946,2021,country,384,Côte d'Ivoire,HPOP,2489948.393116,WHO Triple Billion Indicators
1947,2021,country,384,Côte d'Ivoire,UHC,632090.3078279999,WHO Triple Billion Indicators
1948,2021,country,408,Democratic People's Republic of Korea,HEP,-16713151.740000002,WHO Triple Billion Indicators
1949,2021,country,408,Democratic People's Republic of Korea,HPOP,777855.152969,WHO Triple Billion Indicators
1950,2021,country,408,Democratic People's Republic of Korea,UHC,-803885.0170787,WHO Triple Billion Indicators
1951,2021,country,180,Democratic Republic of the Congo,HEP,13953036.8241,WHO Triple Billion Indicators
1952,2021,country,180,Democratic Republic of the Congo,HPOP,-311760.62759000005,WHO Triple Billion Indicators
1953,2021,country,180,Democratic Republic of the Congo,UHC,3860091.38056,WHO Triple Billion Indicators
1954,2021,country,208,Denmark,HEP,179054.01,WHO Triple Billion Indicators
1955,2021,country,208,Denmark,HPOP,226092.4222372,WHO Triple Billion Indicators
1956,2021,country,208,Denmark,UHC,94771.9775888,WHO Triple Billion Indicators
1957,2021,country,262,Djibouti,HEP,-251175.255,WHO Triple Billion Indicators
1958,2021,country,262,Djibouti,HPOP,15737.6273758,WHO Triple Billion Indicators
1959,2021,country,262,Djibouti,UHC,-7193.457134690001,WHO Triple Billion Indicators
1960,2021,country,212,Dominica,HEP,-736.8499999999998,WHO Triple Billion Indicators
1961,2021,country,212,Dominica,HPOP,1149.276514654,WHO Triple Billion Indicators
1962,2021,country,212,Dominica,UHC,-6640.61285347,WHO Triple Billion Indicators
1963,2021,country,214,Dominican Republic,HEP,2075787.18,WHO Triple Billion Indicators
1964,2021,country,214,Dominican Republic,HPOP,-104869.83378989999,WHO Triple Billion Indicators
1965,2021,country,214,Dominican Republic,UHC,394029.35197405,WHO Triple Billion Indicators
1966,2021,country,218,Ecuador,HEP,-4022063.5,WHO Triple Billion Indicators
1967,2021,country,218,Ecuador,HPOP,-326897.197987,WHO Triple Billion Indicators
1968,2021,country,218,Ecuador,UHC,9699.447542000027,WHO Triple Billion Indicators
1969,2021,country,818,Egypt,HEP,11046169.174999999,WHO Triple Billion Indicators
1970,2021,country,818,Egypt,HPOP,-2395347.37849,WHO Triple Billion Indicators
1971,2021,country,818,Egypt,UHC,1565137.3085981002,WHO Triple Billion Indicators
1972,2021,country,222,El Salvador,HEP,1124590.075,WHO Triple Billion Indicators
1973,2021,country,222,El Salvador,HPOP,209192.34193589998,WHO Triple Billion Indicators
1974,2021,country,222,El Salvador,UHC,232005.023836,WHO Triple Billion Indicators
1975,2021,country,226,Equatorial Guinea,HEP,305247.58,WHO Triple Billion Indicators
1976,2021,country,226,Equatorial Guinea,HPOP,4964.783843955001,WHO Triple Billion Indicators
1977,2021,country,226,Equatorial Guinea,UHC,46894.6119113,WHO Triple Billion Indicators
1978,2021,country,232,Eritrea,HEP,1629921.131,WHO Triple Billion Indicators
1979,2021,country,232,Eritrea,HPOP,19702.066014999997,WHO Triple Billion Indicators
1980,2021,country,232,Eritrea,UHC,29348.449876629995,WHO Triple Billion Indicators
1981,2021,country,233,Estonia,HEP,59170.5,WHO Triple Billion Indicators
1982,2021,country,233,Estonia,HPOP,57278.48034584,WHO Triple Billion Indicators
1983,2021,country,233,Estonia,UHC,-6415.692108562,WHO Triple Billion Indicators
1984,2021,country,748,Eswatini,HEP,-463071.75,WHO Triple Billion Indicators
1985,2021,country,748,Eswatini,HPOP,30884.4646428,WHO Triple Billion Indicators
1986,2021,country,748,Eswatini,UHC,-12609.078659618,WHO Triple Billion Indicators
1987,2021,country,231,Ethiopia,HEP,23409252.120899998,WHO Triple Billion Indicators
1988,2021,country,231,Ethiopia,HPOP,5672985.057429999,WHO Triple Billion Indicators
1989,2021,country,231,Ethiopia,UHC,3628877.1601609997,WHO Triple Billion Indicators
1990,2021,country,242,Fiji,HEP,-4749.959999999999,WHO Triple Billion Indicators
1991,2021,country,242,Fiji,HPOP,43742.629189720006,WHO Triple Billion Indicators
1992,2021,country,242,Fiji,UHC,-12133.527484859998,WHO Triple Billion Indicators
1993,2021,country,246,Finland,HEP,-361009.025,WHO Triple Billion Indicators
1994,2021,country,246,Finland,HPOP,222971.4155114,WHO Triple Billion Indicators
1995,2021,country,246,Finland,UHC,117988.56616593202,WHO Triple Billion Indicators
1996,2021,country,250,France,HEP,5850304.56,WHO Triple Billion Indicators
1997,2021,country,250,France,HPOP,3657602.030126,WHO Triple Billion Indicators
1998,2021,country,250,France,UHC,1101973.4346828,WHO Triple Billion Indicators
1999,2021,country,266,Gabon,HEP,50657.69999999998,WHO Triple Billion Indicators
2000,2021,country,266,Gabon,HPOP,23298.708118800005,WHO Triple Billion Indicators
2001,2021,country,266,Gabon,UHC,40072.3623357,WHO Triple Billion Indicators
2002,2021,country,270,Gambia,HEP,303844.34558,WHO Triple Billion Indicators
2003,2021,country,270,Gambia,HPOP,-15986.456297999997,WHO Triple Billion Indicators
2004,2021,country,270,Gambia,UHC,56322.759439500005,WHO Triple Billion Indicators
2005,2021,country,268,Georgia,HEP,-1304511.017,WHO Triple Billion Indicators
2006,2021,country,268,Georgia,HPOP,121951.62877789998,WHO Triple Billion Indicators
2007,2021,country,268,Georgia,UHC,-161905.82712148,WHO Triple Billion Indicators
2008,2021,country,276,Germany,HEP,-831990.689999976,WHO Triple Billion Indicators
2009,2021,country,276,Germany,HPOP,5347601.75804,WHO Triple Billion Indicators
2010,2021,country,276,Germany,UHC,787519.5947942,WHO Triple Billion Indicators
2011,2021,country,288,Ghana,HEP,607272.0104999999,WHO Triple Billion Indicators
2012,2021,country,288,Ghana,HPOP,3849694.0196620002,WHO Triple Billion Indicators
2013,2021,country,288,Ghana,UHC,1023173.7986125,WHO Triple Billion Indicators
2014,2021,country,300,Greece,HEP,1950026.6199999969,WHO Triple Billion Indicators
2015,2021,country,300,Greece,HPOP,799371.680371,WHO Triple Billion Indicators
2016,2021,country,300,Greece,UHC,250652.6886181,WHO Triple Billion Indicators
2017,2021,country,308,Grenada,HEP,-12457.676333,WHO Triple Billion Indicators
2018,2021,country,308,Grenada,HPOP,-3920.972060474,WHO Triple Billion Indicators
2019,2021,country,308,Grenada,UHC,-2276.86841979,WHO Triple Billion Indicators
2020,2021,country,320,Guatemala,HEP,-4006854.38,WHO Triple Billion Indicators
2021,2021,country,320,Guatemala,HPOP,724899.9072868001,WHO Triple Billion Indicators
2022,2021,country,320,Guatemala,UHC,89565.496863,WHO Triple Billion Indicators
2023,2021,country,324,Guinea,HEP,-1486907.317,WHO Triple Billion Indicators
2024,2021,country,324,Guinea,HPOP,-337685.89336099994,WHO Triple Billion Indicators
2025,2021,country,324,Guinea,UHC,691859.4738498001,WHO Triple Billion Indicators
2026,2021,country,624,Guinea-Bissau,HEP,139355.26987,WHO Triple Billion Indicators
2027,2021,country,624,Guinea-Bissau,HPOP,79439.9558288,WHO Triple Billion Indicators
2028,2021,country,624,Guinea-Bissau,UHC,-8190.6934203000055,WHO Triple Billion Indicators
2029,2021,country,328,Guyana,HEP,77004.76000000001,WHO Triple Billion Indicators
2030,2021,country,328,Guyana,HPOP,17556.480931549995,WHO Triple Billion Indicators
2031,2021,country,328,Guyana,UHC,43897.3891946,WHO Triple Billion Indicators
2032,2021,country,332,Haiti,HEP,2212855.6245,WHO Triple Billion Indicators
2033,2021,country,332,Haiti,HPOP,-130556.71138100002,WHO Triple Billion Indicators
2034,2021,country,332,Haiti,UHC,273491.833055,WHO Triple Billion Indicators
2035,2021,country,340,Honduras,HEP,1857074.3900000001,WHO Triple Billion Indicators
2036,2021,country,340,Honduras,HPOP,472048.9267652,WHO Triple Billion Indicators
2037,2021,country,340,Honduras,UHC,316528.182521,WHO Triple Billion Indicators
2038,2021,country,348,Hungary,HEP,690960.8999999999,WHO Triple Billion Indicators
2039,2021,country,348,Hungary,HPOP,796946.039544,WHO Triple Billion Indicators
2040,2021,country,348,Hungary,UHC,369022.9188383,WHO Triple Billion Indicators
2041,2021,country,352,Iceland,HEP,-11400.3,WHO Triple Billion Indicators
2042,2021,country,352,Iceland,HPOP,12399.814335309,WHO Triple Billion Indicators
2043,2021,country,352,Iceland,UHC,13933.977498438002,WHO Triple Billion Indicators
2044,2021,country,356,India,HEP,123641571.58000001,WHO Triple Billion Indicators
2045,2021,country,356,India,HPOP,377217643.7967,WHO Triple Billion Indicators
2046,2021,country,356,India,UHC,23631494.5013,WHO Triple Billion Indicators
2047,2021,country,360,Indonesia,HEP,-36660559.78,WHO Triple Billion Indicators
2048,2021,country,360,Indonesia,HPOP,18293296.677410003,WHO Triple Billion Indicators
2049,2021,country,360,Indonesia,UHC,4877931.744380001,WHO Triple Billion Indicators
2050,2021,country,364,Iran (Islamic Republic of),HEP,3315057.4967,WHO Triple Billion Indicators
2051,2021,country,364,Iran (Islamic Republic of),HPOP,-1268231.23198834,WHO Triple Billion Indicators
2052,2021,country,364,Iran (Islamic Republic of),UHC,411389.7100500001,WHO Triple Billion Indicators
2053,2021,country,368,Iraq,HEP,-15103820.79,WHO Triple Billion Indicators
2054,2021,country,368,Iraq,HPOP,2224108.900338,WHO Triple Billion Indicators
2055,2021,country,368,Iraq,UHC,420192.5084439,WHO Triple Billion Indicators
2056,2021,country,372,Ireland,HEP,153626.01,WHO Triple Billion Indicators
2057,2021,country,372,Ireland,HPOP,214339.88637711,WHO Triple Billion Indicators
2058,2021,country,372,Ireland,UHC,215808.8317867,WHO Triple Billion Indicators
2059,2021,country,376,Israel,HEP,-15747.968300000037,WHO Triple Billion Indicators
2060,2021,country,376,Israel,HPOP,404077.5462021,WHO Triple Billion Indicators
2061,2021,country,376,Israel,UHC,834930.630854696,WHO Triple Billion Indicators
2062,2021,country,380,Italy,HEP,-4681507.4399999995,WHO Triple Billion Indicators
2063,2021,country,380,Italy,HPOP,2666504.3693810003,WHO Triple Billion Indicators
2064,2021,country,380,Italy,UHC,-1207879.9544548201,WHO Triple Billion Indicators
2065,2021,country,388,Jamaica,HEP,324667.885,WHO Triple Billion Indicators
2066,2021,country,388,Jamaica,HPOP,-109563.48978208,WHO Triple Billion Indicators
2067,2021,country,388,Jamaica,UHC,-30747.3522296,WHO Triple Billion Indicators
2068,2021,country,392,Japan,HEP,6707822.44,WHO Triple Billion Indicators
2069,2021,country,392,Japan,HPOP,3185533.382791,WHO Triple Billion Indicators
2070,2021,country,392,Japan,UHC,-2202931.0938420002,WHO Triple Billion Indicators
2071,2021,country,400,Jordan,HEP,-1029790.26,WHO Triple Billion Indicators
2072,2021,country,400,Jordan,HPOP,425926.8375998,WHO Triple Billion Indicators
2073,2021,country,400,Jordan,UHC,31536.508737800003,WHO Triple Billion Indicators
2074,2021,country,398,Kazakhstan,HEP,3910891.5300000003,WHO Triple Billion Indicators
2075,2021,country,398,Kazakhstan,HPOP,779807.4759399999,WHO Triple Billion Indicators
2076,2021,country,398,Kazakhstan,UHC,155014.18666590023,WHO Triple Billion Indicators
2077,2021,country,404,Kenya,HEP,16700824.735,WHO Triple Billion Indicators
2078,2021,country,404,Kenya,HPOP,3717902.123469,WHO Triple Billion Indicators
2079,2021,country,404,Kenya,UHC,1433289.938736,WHO Triple Billion Indicators
2080,2021,country,296,Kiribati,HEP,12878.506666999998,WHO Triple Billion Indicators
2081,2021,country,296,Kiribati,HPOP,6920.395777021001,WHO Triple Billion Indicators
2082,2021,country,296,Kiribati,UHC,2834.1460121869995,WHO Triple Billion Indicators
2083,2021,country,414,Kuwait,HEP,1286885.3066999998,WHO Triple Billion Indicators
2084,2021,country,414,Kuwait,HPOP,239649.292516,WHO Triple Billion Indicators
2085,2021,country,414,Kuwait,UHC,67291.6569182,WHO Triple Billion Indicators
2086,2021,country,417,Kyrgyzstan,HEP,-2985351.9699999997,WHO Triple Billion Indicators
2087,2021,country,417,Kyrgyzstan,HPOP,653994.5207307,WHO Triple Billion Indicators
2088,2021,country,417,Kyrgyzstan,UHC,-192480.41701900001,WHO Triple Billion Indicators
2089,2021,country,418,Lao People's Democratic Republic,HEP,627064.4,WHO Triple Billion Indicators
2090,2021,country,418,Lao People's Democratic Republic,HPOP,120341.47126600001,WHO Triple Billion Indicators
2091,2021,country,418,Lao People's Democratic Republic,UHC,152642.16826699997,WHO Triple Billion Indicators
2092,2021,country,428,Latvia,HEP,-44769.899999999994,WHO Triple Billion Indicators
2093,2021,country,428,Latvia,HPOP,94022.8298993,WHO Triple Billion Indicators
2094,2021,country,428,Latvia,UHC,-47007.710605500004,WHO Triple Billion Indicators
2095,2021,country,422,Lebanon,HEP,-254880.19999999995,WHO Triple Billion Indicators
2096,2021,country,422,Lebanon,HPOP,23706.217487899983,WHO Triple Billion Indicators
2097,2021,country,422,Lebanon,UHC,-45606.25387299999,WHO Triple Billion Indicators
2098,2021,country,426,Lesotho,HEP,-607252.155,WHO Triple Billion Indicators
2099,2021,country,426,Lesotho,HPOP,204797.6298693,WHO Triple Billion Indicators
2100,2021,country,426,Lesotho,UHC,37649.441722999996,WHO Triple Billion Indicators
2101,2021,country,430,Liberia,HEP,0.0,WHO Triple Billion Indicators
2102,2021,country,430,Liberia,HPOP,-91360.21742040005,WHO Triple Billion Indicators
2103,2021,country,430,Liberia,UHC,155031.1170363,WHO Triple Billion Indicators
2104,2021,country,434,Libya,HEP,633454.2,WHO Triple Billion Indicators
2105,2021,country,434,Libya,HPOP,-156345.4732609,WHO Triple Billion Indicators
2106,2021,country,434,Libya,UHC,-116918.86994599999,WHO Triple Billion Indicators
2107,2021,country,440,Lithuania,HEP,53368.919999999984,WHO Triple Billion Indicators
2108,2021,country,440,Lithuania,HPOP,170967.6499973,WHO Triple Billion Indicators
2109,2021,country,440,Lithuania,UHC,23117.633841180002,WHO Triple Billion Indicators
2110,2021,country,442,Luxembourg,HEP,-73491.0,WHO Triple Billion Indicators
2111,2021,country,442,Luxembourg,HPOP,43272.969461780005,WHO Triple Billion Indicators
2112,2021,country,442,Luxembourg,UHC,1286.336960300002,WHO Triple Billion Indicators
2113,2021,country,450,Madagascar,HEP,1271892.2400000002,WHO Triple Billion Indicators
2114,2021,country,450,Madagascar,HPOP,1886034.6912702,WHO Triple Billion Indicators
2115,2021,country,450,Madagascar,UHC,635048.57183,WHO Triple Billion Indicators
2116,2021,country,454,Malawi,HEP,2658117.98093,WHO Triple Billion Indicators
2117,2021,country,454,Malawi,HPOP,1603570.5196649998,WHO Triple Billion Indicators
2118,2021,country,454,Malawi,UHC,673138.2115000001,WHO Triple Billion Indicators
2119,2021,country,458,Malaysia,HEP,-3502803.0,WHO Triple Billion Indicators
2120,2021,country,458,Malaysia,HPOP,388860.021216,WHO Triple Billion Indicators
2121,2021,country,458,Malaysia,UHC,-941937.98556916,WHO Triple Billion Indicators
2122,2021,country,462,Maldives,HEP,46370.07,WHO Triple Billion Indicators
2123,2021,country,462,Maldives,HPOP,-505.8018665600007,WHO Triple Billion Indicators
2124,2021,country,462,Maldives,UHC,-19113.245684299996,WHO Triple Billion Indicators
2125,2021,country,466,Mali,HEP,-387774.4408999999,WHO Triple Billion Indicators
2126,2021,country,466,Mali,HPOP,619071.6492457796,WHO Triple Billion Indicators
2127,2021,country,466,Mali,UHC,746646.8671502,WHO Triple Billion Indicators
2128,2021,country,470,Malta,HEP,81229.0173,WHO Triple Billion Indicators
2129,2021,country,470,Malta,HPOP,22399.849055202,WHO Triple Billion Indicators
2130,2021,country,470,Malta,UHC,38193.489777297,WHO Triple Billion Indicators
2131,2021,country,584,Marshall Islands,HEP,-9348.815,WHO Triple Billion Indicators
2132,2021,country,584,Marshall Islands,HPOP,94.31908354300003,WHO Triple Billion Indicators
2133,2021,country,584,Marshall Islands,UHC,-2822.870942899,WHO Triple Billion Indicators
2134,2021,country,478,Mauritania,HEP,627838.02241,WHO Triple Billion Indicators
2135,2021,country,478,Mauritania,HPOP,120190.25638166,WHO Triple Billion Indicators
2136,2021,country,478,Mauritania,UHC,65856.39598860001,WHO Triple Billion Indicators
2137,2021,country,480,Mauritius,HEP,-201997.55000000002,WHO Triple Billion Indicators
2138,2021,country,480,Mauritius,HPOP,8611.37613105,WHO Triple Billion Indicators
2139,2021,country,480,Mauritius,UHC,-32591.85383201,WHO Triple Billion Indicators
2140,2021,country,484,Mexico,HEP,-2606027.82,WHO Triple Billion Indicators
2141,2021,country,484,Mexico,HPOP,11007612.32166,WHO Triple Billion Indicators
2142,2021,country,484,Mexico,UHC,-1284919.0383699997,WHO Triple Billion Indicators
2143,2021,country,583,Micronesia (Federated States of),HEP,8217.23,WHO Triple Billion Indicators
2144,2021,country,583,Micronesia (Federated States of),HPOP,-1149.078598387,WHO Triple Billion Indicators
2145,2021,country,583,Micronesia (Federated States of),UHC,3602.747394208,WHO Triple Billion Indicators
2146,2021,country,492,Monaco,HEP,-5.12e-12,WHO Triple Billion Indicators
2147,2021,country,492,Monaco,HPOP,1211.667907036,WHO Triple Billion Indicators
2148,2021,country,492,Monaco,UHC,-616.9126476609999,WHO Triple Billion Indicators
2149,2021,country,496,Mongolia,HEP,-229966.555,WHO Triple Billion Indicators
2150,2021,country,496,Mongolia,HPOP,429331.036354,WHO Triple Billion Indicators
2151,2021,country,496,Mongolia,UHC,-69417.864548,WHO Triple Billion Indicators
2152,2021,country,499,Montenegro,HEP,12512.46,WHO Triple Billion Indicators
2153,2021,country,499,Montenegro,HPOP,61300.26860256,WHO Triple Billion Indicators
2154,2021,country,499,Montenegro,UHC,7945.4659104,WHO Triple Billion Indicators
2155,2021,country,504,Morocco,HEP,1157138.67,WHO Triple Billion Indicators
2156,2021,country,504,Morocco,HPOP,1073215.513793,WHO Triple Billion Indicators
2157,2021,country,504,Morocco,UHC,622305.071934,WHO Triple Billion Indicators
2158,2021,country,508,Mozambique,HEP,331960.6900000004,WHO Triple Billion Indicators
2159,2021,country,508,Mozambique,HPOP,997776.3051039999,WHO Triple Billion Indicators
2160,2021,country,508,Mozambique,UHC,527260.2869656,WHO Triple Billion Indicators
2161,2021,country,104,Myanmar,HEP,-29605178.91,WHO Triple Billion Indicators
2162,2021,country,104,Myanmar,HPOP,8323310.972301,WHO Triple Billion Indicators
2163,2021,country,104,Myanmar,UHC,-2859232.443,WHO Triple Billion Indicators
2164,2021,country,516,Namibia,HEP,-277996.0133,WHO Triple Billion Indicators
2165,2021,country,516,Namibia,HPOP,52285.142564999995,WHO Triple Billion Indicators
2166,2021,country,516,Namibia,UHC,156172.9696982,WHO Triple Billion Indicators
2167,2021,country,520,Nauru,HEP,454.265,WHO Triple Billion Indicators
2168,2021,country,520,Nauru,HPOP,231.976167497,WHO Triple Billion Indicators
2169,2021,country,520,Nauru,UHC,435.00050848,WHO Triple Billion Indicators
2170,2021,country,524,Nepal,HEP,7736453.444999999,WHO Triple Billion Indicators
2171,2021,country,524,Nepal,HPOP,2977306.222682,WHO Triple Billion Indicators
2172,2021,country,524,Nepal,UHC,1578644.437696,WHO Triple Billion Indicators
2173,2021,country,528,Netherlands (Kingdom of the),HEP,-8.731149137020111e-11,WHO Triple Billion Indicators
2174,2021,country,528,Netherlands (Kingdom of the),HPOP,879331.812984,WHO Triple Billion Indicators
2175,2021,country,528,Netherlands (Kingdom of the),UHC,453153.6570516,WHO Triple Billion Indicators
2176,2021,country,554,New Zealand,HEP,-159320.85,WHO Triple Billion Indicators
2177,2021,country,554,New Zealand,HPOP,203948.1664262,WHO Triple Billion Indicators
2178,2021,country,554,New Zealand,UHC,179028.6029973,WHO Triple Billion Indicators
2179,2021,country,558,Nicaragua,HEP,-253305.95499999996,WHO Triple Billion Indicators
2180,2021,country,558,Nicaragua,HPOP,264588.579366806,WHO Triple Billion Indicators
2181,2021,country,558,Nicaragua,UHC,20112.76324609998,WHO Triple Billion Indicators
2182,2021,country,562,Niger,HEP,3241045.6210000003,WHO Triple Billion Indicators
2183,2021,country,562,Niger,HPOP,357140.83476399997,WHO Triple Billion Indicators
2184,2021,country,562,Niger,UHC,1128958.7042661,WHO Triple Billion Indicators
2185,2021,country,566,Nigeria,HEP,17433499.38,WHO Triple Billion Indicators
2186,2021,country,566,Nigeria,HPOP,21365582.077389996,WHO Triple Billion Indicators
2187,2021,country,566,Nigeria,UHC,8404090.4882,WHO Triple Billion Indicators
2188,2021,country,570,Niue,HEP,-51.6,WHO Triple Billion Indicators
2189,2021,country,570,Niue,HPOP,-39.275728732000005,WHO Triple Billion Indicators
2190,2021,country,570,Niue,UHC,-107.606269661,WHO Triple Billion Indicators
2191,2021,country,807,North Macedonia,HEP,-104121.25,WHO Triple Billion Indicators
2192,2021,country,807,North Macedonia,HPOP,168494.595011,WHO Triple Billion Indicators
2193,2021,country,807,North Macedonia,UHC,-27199.138331499995,WHO Triple Billion Indicators
2194,2021,country,578,Norway,HEP,499902.12000000005,WHO Triple Billion Indicators
2195,2021,country,578,Norway,HPOP,134583.6570292,WHO Triple Billion Indicators
2196,2021,country,578,Norway,UHC,219261.32301050998,WHO Triple Billion Indicators
2197,2021,country,512,Oman,HEP,-1051755.32,WHO Triple Billion Indicators
2198,2021,country,512,Oman,HPOP,88163.18683119999,WHO Triple Billion Indicators
2199,2021,country,512,Oman,UHC,-202061.41310535,WHO Triple Billion Indicators
2200,2021,country,586,Pakistan,HEP,22495399.65,WHO Triple Billion Indicators
2201,2021,country,586,Pakistan,HPOP,39966132.323725,WHO Triple Billion Indicators
2202,2021,country,586,Pakistan,UHC,3955700.825493,WHO Triple Billion Indicators
2203,2021,country,585,Palau,HEP,-2345.72,WHO Triple Billion Indicators
2204,2021,country,585,Palau,HPOP,23.95834552600013,WHO Triple Billion Indicators
2205,2021,country,585,Palau,UHC,-141.43120289200004,WHO Triple Billion Indicators
2206,2021,country,591,Panama,HEP,244622.50670000003,WHO Triple Billion Indicators
2207,2021,country,591,Panama,HPOP,305542.67695,WHO Triple Billion Indicators
2208,2021,country,591,Panama,UHC,194089.096701,WHO Triple Billion Indicators
2209,2021,country,598,Papua New Guinea,HEP,-1658677.32,WHO Triple Billion Indicators
2210,2021,country,598,Papua New Guinea,HPOP,53647.434264,WHO Triple Billion Indicators
2211,2021,country,598,Papua New Guinea,UHC,11.881931199995051,WHO Triple Billion Indicators
2212,2021,country,600,Paraguay,HEP,-1828148.6600000001,WHO Triple Billion Indicators
2213,2021,country,600,Paraguay,HPOP,154303.90238100002,WHO Triple Billion Indicators
2214,2021,country,600,Paraguay,UHC,4172.677815999996,WHO Triple Billion Indicators
2215,2021,country,604,Peru,HEP,-5835970.833000001,WHO Triple Billion Indicators
2216,2021,country,604,Peru,HPOP,4457138.8041008,WHO Triple Billion Indicators
2217,2021,country,604,Peru,UHC,-985649.6002149999,WHO Triple Billion Indicators
2218,2021,country,608,Philippines,HEP,-12690757.589999998,WHO Triple Billion Indicators
2219,2021,country,608,Philippines,HPOP,7623373.6181540005,WHO Triple Billion Indicators
2220,2021,country,608,Philippines,UHC,659835.18057,WHO Triple Billion Indicators
2221,2021,country,616,Poland,HEP,-396167.3000000003,WHO Triple Billion Indicators
2222,2021,country,616,Poland,HPOP,2694076.0370736,WHO Triple Billion Indicators
2223,2021,country,616,Poland,UHC,-335586.8893628,WHO Triple Billion Indicators
2224,2021,country,620,Portugal,HEP,1274764.5,WHO Triple Billion Indicators
2225,2021,country,620,Portugal,HPOP,459169.5865089,WHO Triple Billion Indicators
2226,2021,country,620,Portugal,UHC,325597.1298996,WHO Triple Billion Indicators
2227,2021,country,634,Qatar,HEP,248149.8,WHO Triple Billion Indicators
2228,2021,country,634,Qatar,HPOP,151863.2473833,WHO Triple Billion Indicators
2229,2021,country,634,Qatar,UHC,28142.504720200006,WHO Triple Billion Indicators
2230,2021,country,410,Republic of Korea,HEP,3101428.74,WHO Triple Billion Indicators
2231,2021,country,410,Republic of Korea,HPOP,2305887.909567,WHO Triple Billion Indicators
2232,2021,country,410,Republic of Korea,UHC,1324079.5050310001,WHO Triple Billion Indicators
2233,2021,country,498,Republic of Moldova,HEP,-43399.54669999999,WHO Triple Billion Indicators
2234,2021,country,498,Republic of Moldova,HPOP,116025.7035516,WHO Triple Billion Indicators
2235,2021,country,498,Republic of Moldova,UHC,-138487.9793482,WHO Triple Billion Indicators
2236,2021,country,642,Romania,HEP,-1165459.32,WHO Triple Billion Indicators
2237,2021,country,642,Romania,HPOP,1903046.544667,WHO Triple Billion Indicators
2238,2021,country,642,Romania,UHC,-130843.66258819998,WHO Triple Billion Indicators
2239,2021,country,643,Russian Federation,HEP,5739768.4,WHO Triple Billion Indicators
2240,2021,country,643,Russian Federation,HPOP,-6134199.511960001,WHO Triple Billion Indicators
2241,2021,country,643,Russian Federation,UHC,-6001715.851305,WHO Triple Billion Indicators
2242,2021,country,646,Rwanda,HEP,-810548.64,WHO Triple Billion Indicators
2243,2021,country,646,Rwanda,HPOP,1033081.0709599999,WHO Triple Billion Indicators
2244,2021,country,646,Rwanda,UHC,541254.170254,WHO Triple Billion Indicators
2245,2021,country,659,Saint Kitts and Nevis,HEP,10545.699999999999,WHO Triple Billion Indicators
2246,2021,country,659,Saint Kitts and Nevis,HPOP,-1458.749100665,WHO Triple Billion Indicators
2247,2021,country,659,Saint Kitts and Nevis,UHC,1178.04195942,WHO Triple Billion Indicators
2248,2021,country,662,Saint Lucia,HEP,-20850.65,WHO Triple Billion Indicators
2249,2021,country,662,Saint Lucia,HPOP,-702.1824524170001,WHO Triple Billion Indicators
2250,2021,country,662,Saint Lucia,UHC,3316.4289516790004,WHO Triple Billion Indicators
2251,2021,country,670,Saint Vincent and the Grenadines,HEP,-23879.29,WHO Triple Billion Indicators
2252,2021,country,670,Saint Vincent and the Grenadines,HPOP,-2638.9503462019998,WHO Triple Billion Indicators
2253,2021,country,670,Saint Vincent and the Grenadines,UHC,-6564.74889243,WHO Triple Billion Indicators
2254,2021,country,882,Samoa,HEP,11611.550000000003,WHO Triple Billion Indicators
2255,2021,country,882,Samoa,HPOP,1146.6580827299997,WHO Triple Billion Indicators
2256,2021,country,882,Samoa,UHC,6888.90074693,WHO Triple Billion Indicators
2257,2021,country,674,San Marino,HEP,-8485.304667,WHO Triple Billion Indicators
2258,2021,country,674,San Marino,HPOP,1239.7023066470001,WHO Triple Billion Indicators
2259,2021,country,674,San Marino,UHC,-556.240616321,WHO Triple Billion Indicators
2260,2021,country,678,Sao Tome and Principe,HEP,-28917.48,WHO Triple Billion Indicators
2261,2021,country,678,Sao Tome and Principe,HPOP,8410.229279833,WHO Triple Billion Indicators
2262,2021,country,678,Sao Tome and Principe,UHC,4685.71187744,WHO Triple Billion Indicators
2263,2021,country,682,Saudi Arabia,HEP,9548145.542,WHO Triple Billion Indicators
2264,2021,country,682,Saudi Arabia,HPOP,1715039.9573839998,WHO Triple Billion Indicators
2265,2021,country,682,Saudi Arabia,UHC,1426038.7832000002,WHO Triple Billion Indicators
2266,2021,country,686,Senegal,HEP,3442045.5082,WHO Triple Billion Indicators
2267,2021,country,686,Senegal,HPOP,131269.5669841,WHO Triple Billion Indicators
2268,2021,country,686,Senegal,UHC,767137.193502,WHO Triple Billion Indicators
2269,2021,country,688,Serbia,HEP,-564510.7999999999,WHO Triple Billion Indicators
2270,2021,country,688,Serbia,HPOP,511539.809698,WHO Triple Billion Indicators
2271,2021,country,688,Serbia,UHC,-824375.8569872201,WHO Triple Billion Indicators
2272,2021,country,690,Seychelles,HEP,2902.5066669999997,WHO Triple Billion Indicators
2273,2021,country,690,Seychelles,HPOP,-1200.753813175,WHO Triple Billion Indicators
2274,2021,country,690,Seychelles,UHC,8408.16731176,WHO Triple Billion Indicators
2275,2021,country,694,Sierra Leone,HEP,1589767.59559,WHO Triple Billion Indicators
2276,2021,country,694,Sierra Leone,HPOP,353785.538622,WHO Triple Billion Indicators
2277,2021,country,694,Sierra Leone,UHC,116872.72134,WHO Triple Billion Indicators
2278,2021,country,702,Singapore,HEP,426267.8699999992,WHO Triple Billion Indicators
2279,2021,country,702,Singapore,HPOP,45488.58660970001,WHO Triple Billion Indicators
2280,2021,country,702,Singapore,UHC,248116.689544,WHO Triple Billion Indicators
2281,2021,country,703,Slovakia,HEP,0.0,WHO Triple Billion Indicators
2282,2021,country,703,Slovakia,HPOP,283904.23060143995,WHO Triple Billion Indicators
2283,2021,country,703,Slovakia,UHC,36094.94956871001,WHO Triple Billion Indicators
2284,2021,country,705,Slovenia,HEP,-31766.429999999993,WHO Triple Billion Indicators
2285,2021,country,705,Slovenia,HPOP,101996.461585105,WHO Triple Billion Indicators
2286,2021,country,705,Slovenia,UHC,46890.0027137,WHO Triple Billion Indicators
2287,2021,country,90,Solomon Islands,HEP,27055.944999999992,WHO Triple Billion Indicators
2288,2021,country,90,Solomon Islands,HPOP,-2067.5709448999996,WHO Triple Billion Indicators
2289,2021,country,90,Solomon Islands,UHC,26138.2454559,WHO Triple Billion Indicators
2290,2021,country,706,Somalia,HEP,982547.3197999999,WHO Triple Billion Indicators
2291,2021,country,706,Somalia,HPOP,856245.0120063999,WHO Triple Billion Indicators
2292,2021,country,706,Somalia,UHC,351918.62224978,WHO Triple Billion Indicators
2293,2021,country,710,South Africa,HEP,6167308.1,WHO Triple Billion Indicators
2294,2021,country,710,South Africa,HPOP,1739486.8983400003,WHO Triple Billion Indicators
2295,2021,country,710,South Africa,UHC,1776965.0645899998,WHO Triple Billion Indicators
2296,2021,country,728,South Sudan,HEP,1984292.7628000001,WHO Triple Billion Indicators
2297,2021,country,728,South Sudan,HPOP,124615.06407519999,WHO Triple Billion Indicators
2298,2021,country,728,South Sudan,UHC,366644.9024031,WHO Triple Billion Indicators
2299,2021,country,724,Spain,HEP,-2133901.08,WHO Triple Billion Indicators
2300,2021,country,724,Spain,HPOP,2427517.1579891,WHO Triple Billion Indicators
2301,2021,country,724,Spain,UHC,295217.49294581,WHO Triple Billion Indicators
2302,2021,country,144,Sri Lanka,HEP,4070045.51,WHO Triple Billion Indicators
2303,2021,country,144,Sri Lanka,HPOP,536216.1207486,WHO Triple Billion Indicators
2304,2021,country,144,Sri Lanka,UHC,844193.849225,WHO Triple Billion Indicators
2305,2021,country,729,Sudan,HEP,-8538716.1303,WHO Triple Billion Indicators
2306,2021,country,729,Sudan,HPOP,2983404.868792,WHO Triple Billion Indicators
2307,2021,country,729,Sudan,UHC,194635.30872800003,WHO Triple Billion Indicators
2308,2021,country,740,Suriname,HEP,-202950.72000000003,WHO Triple Billion Indicators
2309,2021,country,740,Suriname,HPOP,-4365.492647800002,WHO Triple Billion Indicators
2310,2021,country,740,Suriname,UHC,-45826.309591569996,WHO Triple Billion Indicators
2311,2021,country,752,Sweden,HEP,-53669.334999999985,WHO Triple Billion Indicators
2312,2021,country,752,Sweden,HPOP,561943.4972158,WHO Triple Billion Indicators
2313,2021,country,752,Sweden,UHC,214898.70641631001,WHO Triple Billion Indicators
2314,2021,country,756,Switzerland,HEP,-320565.95999999996,WHO Triple Billion Indicators
2315,2021,country,756,Switzerland,HPOP,221637.9538849,WHO Triple Billion Indicators
2316,2021,country,756,Switzerland,UHC,188891.2057267,WHO Triple Billion Indicators
2317,2021,country,760,Syrian Arab Republic,HEP,-4195486.515,WHO Triple Billion Indicators
2318,2021,country,760,Syrian Arab Republic,HPOP,-741951.964429,WHO Triple Billion Indicators
2319,2021,country,760,Syrian Arab Republic,UHC,987965.858476,WHO Triple Billion Indicators
2320,2021,country,762,Tajikistan,HEP,420677.600000001,WHO Triple Billion Indicators
2321,2021,country,762,Tajikistan,HPOP,1104306.7533749999,WHO Triple Billion Indicators
2322,2021,country,762,Tajikistan,UHC,111777.4873379,WHO Triple Billion Indicators
2323,2021,country,764,Thailand,HEP,9353897.02000001,WHO Triple Billion Indicators
2324,2021,country,764,Thailand,HPOP,3838049.6816249997,WHO Triple Billion Indicators
2325,2021,country,764,Thailand,UHC,2414141.6524710003,WHO Triple Billion Indicators
2326,2021,country,626,Timor-Leste,HEP,303156.53333,WHO Triple Billion Indicators
2327,2021,country,626,Timor-Leste,HPOP,56788.0223632,WHO Triple Billion Indicators
2328,2021,country,626,Timor-Leste,UHC,62024.65460375,WHO Triple Billion Indicators
2329,2021,country,768,Togo,HEP,2773427.1472,WHO Triple Billion Indicators
2330,2021,country,768,Togo,HPOP,401087.13444439997,WHO Triple Billion Indicators
2331,2021,country,768,Togo,UHC,353383.0079479,WHO Triple Billion Indicators
2332,2021,country,776,Tonga,HEP,-2191.92,WHO Triple Billion Indicators
2333,2021,country,776,Tonga,HPOP,3391.33070301,WHO Triple Billion Indicators
2334,2021,country,776,Tonga,UHC,2223.4351017500003,WHO Triple Billion Indicators
2335,2021,country,780,Trinidad and Tobago,HEP,251687.35666700001,WHO Triple Billion Indicators
2336,2021,country,780,Trinidad and Tobago,HPOP,4584.3417100000015,WHO Triple Billion Indicators
2337,2021,country,780,Trinidad and Tobago,UHC,9694.8055423,WHO Triple Billion Indicators
2338,2021,country,788,Tunisia,HEP,316645.05,WHO Triple Billion Indicators
2339,2021,country,788,Tunisia,HPOP,299271.46290010004,WHO Triple Billion Indicators
2340,2021,country,788,Tunisia,UHC,-72223.3898421,WHO Triple Billion Indicators
2341,2021,country,795,Turkmenistan,HEP,801235.9199999999,WHO Triple Billion Indicators
2342,2021,country,795,Turkmenistan,HPOP,307173.9212873,WHO Triple Billion Indicators
2343,2021,country,795,Turkmenistan,UHC,110669.41991202999,WHO Triple Billion Indicators
2344,2021,country,798,Tuvalu,HEP,983.025,WHO Triple Billion Indicators
2345,2021,country,798,Tuvalu,HPOP,173.223738587,WHO Triple Billion Indicators
2346,2021,country,798,Tuvalu,UHC,16.513201738000017,WHO Triple Billion Indicators
2347,2021,country,792,Türkiye,HEP,11270541.879999999,WHO Triple Billion Indicators
2348,2021,country,792,Türkiye,HPOP,7134848.182982,WHO Triple Billion Indicators
2349,2021,country,792,Türkiye,UHC,1980228.24239,WHO Triple Billion Indicators
2350,2021,country,800,Uganda,HEP,8356406.174000001,WHO Triple Billion Indicators
2351,2021,country,800,Uganda,HPOP,1552511.041525,WHO Triple Billion Indicators
2352,2021,country,800,Uganda,UHC,2126383.6858800002,WHO Triple Billion Indicators
2353,2021,country,804,Ukraine,HEP,-1550363.04,WHO Triple Billion Indicators
2354,2021,country,804,Ukraine,HPOP,605390.16247,WHO Triple Billion Indicators
2355,2021,country,804,Ukraine,UHC,-1312146.3692806,WHO Triple Billion Indicators
2356,2021,country,784,United Arab Emirates,HEP,338286.16500000004,WHO Triple Billion Indicators
2357,2021,country,784,United Arab Emirates,HPOP,385833.2166747,WHO Triple Billion Indicators
2358,2021,country,784,United Arab Emirates,UHC,1191431.8737901,WHO Triple Billion Indicators
2359,2021,country,826,United Kingdom of Great Britain and Northern Ireland,HEP,2045418.1800000002,WHO Triple Billion Indicators
2360,2021,country,826,United Kingdom of Great Britain and Northern Ireland,HPOP,3199849.0007080003,WHO Triple Billion Indicators
2361,2021,country,826,United Kingdom of Great Britain and Northern Ireland,UHC,1886979.9959795,WHO Triple Billion Indicators
2362,2021,country,834,United Republic of Tanzania,HEP,1209903.9990000008,WHO Triple Billion Indicators
2363,2021,country,834,United Republic of Tanzania,HPOP,3729470.906913,WHO Triple Billion Indicators
2364,2021,country,834,United Republic of Tanzania,UHC,3048180.62198,WHO Triple Billion Indicators
2365,2021,country,840,United States of America,HEP,13744136.160000049,WHO Triple Billion Indicators
2366,2021,country,840,United States of America,HPOP,-729500.1492600006,WHO Triple Billion Indicators
2367,2021,country,840,United States of America,UHC,7408280.282054,WHO Triple Billion Indicators
2368,2021,country,858,Uruguay,HEP,-667573.53,WHO Triple Billion Indicators
2369,2021,country,858,Uruguay,HPOP,-1867.3593050999968,WHO Triple Billion Indicators
2370,2021,country,858,Uruguay,UHC,-199596.2936992,WHO Triple Billion Indicators
2371,2021,country,860,Uzbekistan,HEP,10124524.48,WHO Triple Billion Indicators
2372,2021,country,860,Uzbekistan,HPOP,2096840.7280899999,WHO Triple Billion Indicators
2373,2021,country,860,Uzbekistan,UHC,926165.597942,WHO Triple Billion Indicators
2374,2021,country,548,Vanuatu,HEP,56032.31999999999,WHO Triple Billion Indicators
2375,2021,country,548,Vanuatu,HPOP,-6493.34729873,WHO Triple Billion Indicators
2376,2021,country,548,Vanuatu,UHC,10919.081261333999,WHO Triple Billion Indicators
2377,2021,country,862,Venezuela (Bolivarian Republic of),HEP,-231966.89000000013,WHO Triple Billion Indicators
2378,2021,country,862,Venezuela (Bolivarian Republic of),HPOP,469713.751696,WHO Triple Billion Indicators
2379,2021,country,862,Venezuela (Bolivarian Republic of),UHC,68094.22225200011,WHO Triple Billion Indicators
2380,2021,country,704,Viet Nam,HEP,-1501559.6849999996,WHO Triple Billion Indicators
2381,2021,country,704,Viet Nam,HPOP,8708815.965717,WHO Triple Billion Indicators
2382,2021,country,704,Viet Nam,UHC,4332775.9871499995,WHO Triple Billion Indicators
2383,2021,country,887,Yemen,HEP,4333328.228,WHO Triple Billion Indicators
2384,2021,country,887,Yemen,HPOP,-268725.378679,WHO Triple Billion Indicators
2385,2021,country,887,Yemen,UHC,722777.4451220001,WHO Triple Billion Indicators
2386,2021,country,894,Zambia,HEP,-796274.7230000002,WHO Triple Billion Indicators
2387,2021,country,894,Zambia,HPOP,-403056.931918,WHO Triple Billion Indicators
2388,2021,country,894,Zambia,UHC,1541841.913664,WHO Triple Billion Indicators
2389,2021,country,716,Zimbabwe,HEP,1747320.1226000001,WHO Triple Billion Indicators
2390,2021,country,716,Zimbabwe,HPOP,-253263.19960900003,WHO Triple Billion Indicators
2391,2021,country,716,Zimbabwe,UHC,202610.2059845,WHO Triple Billion Indicators
2392,2021,global,1,World,HEP,296504070.3,WHO Triple Billion Indicators
2393,2021,global,1,World,HPOP,841537289.4855,WHO Triple Billion Indicators
2394,2021,global,1,World,UHC,119852679.59350002,WHO Triple Billion Indicators
2395,2021,who_region,953,Africa,HEP,116756918.83000001,WHO Triple Billion Indicators
2396,2021,who_region,953,Africa,HPOP,50096837.803629994,WHO Triple Billion Indicators
2397,2021,who_region,953,Africa,UHC,39673899.780600004,WHO Triple Billion Indicators
2398,2021,who_region,954,Americas,HEP,-2631531.0429999977,WHO Triple Billion Indicators
2399,2021,who_region,954,Americas,HPOP,34474893.82737,WHO Triple Billion Indicators
2400,2021,who_region,954,Americas,UHC,-2337699.6774999984,WHO Triple Billion Indicators
2401,2021,who_region,957,Eastern Mediterranean,HEP,26343126.678000003,WHO Triple Billion Indicators
2402,2021,who_region,957,Eastern Mediterranean,HPOP,51959216.958790004,WHO Triple Billion Indicators
2403,2021,who_region,957,Eastern Mediterranean,UHC,11815829.85093,WHO Triple Billion Indicators
2404,2021,who_region,956,Europe,HEP,32434303.827000003,WHO Triple Billion Indicators
2405,2021,who_region,956,Europe,HPOP,39545992.795492,WHO Triple Billion Indicators
2406,2021,who_region,956,Europe,UHC,664020.9827913009,WHO Triple Billion Indicators
2407,2021,who_region,955,South-East Asia,HEP,86979418.28999996,WHO Triple Billion Indicators
2408,2021,who_region,955,South-East Asia,HPOP,437399873.38759995,WHO Triple Billion Indicators
2409,2021,who_region,955,South-East Asia,UHC,34356227.3425,WHO Triple Billion Indicators
2410,2021,who_region,958,Western Pacific,HEP,36621833.76,WHO Triple Billion Indicators
2411,2021,who_region,958,Western Pacific,HPOP,228060474.65865,WHO Triple Billion Indicators
2412,2021,who_region,958,Western Pacific,UHC,35680401.33540001,WHO Triple Billion Indicators
2413,2022,country,4,Afghanistan,HEP,2893526.545,WHO Triple Billion Indicators
2414,2022,country,4,Afghanistan,HPOP,7411719.229932999,WHO Triple Billion Indicators
2415,2022,country,4,Afghanistan,UHC,349350.454216,WHO Triple Billion Indicators
2416,2022,country,8,Albania,HEP,691298.37,WHO Triple Billion Indicators
2417,2022,country,8,Albania,HPOP,457198.5062166,WHO Triple Billion Indicators
2418,2022,country,8,Albania,UHC,170585.471081,WHO Triple Billion Indicators
2419,2022,country,12,Algeria,HEP,-5396033.565,WHO Triple Billion Indicators
2420,2022,country,12,Algeria,HPOP,-2861714.48051,WHO Triple Billion Indicators
2421,2022,country,12,Algeria,UHC,-678867.0106350001,WHO Triple Billion Indicators
2422,2022,country,20,Andorra,HEP,9446.368332999999,WHO Triple Billion Indicators
2423,2022,country,20,Andorra,HPOP,-15031.567185262,WHO Triple Billion Indicators
2424,2022,country,20,Andorra,UHC,3628.7020407459995,WHO Triple Billion Indicators
2425,2022,country,24,Angola,HEP,-5971227.953,WHO Triple Billion Indicators
2426,2022,country,24,Angola,HPOP,-983771.799426,WHO Triple Billion Indicators
2427,2022,country,24,Angola,UHC,1319758.9661003,WHO Triple Billion Indicators
2428,2022,country,28,Antigua and Barbuda,HEP,19063.800000000003,WHO Triple Billion Indicators
2429,2022,country,28,Antigua and Barbuda,HPOP,-5193.556792262,WHO Triple Billion Indicators
2430,2022,country,28,Antigua and Barbuda,UHC,6200.177204158,WHO Triple Billion Indicators
2431,2022,country,32,Argentina,HEP,1235667.2000000002,WHO Triple Billion Indicators
2432,2022,country,32,Argentina,HPOP,-487350.13554699987,WHO Triple Billion Indicators
2433,2022,country,32,Argentina,UHC,1775818.20555,WHO Triple Billion Indicators
2434,2022,country,51,Armenia,HEP,180505.195,WHO Triple Billion Indicators
2435,2022,country,51,Armenia,HPOP,124539.228018,WHO Triple Billion Indicators
2436,2022,country,51,Armenia,UHC,-11502.37779952,WHO Triple Billion Indicators
2437,2022,country,36,Australia,HEP,673951.35,WHO Triple Billion Indicators
2438,2022,country,36,Australia,HPOP,-519392.143636,WHO Triple Billion Indicators
2439,2022,country,36,Australia,UHC,1196554.30184053,WHO Triple Billion Indicators
2440,2022,country,40,Austria,HEP,1259177.220000001,WHO Triple Billion Indicators
2441,2022,country,40,Austria,HPOP,465804.397469386,WHO Triple Billion Indicators
2442,2022,country,40,Austria,UHC,790460.623028381,WHO Triple Billion Indicators
2443,2022,country,31,Azerbaijan,HEP,-262738.37500000006,WHO Triple Billion Indicators
2444,2022,country,31,Azerbaijan,HPOP,687103.771616,WHO Triple Billion Indicators
2445,2022,country,31,Azerbaijan,UHC,18367.438477999996,WHO Triple Billion Indicators
2446,2022,country,44,Bahamas,HEP,16711.6,WHO Triple Billion Indicators
2447,2022,country,44,Bahamas,HPOP,2988.508736378001,WHO Triple Billion Indicators
2448,2022,country,44,Bahamas,UHC,8449.71923535,WHO Triple Billion Indicators
2449,2022,country,48,Bahrain,HEP,1.8189894035458565e-12,WHO Triple Billion Indicators
2450,2022,country,48,Bahrain,HPOP,57341.56897422001,WHO Triple Billion Indicators
2451,2022,country,48,Bahrain,UHC,68174.340949,WHO Triple Billion Indicators
2452,2022,country,50,Bangladesh,HEP,24736268.53475,WHO Triple Billion Indicators
2453,2022,country,50,Bangladesh,HPOP,30070289.766378,WHO Triple Billion Indicators
2454,2022,country,50,Bangladesh,UHC,4766084.90982,WHO Triple Billion Indicators
2455,2022,country,52,Barbados,HEP,18650.28,WHO Triple Billion Indicators
2456,2022,country,52,Barbados,HPOP,-4652.379988,WHO Triple Billion Indicators
2457,2022,country,52,Barbados,UHC,6001.0922875999995,WHO Triple Billion Indicators
2458,2022,country,112,Belarus,HEP,376501.6,WHO Triple Billion Indicators
2459,2022,country,112,Belarus,HPOP,255376.11678,WHO Triple Billion Indicators
2460,2022,country,112,Belarus,UHC,-372822.5217382,WHO Triple Billion Indicators
2461,2022,country,56,Belgium,HEP,-1644232.9400000002,WHO Triple Billion Indicators
2462,2022,country,56,Belgium,HPOP,894146.0589819,WHO Triple Billion Indicators
2463,2022,country,56,Belgium,UHC,-43496.674243040026,WHO Triple Billion Indicators
2464,2022,country,84,Belize,HEP,16897.6,WHO Triple Billion Indicators
2465,2022,country,84,Belize,HPOP,-15642.1537906,WHO Triple Billion Indicators
2466,2022,country,84,Belize,UHC,-1915.9353214499988,WHO Triple Billion Indicators
2467,2022,country,204,Benin,HEP,1380221.49956,WHO Triple Billion Indicators
2468,2022,country,204,Benin,HPOP,49783.25399500001,WHO Triple Billion Indicators
2469,2022,country,204,Benin,UHC,397238.22397,WHO Triple Billion Indicators
2470,2022,country,64,Bhutan,HEP,123586.925,WHO Triple Billion Indicators
2471,2022,country,64,Bhutan,HPOP,149502.11725726,WHO Triple Billion Indicators
2472,2022,country,64,Bhutan,UHC,36159.927519699995,WHO Triple Billion Indicators
2473,2022,country,68,Bolivia (Plurinational State of),HEP,-943214.9520000003,WHO Triple Billion Indicators
2474,2022,country,68,Bolivia (Plurinational State of),HPOP,290960.18868499994,WHO Triple Billion Indicators
2475,2022,country,68,Bolivia (Plurinational State of),UHC,408569.046374,WHO Triple Billion Indicators
2476,2022,country,70,Bosnia and Herzegovina,HEP,95446.71,WHO Triple Billion Indicators
2477,2022,country,70,Bosnia and Herzegovina,HPOP,353482.17714314,WHO Triple Billion Indicators
2478,2022,country,70,Bosnia and Herzegovina,UHC,-71985.9471544,WHO Triple Billion Indicators
2479,2022,country,72,Botswana,HEP,483584.15,WHO Triple Billion Indicators
2480,2022,country,72,Botswana,HPOP,76284.91287755,WHO Triple Billion Indicators
2481,2022,country,72,Botswana,UHC,80910.4604016,WHO Triple Billion Indicators
2482,2022,country,76,Brazil,HEP,-35674545.709,WHO Triple Billion Indicators
2483,2022,country,76,Brazil,HPOP,15493205.89162,WHO Triple Billion Indicators
2484,2022,country,76,Brazil,UHC,-9190856.464909999,WHO Triple Billion Indicators
2485,2022,country,96,Brunei Darussalam,HEP,40650.985,WHO Triple Billion Indicators
2486,2022,country,96,Brunei Darussalam,HPOP,-9395.655025924001,WHO Triple Billion Indicators
2487,2022,country,96,Brunei Darussalam,UHC,12808.044481010002,WHO Triple Billion Indicators
2488,2022,country,100,Bulgaria,HEP,754996.85,WHO Triple Billion Indicators
2489,2022,country,100,Bulgaria,HPOP,648979.622264,WHO Triple Billion Indicators
2490,2022,country,100,Bulgaria,UHC,114756.6930533,WHO Triple Billion Indicators
2491,2022,country,854,Burkina Faso,HEP,8064185.25,WHO Triple Billion Indicators
2492,2022,country,854,Burkina Faso,HPOP,1247598.27546,WHO Triple Billion Indicators
2493,2022,country,854,Burkina Faso,UHC,1558848.33383,WHO Triple Billion Indicators
2494,2022,country,108,Burundi,HEP,3208072.2,WHO Triple Billion Indicators
2495,2022,country,108,Burundi,HPOP,4347.228726100005,WHO Triple Billion Indicators
2496,2022,country,108,Burundi,UHC,569962.1405455,WHO Triple Billion Indicators
2497,2022,country,132,Cabo Verde,HEP,103735.53,WHO Triple Billion Indicators
2498,2022,country,132,Cabo Verde,HPOP,11259.113576504,WHO Triple Billion Indicators
2499,2022,country,132,Cabo Verde,UHC,32146.80909523,WHO Triple Billion Indicators
2500,2022,country,116,Cambodia,HEP,2680497.46,WHO Triple Billion Indicators
2501,2022,country,116,Cambodia,HPOP,3349635.84312,WHO Triple Billion Indicators
2502,2022,country,116,Cambodia,UHC,897190.780568,WHO Triple Billion Indicators
2503,2022,country,120,Cameroon,HEP,2120609.4939,WHO Triple Billion Indicators
2504,2022,country,120,Cameroon,HPOP,16543.987879000022,WHO Triple Billion Indicators
2505,2022,country,120,Cameroon,UHC,1570191.616333,WHO Triple Billion Indicators
2506,2022,country,124,Canada,HEP,985786.1749999999,WHO Triple Billion Indicators
2507,2022,country,124,Canada,HPOP,1407473.024588,WHO Triple Billion Indicators
2508,2022,country,124,Canada,UHC,2254939.92554,WHO Triple Billion Indicators
2509,2022,country,140,Central African Republic,HEP,2176432.0709,WHO Triple Billion Indicators
2510,2022,country,140,Central African Republic,HPOP,-174734.1396186,WHO Triple Billion Indicators
2511,2022,country,140,Central African Republic,UHC,170591.65985611,WHO Triple Billion Indicators
2512,2022,country,148,Chad,HEP,4336376.111,WHO Triple Billion Indicators
2513,2022,country,148,Chad,HPOP,1089513.929358,WHO Triple Billion Indicators
2514,2022,country,148,Chad,UHC,543182.106485,WHO Triple Billion Indicators
2515,2022,country,152,Chile,HEP,1478086.9132,WHO Triple Billion Indicators
2516,2022,country,152,Chile,HPOP,84414.40511996597,WHO Triple Billion Indicators
2517,2022,country,152,Chile,UHC,-698190.2818000001,WHO Triple Billion Indicators
2518,2022,country,156,China,HEP,28487638.479999997,WHO Triple Billion Indicators
2519,2022,country,156,China,HPOP,232996904.68120003,WHO Triple Billion Indicators
2520,2022,country,156,China,UHC,18428796.74724,WHO Triple Billion Indicators
2521,2022,country,170,Colombia,HEP,876845.3670000006,WHO Triple Billion Indicators
2522,2022,country,170,Colombia,HPOP,1890606.6848799998,WHO Triple Billion Indicators
2523,2022,country,170,Colombia,UHC,614891.04153,WHO Triple Billion Indicators
2524,2022,country,174,Comoros,HEP,185445.75,WHO Triple Billion Indicators
2525,2022,country,174,Comoros,HPOP,32378.93093804,WHO Triple Billion Indicators
2526,2022,country,174,Comoros,UHC,52968.13796677,WHO Triple Billion Indicators
2527,2022,country,178,Congo,HEP,207345.84944000002,WHO Triple Billion Indicators
2528,2022,country,178,Congo,HPOP,296869.2865056,WHO Triple Billion Indicators
2529,2022,country,178,Congo,UHC,324048.342942,WHO Triple Billion Indicators
2530,2022,country,184,Cook Islands,HEP,-4532.03,WHO Triple Billion Indicators
2531,2022,country,184,Cook Islands,HPOP,-2250.006302322,WHO Triple Billion Indicators
2532,2022,country,184,Cook Islands,UHC,-1726.6617429480002,WHO Triple Billion Indicators
2533,2022,country,188,Costa Rica,HEP,-132004.97500000003,WHO Triple Billion Indicators
2534,2022,country,188,Costa Rica,HPOP,94416.87141675,WHO Triple Billion Indicators
2535,2022,country,188,Costa Rica,UHC,128093.6647752,WHO Triple Billion Indicators
2536,2022,country,191,Croatia,HEP,218041.56,WHO Triple Billion Indicators
2537,2022,country,191,Croatia,HPOP,182898.99428801,WHO Triple Billion Indicators
2538,2022,country,191,Croatia,UHC,114541.719694,WHO Triple Billion Indicators
2539,2022,country,192,Cuba,HEP,278815.775,WHO Triple Billion Indicators
2540,2022,country,192,Cuba,HPOP,255230.0118785,WHO Triple Billion Indicators
2541,2022,country,192,Cuba,UHC,-175435.29218500003,WHO Triple Billion Indicators
2542,2022,country,196,Cyprus,HEP,-57442.86,WHO Triple Billion Indicators
2543,2022,country,196,Cyprus,HPOP,62606.32974601,WHO Triple Billion Indicators
2544,2022,country,196,Cyprus,UHC,67796.98160916001,WHO Triple Billion Indicators
2545,2022,country,203,Czechia,HEP,1523944.925,WHO Triple Billion Indicators
2546,2022,country,203,Czechia,HPOP,837905.8169065,WHO Triple Billion Indicators
2547,2022,country,203,Czechia,UHC,180439.75558523,WHO Triple Billion Indicators
2548,2022,country,384,Côte d'Ivoire,HEP,4802175.6521,WHO Triple Billion Indicators
2549,2022,country,384,Côte d'Ivoire,HPOP,2651567.941201,WHO Triple Billion Indicators
2550,2022,country,384,Côte d'Ivoire,UHC,693052.5744279999,WHO Triple Billion Indicators
2551,2022,country,408,Democratic People's Republic of Korea,HEP,-22503535.02,WHO Triple Billion Indicators
2552,2022,country,408,Democratic People's Republic of Korea,HPOP,1506339.465616,WHO Triple Billion Indicators
2553,2022,country,408,Democratic People's Republic of Korea,UHC,-1824618.2258123998,WHO Triple Billion Indicators
2554,2022,country,180,Democratic Republic of the Congo,HEP,19268990.2174,WHO Triple Billion Indicators
2555,2022,country,180,Democratic Republic of the Congo,HPOP,-219031.51500000004,WHO Triple Billion Indicators
2556,2022,country,180,Democratic Republic of the Congo,UHC,5615418.74109,WHO Triple Billion Indicators
2557,2022,country,208,Denmark,HEP,328265.685,WHO Triple Billion Indicators
2558,2022,country,208,Denmark,HPOP,235565.2234442,WHO Triple Billion Indicators
2559,2022,country,208,Denmark,UHC,182455.1959291,WHO Triple Billion Indicators
2560,2022,country,262,Djibouti,HEP,-262857.825,WHO Triple Billion Indicators
2561,2022,country,262,Djibouti,HPOP,21257.802730499996,WHO Triple Billion Indicators
2562,2022,country,262,Djibouti,UHC,14482.043559200001,WHO Triple Billion Indicators
2563,2022,country,212,Dominica,HEP,-4052.6749999999997,WHO Triple Billion Indicators
2564,2022,country,212,Dominica,HPOP,-1008.201534796,WHO Triple Billion Indicators
2565,2022,country,212,Dominica,UHC,-6331.730719519999,WHO Triple Billion Indicators
2566,2022,country,214,Dominican Republic,HEP,2191108.69,WHO Triple Billion Indicators
2567,2022,country,214,Dominican Republic,HPOP,-265549.1412046,WHO Triple Billion Indicators
2568,2022,country,214,Dominican Republic,UHC,746328.55086344,WHO Triple Billion Indicators
2569,2022,country,218,Ecuador,HEP,-4764598.3,WHO Triple Billion Indicators
2570,2022,country,218,Ecuador,HPOP,-341098.96087206,WHO Triple Billion Indicators
2571,2022,country,218,Ecuador,UHC,543769.059175,WHO Triple Billion Indicators
2572,2022,country,818,Egypt,HEP,13953055.8,WHO Triple Billion Indicators
2573,2022,country,818,Egypt,HPOP,-3248664.6777210003,WHO Triple Billion Indicators
2574,2022,country,818,Egypt,UHC,3889297.154631,WHO Triple Billion Indicators
2575,2022,country,222,El Salvador,HEP,224918.0149999999,WHO Triple Billion Indicators
2576,2022,country,222,El Salvador,HPOP,241980.7316027,WHO Triple Billion Indicators
2577,2022,country,222,El Salvador,UHC,158921.25907499998,WHO Triple Billion Indicators
2578,2022,country,226,Equatorial Guinea,HEP,466849.24,WHO Triple Billion Indicators
2579,2022,country,226,Equatorial Guinea,HPOP,-2209.432862489999,WHO Triple Billion Indicators
2580,2022,country,226,Equatorial Guinea,UHC,111916.8533473,WHO Triple Billion Indicators
2581,2022,country,232,Eritrea,HEP,2295930.638,WHO Triple Billion Indicators
2582,2022,country,232,Eritrea,HPOP,32977.473464999995,WHO Triple Billion Indicators
2583,2022,country,232,Eritrea,UHC,179057.61523911,WHO Triple Billion Indicators
2584,2022,country,233,Estonia,HEP,0.0,WHO Triple Billion Indicators
2585,2022,country,233,Estonia,HPOP,62847.06559147,WHO Triple Billion Indicators
2586,2022,country,233,Estonia,UHC,-14.385355949999393,WHO Triple Billion Indicators
2587,2022,country,748,Eswatini,HEP,-265494.47000000003,WHO Triple Billion Indicators
2588,2022,country,748,Eswatini,HPOP,52259.33301270001,WHO Triple Billion Indicators
2589,2022,country,748,Eswatini,UHC,37120.881299818,WHO Triple Billion Indicators
2590,2022,country,231,Ethiopia,HEP,25865233.1624,WHO Triple Billion Indicators
2591,2022,country,231,Ethiopia,HPOP,6544053.278510001,WHO Triple Billion Indicators
2592,2022,country,231,Ethiopia,UHC,6159601.20078,WHO Triple Billion Indicators
2593,2022,country,242,Fiji,HEP,-61749.479999999996,WHO Triple Billion Indicators
2594,2022,country,242,Fiji,HPOP,52962.420402970005,WHO Triple Billion Indicators
2595,2022,country,242,Fiji,UHC,6440.77193024,WHO Triple Billion Indicators
2596,2022,country,246,Finland,HEP,-333239.1,WHO Triple Billion Indicators
2597,2022,country,246,Finland,HPOP,267175.9233609,WHO Triple Billion Indicators
2598,2022,country,246,Finland,UHC,-68308.18549481801,WHO Triple Billion Indicators
2599,2022,country,250,France,HEP,5200270.72,WHO Triple Billion Indicators
2600,2022,country,250,France,HPOP,4216506.25256,WHO Triple Billion Indicators
2601,2022,country,250,France,UHC,879192.2102718,WHO Triple Billion Indicators
2602,2022,country,266,Gabon,HEP,-16885.900000000023,WHO Triple Billion Indicators
2603,2022,country,266,Gabon,HPOP,6572.0534676,WHO Triple Billion Indicators
2604,2022,country,266,Gabon,UHC,71332.39319290001,WHO Triple Billion Indicators
2605,2022,country,270,Gambia,HEP,400758.37629999995,WHO Triple Billion Indicators
2606,2022,country,270,Gambia,HPOP,-10945.813334799997,WHO Triple Billion Indicators
2607,2022,country,270,Gambia,UHC,99859.71778070001,WHO Triple Billion Indicators
2608,2022,country,268,Georgia,HEP,-1007750.217,WHO Triple Billion Indicators
2609,2022,country,268,Georgia,HPOP,123815.74497500001,WHO Triple Billion Indicators
2610,2022,country,268,Georgia,UHC,-133607.7182108,WHO Triple Billion Indicators
2611,2022,country,276,Germany,HEP,1.2e-08,WHO Triple Billion Indicators
2612,2022,country,276,Germany,HPOP,6035404.53769,WHO Triple Billion Indicators
2613,2022,country,276,Germany,UHC,1245004.7841561998,WHO Triple Billion Indicators
2614,2022,country,288,Ghana,HEP,2598014.1135,WHO Triple Billion Indicators
2615,2022,country,288,Ghana,HPOP,5112505.013741,WHO Triple Billion Indicators
2616,2022,country,288,Ghana,UHC,2040835.969827,WHO Triple Billion Indicators
2617,2022,country,300,Greece,HEP,1642127.68,WHO Triple Billion Indicators
2618,2022,country,300,Greece,HPOP,882318.0061428,WHO Triple Billion Indicators
2619,2022,country,300,Greece,UHC,426505.21904440003,WHO Triple Billion Indicators
2620,2022,country,308,Grenada,HEP,-50893.647,WHO Triple Billion Indicators
2621,2022,country,308,Grenada,HPOP,-5834.220117411,WHO Triple Billion Indicators
2622,2022,country,308,Grenada,UHC,-9744.9351007,WHO Triple Billion Indicators
2623,2022,country,320,Guatemala,HEP,-4565950.34,WHO Triple Billion Indicators
2624,2022,country,320,Guatemala,HPOP,900400.016813,WHO Triple Billion Indicators
2625,2022,country,320,Guatemala,UHC,525754.9220070001,WHO Triple Billion Indicators
2626,2022,country,324,Guinea,HEP,-144225.7258,WHO Triple Billion Indicators
2627,2022,country,324,Guinea,HPOP,-74198.869946,WHO Triple Billion Indicators
2628,2022,country,324,Guinea,UHC,694036.166713,WHO Triple Billion Indicators
2629,2022,country,624,Guinea-Bissau,HEP,47267.90393,WHO Triple Billion Indicators
2630,2022,country,624,Guinea-Bissau,HPOP,74136.00140457001,WHO Triple Billion Indicators
2631,2022,country,624,Guinea-Bissau,UHC,48128.9358965,WHO Triple Billion Indicators
2632,2022,country,328,Guyana,HEP,-244765.13000000003,WHO Triple Billion Indicators
2633,2022,country,328,Guyana,HPOP,19304.69457077,WHO Triple Billion Indicators
2634,2022,country,328,Guyana,UHC,7704.103397699999,WHO Triple Billion Indicators
2635,2022,country,332,Haiti,HEP,2454691.9771000003,WHO Triple Billion Indicators
2636,2022,country,332,Haiti,HPOP,-3000.3637909999857,WHO Triple Billion Indicators
2637,2022,country,332,Haiti,UHC,326081.586632,WHO Triple Billion Indicators
2638,2022,country,340,Honduras,HEP,1802454.5550000002,WHO Triple Billion Indicators
2639,2022,country,340,Honduras,HPOP,597675.3875378,WHO Triple Billion Indicators
2640,2022,country,340,Honduras,UHC,583342.422086,WHO Triple Billion Indicators
2641,2022,country,348,Hungary,HEP,690960.8999999999,WHO Triple Billion Indicators
2642,2022,country,348,Hungary,HPOP,821188.7314810001,WHO Triple Billion Indicators
2643,2022,country,348,Hungary,UHC,599708.3314255,WHO Triple Billion Indicators
2644,2022,country,352,Iceland,HEP,-8866.900000000001,WHO Triple Billion Indicators
2645,2022,country,352,Iceland,HPOP,14933.25113065,WHO Triple Billion Indicators
2646,2022,country,352,Iceland,UHC,11512.769992473997,WHO Triple Billion Indicators
2647,2022,country,356,India,HEP,240010109.46,WHO Triple Billion Indicators
2648,2022,country,356,India,HPOP,478875004.07506996,WHO Triple Billion Indicators
2649,2022,country,356,India,UHC,92868064.9065,WHO Triple Billion Indicators
2650,2022,country,360,Indonesia,HEP,28200430.6,WHO Triple Billion Indicators
2651,2022,country,360,Indonesia,HPOP,23253851.84681,WHO Triple Billion Indicators
2652,2022,country,360,Indonesia,UHC,18557851.31779,WHO Triple Billion Indicators
2653,2022,country,364,Iran (Islamic Republic of),HEP,3616426.3599999873,WHO Triple Billion Indicators
2654,2022,country,364,Iran (Islamic Republic of),HPOP,-1734320.5410334,WHO Triple Billion Indicators
2655,2022,country,364,Iran (Islamic Republic of),UHC,2650235.029673,WHO Triple Billion Indicators
2656,2022,country,368,Iraq,HEP,-1238735.1030000001,WHO Triple Billion Indicators
2657,2022,country,368,Iraq,HPOP,2465419.16264,WHO Triple Billion Indicators
2658,2022,country,368,Iraq,UHC,1979370.434968,WHO Triple Billion Indicators
2659,2022,country,372,Ireland,HEP,-384065.025,WHO Triple Billion Indicators
2660,2022,country,372,Ireland,HPOP,246543.88242368,WHO Triple Billion Indicators
2661,2022,country,372,Ireland,UHC,87606.7347621,WHO Triple Billion Indicators
2662,2022,country,376,Israel,HEP,-47243.905,WHO Triple Billion Indicators
2663,2022,country,376,Israel,HPOP,531134.4984576,WHO Triple Billion Indicators
2664,2022,country,376,Israel,UHC,875864.589833171,WHO Triple Billion Indicators
2665,2022,country,380,Italy,HEP,-5559290.084999999,WHO Triple Billion Indicators
2666,2022,country,380,Italy,HPOP,2995060.9371350002,WHO Triple Billion Indicators
2667,2022,country,380,Italy,UHC,-1304572.78178207,WHO Triple Billion Indicators
2668,2022,country,388,Jamaica,HEP,395247.86000000004,WHO Triple Billion Indicators
2669,2022,country,388,Jamaica,HPOP,-146612.2639439,WHO Triple Billion Indicators
2670,2022,country,388,Jamaica,UHC,123585.24547729999,WHO Triple Billion Indicators
2671,2022,country,392,Japan,HEP,9756832.64,WHO Triple Billion Indicators
2672,2022,country,392,Japan,HPOP,3934451.892088,WHO Triple Billion Indicators
2673,2022,country,392,Japan,UHC,-1161782.304917,WHO Triple Billion Indicators
2674,2022,country,400,Jordan,HEP,-114421.14000000013,WHO Triple Billion Indicators
2675,2022,country,400,Jordan,HPOP,264331.84327240003,WHO Triple Billion Indicators
2676,2022,country,400,Jordan,UHC,173781.31702979995,WHO Triple Billion Indicators
2677,2022,country,398,Kazakhstan,HEP,2908098.83,WHO Triple Billion Indicators
2678,2022,country,398,Kazakhstan,HPOP,815382.741234,WHO Triple Billion Indicators
2679,2022,country,398,Kazakhstan,UHC,543997.2905741,WHO Triple Billion Indicators
2680,2022,country,404,Kenya,HEP,9723846.993,WHO Triple Billion Indicators
2681,2022,country,404,Kenya,HPOP,5693027.085219,WHO Triple Billion Indicators
2682,2022,country,404,Kenya,UHC,2874399.99228,WHO Triple Billion Indicators
2683,2022,country,296,Kiribati,HEP,21844.665976700002,WHO Triple Billion Indicators
2684,2022,country,296,Kiribati,HPOP,8535.068706274,WHO Triple Billion Indicators
2685,2022,country,296,Kiribati,UHC,4966.85013291,WHO Triple Billion Indicators
2686,2022,country,414,Kuwait,HEP,1769467.2966699998,WHO Triple Billion Indicators
2687,2022,country,414,Kuwait,HPOP,167472.7487796,WHO Triple Billion Indicators
2688,2022,country,414,Kuwait,UHC,411734.727005,WHO Triple Billion Indicators
2689,2022,country,417,Kyrgyzstan,HEP,-2499364.44,WHO Triple Billion Indicators
2690,2022,country,417,Kyrgyzstan,HPOP,747468.906174,WHO Triple Billion Indicators
2691,2022,country,417,Kyrgyzstan,UHC,-123024.93513500005,WHO Triple Billion Indicators
2692,2022,country,418,Lao People's Democratic Republic,HEP,705447.4499999998,WHO Triple Billion Indicators
2693,2022,country,418,Lao People's Democratic Republic,HPOP,22776.83074099997,WHO Triple Billion Indicators
2694,2022,country,418,Lao People's Democratic Republic,UHC,517553.88913200004,WHO Triple Billion Indicators
2695,2022,country,428,Latvia,HEP,-62677.86,WHO Triple Billion Indicators
2696,2022,country,428,Latvia,HPOP,141597.8765183,WHO Triple Billion Indicators
2697,2022,country,428,Latvia,UHC,-45662.236545399996,WHO Triple Billion Indicators
2698,2022,country,422,Lebanon,HEP,101952.08000000007,WHO Triple Billion Indicators
2699,2022,country,422,Lebanon,HPOP,-55672.746912799994,WHO Triple Billion Indicators
2700,2022,country,422,Lebanon,UHC,64071.35219799999,WHO Triple Billion Indicators
2701,2022,country,426,Lesotho,HEP,-781886.7616999999,WHO Triple Billion Indicators
2702,2022,country,426,Lesotho,HPOP,215429.3095964,WHO Triple Billion Indicators
2703,2022,country,426,Lesotho,UHC,76195.779432,WHO Triple Billion Indicators
2704,2022,country,430,Liberia,HEP,697724.9099999999,WHO Triple Billion Indicators
2705,2022,country,430,Liberia,HPOP,-195623.46659152998,WHO Triple Billion Indicators
2706,2022,country,430,Liberia,UHC,314739.9947414,WHO Triple Billion Indicators
2707,2022,country,434,Libya,HEP,1196524.6,WHO Triple Billion Indicators
2708,2022,country,434,Libya,HPOP,30857.57605070001,WHO Triple Billion Indicators
2709,2022,country,434,Libya,UHC,166402.538563,WHO Triple Billion Indicators
2710,2022,country,440,Lithuania,HEP,120080.06999999999,WHO Triple Billion Indicators
2711,2022,country,440,Lithuania,HPOP,203064.598000058,WHO Triple Billion Indicators
2712,2022,country,440,Lithuania,UHC,18804.446454999994,WHO Triple Billion Indicators
2713,2022,country,442,Luxembourg,HEP,-26724.0,WHO Triple Billion Indicators
2714,2022,country,442,Luxembourg,HPOP,52701.98489351,WHO Triple Billion Indicators
2715,2022,country,442,Luxembourg,UHC,33773.228078328,WHO Triple Billion Indicators
2716,2022,country,450,Madagascar,HEP,2225811.42,WHO Triple Billion Indicators
2717,2022,country,450,Madagascar,HPOP,1932274.344117,WHO Triple Billion Indicators
2718,2022,country,450,Madagascar,UHC,1057968.2729535,WHO Triple Billion Indicators
2719,2022,country,454,Malawi,HEP,2210035.7287000003,WHO Triple Billion Indicators
2720,2022,country,454,Malawi,HPOP,2222462.459043,WHO Triple Billion Indicators
2721,2022,country,454,Malawi,UHC,1353670.4610300001,WHO Triple Billion Indicators
2722,2022,country,458,Malaysia,HEP,-2101681.8,WHO Triple Billion Indicators
2723,2022,country,458,Malaysia,HPOP,-103253.49851599992,WHO Triple Billion Indicators
2724,2022,country,458,Malaysia,UHC,-388091.2581747999,WHO Triple Billion Indicators
2725,2022,country,462,Maldives,HEP,85011.795,WHO Triple Billion Indicators
2726,2022,country,462,Maldives,HPOP,-2452.2918946,WHO Triple Billion Indicators
2727,2022,country,462,Maldives,UHC,13759.18076048,WHO Triple Billion Indicators
2728,2022,country,466,Mali,HEP,-127026.6252,WHO Triple Billion Indicators
2729,2022,country,466,Mali,HPOP,721250.050184,WHO Triple Billion Indicators
2730,2022,country,466,Mali,UHC,959610.4227029,WHO Triple Billion Indicators
2731,2022,country,470,Malta,HEP,90200.633967,WHO Triple Billion Indicators
2732,2022,country,470,Malta,HPOP,18101.294301009,WHO Triple Billion Indicators
2733,2022,country,470,Malta,UHC,30355.579244992,WHO Triple Billion Indicators
2734,2022,country,584,Marshall Islands,HEP,-9777.005000000001,WHO Triple Billion Indicators
2735,2022,country,584,Marshall Islands,HPOP,-586.785374237,WHO Triple Billion Indicators
2736,2022,country,584,Marshall Islands,UHC,-3112.541137348,WHO Triple Billion Indicators
2737,2022,country,478,Mauritania,HEP,987362.53034,WHO Triple Billion Indicators
2738,2022,country,478,Mauritania,HPOP,45932.26820340002,WHO Triple Billion Indicators
2739,2022,country,478,Mauritania,UHC,123344.76158870001,WHO Triple Billion Indicators
2740,2022,country,480,Mauritius,HEP,-182449.40000000002,WHO Triple Billion Indicators
2741,2022,country,480,Mauritius,HPOP,-6680.473788630001,WHO Triple Billion Indicators
2742,2022,country,480,Mauritius,UHC,-8736.80889126,WHO Triple Billion Indicators
2743,2022,country,484,Mexico,HEP,-19545208.65,WHO Triple Billion Indicators
2744,2022,country,484,Mexico,HPOP,14029139.576326,WHO Triple Billion Indicators
2745,2022,country,484,Mexico,UHC,-1416804.9451199998,WHO Triple Billion Indicators
2746,2022,country,583,Micronesia (Federated States of),HEP,20347.426667,WHO Triple Billion Indicators
2747,2022,country,583,Micronesia (Federated States of),HPOP,-1740.356387479,WHO Triple Billion Indicators
2748,2022,country,583,Micronesia (Federated States of),UHC,5502.80807035,WHO Triple Billion Indicators
2749,2022,country,492,Monaco,HEP,-5.12e-12,WHO Triple Billion Indicators
2750,2022,country,492,Monaco,HPOP,-11237.641669785999,WHO Triple Billion Indicators
2751,2022,country,492,Monaco,UHC,100.05040724800004,WHO Triple Billion Indicators
2752,2022,country,496,Mongolia,HEP,-477622.84500000003,WHO Triple Billion Indicators
2753,2022,country,496,Mongolia,HPOP,466796.758241,WHO Triple Billion Indicators
2754,2022,country,496,Mongolia,UHC,-76604.3620474,WHO Triple Billion Indicators
2755,2022,country,499,Montenegro,HEP,37537.38,WHO Triple Billion Indicators
2756,2022,country,499,Montenegro,HPOP,78321.70014387,WHO Triple Billion Indicators
2757,2022,country,499,Montenegro,UHC,-2532.3204103,WHO Triple Billion Indicators
2758,2022,country,504,Morocco,HEP,1157138.67,WHO Triple Billion Indicators
2759,2022,country,504,Morocco,HPOP,1228058.8785390002,WHO Triple Billion Indicators
2760,2022,country,504,Morocco,UHC,613138.29041,WHO Triple Billion Indicators
2761,2022,country,508,Mozambique,HEP,8544904.549,WHO Triple Billion Indicators
2762,2022,country,508,Mozambique,HPOP,1093728.714739,WHO Triple Billion Indicators
2763,2022,country,508,Mozambique,UHC,1682624.9674484,WHO Triple Billion Indicators
2764,2022,country,104,Myanmar,HEP,-9960620.94,WHO Triple Billion Indicators
2765,2022,country,104,Myanmar,HPOP,10216845.57622,WHO Triple Billion Indicators
2766,2022,country,104,Myanmar,UHC,-904681.5850499999,WHO Triple Billion Indicators
2767,2022,country,516,Namibia,HEP,-26902.840000000084,WHO Triple Billion Indicators
2768,2022,country,516,Namibia,HPOP,43167.197387,WHO Triple Billion Indicators
2769,2022,country,516,Namibia,UHC,219501.6517969,WHO Triple Billion Indicators
2770,2022,country,520,Nauru,HEP,454.265,WHO Triple Billion Indicators
2771,2022,country,520,Nauru,HPOP,26.342580885999983,WHO Triple Billion Indicators
2772,2022,country,520,Nauru,UHC,525.374493314,WHO Triple Billion Indicators
2773,2022,country,524,Nepal,HEP,8052227.054999999,WHO Triple Billion Indicators
2774,2022,country,524,Nepal,HPOP,3803306.7437670003,WHO Triple Billion Indicators
2775,2022,country,524,Nepal,UHC,2121959.79322,WHO Triple Billion Indicators
2776,2022,country,528,Netherlands (Kingdom of the),HEP,-886116.6500000001,WHO Triple Billion Indicators
2777,2022,country,528,Netherlands (Kingdom of the),HPOP,960106.9751099,WHO Triple Billion Indicators
2778,2022,country,528,Netherlands (Kingdom of the),UHC,422495.9266266,WHO Triple Billion Indicators
2779,2022,country,554,New Zealand,HEP,-212427.80000000002,WHO Triple Billion Indicators
2780,2022,country,554,New Zealand,HPOP,203793.2708388,WHO Triple Billion Indicators
2781,2022,country,554,New Zealand,UHC,249007.4873395,WHO Triple Billion Indicators
2782,2022,country,558,Nicaragua,HEP,796104.43,WHO Triple Billion Indicators
2783,2022,country,558,Nicaragua,HPOP,341950.3708542999,WHO Triple Billion Indicators
2784,2022,country,558,Nicaragua,UHC,228580.17388569997,WHO Triple Billion Indicators
2785,2022,country,562,Niger,HEP,5966179.893,WHO Triple Billion Indicators
2786,2022,country,562,Niger,HPOP,562763.468808,WHO Triple Billion Indicators
2787,2022,country,562,Niger,UHC,1511486.1585483,WHO Triple Billion Indicators
2788,2022,country,566,Nigeria,HEP,1624882.2199999988,WHO Triple Billion Indicators
2789,2022,country,566,Nigeria,HPOP,28694181.065309998,WHO Triple Billion Indicators
2790,2022,country,566,Nigeria,UHC,9448361.239459999,WHO Triple Billion Indicators
2791,2022,country,570,Niue,HEP,-38.7,WHO Triple Billion Indicators
2792,2022,country,570,Niue,HPOP,-50.862114879,WHO Triple Billion Indicators
2793,2022,country,570,Niue,UHC,56.771928135,WHO Triple Billion Indicators
2794,2022,country,807,North Macedonia,HEP,-62472.75,WHO Triple Billion Indicators
2795,2022,country,807,North Macedonia,HPOP,182771.780917,WHO Triple Billion Indicators
2796,2022,country,807,North Macedonia,UHC,-11797.149131999993,WHO Triple Billion Indicators
2797,2022,country,578,Norway,HEP,472129.78,WHO Triple Billion Indicators
2798,2022,country,578,Norway,HPOP,151478.5600924,WHO Triple Billion Indicators
2799,2022,country,578,Norway,UHC,228662.1435992,WHO Triple Billion Indicators
2800,2022,country,512,Oman,HEP,-908334.14,WHO Triple Billion Indicators
2801,2022,country,512,Oman,HPOP,15474.669727860004,WHO Triple Billion Indicators
2802,2022,country,512,Oman,UHC,-132351.910063835,WHO Triple Billion Indicators
2803,2022,country,586,Pakistan,HEP,21245655.229999997,WHO Triple Billion Indicators
2804,2022,country,586,Pakistan,HPOP,46689497.634795,WHO Triple Billion Indicators
2805,2022,country,586,Pakistan,UHC,7460011.69229,WHO Triple Billion Indicators
2806,2022,country,585,Palau,HEP,-123.9839364,WHO Triple Billion Indicators
2807,2022,country,585,Palau,HPOP,-1756.7816607269997,WHO Triple Billion Indicators
2808,2022,country,585,Palau,UHC,226.464731336,WHO Triple Billion Indicators
2809,2022,country,591,Panama,HEP,198755.7867,WHO Triple Billion Indicators
2810,2022,country,591,Panama,HPOP,244639.1645874,WHO Triple Billion Indicators
2811,2022,country,591,Panama,UHC,335132.051913,WHO Triple Billion Indicators
2812,2022,country,598,Papua New Guinea,HEP,-1123620.12,WHO Triple Billion Indicators
2813,2022,country,598,Papua New Guinea,HPOP,7542.6795480000055,WHO Triple Billion Indicators
2814,2022,country,598,Papua New Guinea,UHC,74676.05474980001,WHO Triple Billion Indicators
2815,2022,country,600,Paraguay,HEP,-1945337.6770000001,WHO Triple Billion Indicators
2816,2022,country,600,Paraguay,HPOP,337480.101965,WHO Triple Billion Indicators
2817,2022,country,600,Paraguay,UHC,93189.0079392,WHO Triple Billion Indicators
2818,2022,country,604,Peru,HEP,-4902215.5,WHO Triple Billion Indicators
2819,2022,country,604,Peru,HPOP,5472871.9399685,WHO Triple Billion Indicators
2820,2022,country,604,Peru,UHC,-717704.591116,WHO Triple Billion Indicators
2821,2022,country,608,Philippines,HEP,13295079.38,WHO Triple Billion Indicators
2822,2022,country,608,Philippines,HPOP,8690332.041534,WHO Triple Billion Indicators
2823,2022,country,608,Philippines,UHC,4176759.83135,WHO Triple Billion Indicators
2824,2022,country,616,Poland,HEP,5150174.899999999,WHO Triple Billion Indicators
2825,2022,country,616,Poland,HPOP,2472177.0135156997,WHO Triple Billion Indicators
2826,2022,country,616,Poland,UHC,2066192.9434453,WHO Triple Billion Indicators
2827,2022,country,620,Portugal,HEP,1274764.5,WHO Triple Billion Indicators
2828,2022,country,620,Portugal,HPOP,489704.7716223,WHO Triple Billion Indicators
2829,2022,country,620,Portugal,UHC,490920.3069793,WHO Triple Billion Indicators
2830,2022,country,634,Qatar,HEP,317080.3,WHO Triple Billion Indicators
2831,2022,country,634,Qatar,HPOP,187416.081667,WHO Triple Billion Indicators
2832,2022,country,634,Qatar,UHC,-39400.0379289,WHO Triple Billion Indicators
2833,2022,country,410,Republic of Korea,HEP,4652143.11,WHO Triple Billion Indicators
2834,2022,country,410,Republic of Korea,HPOP,2912441.598469,WHO Triple Billion Indicators
2835,2022,country,410,Republic of Korea,UHC,2137244.0676769996,WHO Triple Billion Indicators
2836,2022,country,498,Republic of Moldova,HEP,32549.660000000003,WHO Triple Billion Indicators
2837,2022,country,498,Republic of Moldova,HPOP,136867.50838189997,WHO Triple Billion Indicators
2838,2022,country,498,Republic of Moldova,UHC,-50743.81674500001,WHO Triple Billion Indicators
2839,2022,country,642,Romania,HEP,-1359702.54,WHO Triple Billion Indicators
2840,2022,country,642,Romania,HPOP,1841807.124633,WHO Triple Billion Indicators
2841,2022,country,642,Romania,UHC,128040.99326999998,WHO Triple Billion Indicators
2842,2022,country,643,Russian Federation,HEP,5739768.4,WHO Triple Billion Indicators
2843,2022,country,643,Russian Federation,HPOP,-9369620.745579999,WHO Triple Billion Indicators
2844,2022,country,643,Russian Federation,UHC,-101186.98310499966,WHO Triple Billion Indicators
2845,2022,country,646,Rwanda,HEP,294744.95999999996,WHO Triple Billion Indicators
2846,2022,country,646,Rwanda,HPOP,1191233.00232,WHO Triple Billion Indicators
2847,2022,country,646,Rwanda,UHC,885613.371725,WHO Triple Billion Indicators
2848,2022,country,659,Saint Kitts and Nevis,HEP,12702.775,WHO Triple Billion Indicators
2849,2022,country,659,Saint Kitts and Nevis,HPOP,-1063.0721414349998,WHO Triple Billion Indicators
2850,2022,country,659,Saint Kitts and Nevis,UHC,2363.53509688,WHO Triple Billion Indicators
2851,2022,country,662,Saint Lucia,HEP,-10878.6,WHO Triple Billion Indicators
2852,2022,country,662,Saint Lucia,HPOP,-4401.963725204,WHO Triple Billion Indicators
2853,2022,country,662,Saint Lucia,UHC,1914.8483786049999,WHO Triple Billion Indicators
2854,2022,country,670,Saint Vincent and the Grenadines,HEP,14535.22,WHO Triple Billion Indicators
2855,2022,country,670,Saint Vincent and the Grenadines,HPOP,-4093.908667237,WHO Triple Billion Indicators
2856,2022,country,670,Saint Vincent and the Grenadines,UHC,-2745.6754375200003,WHO Triple Billion Indicators
2857,2022,country,882,Samoa,HEP,34834.65,WHO Triple Billion Indicators
2858,2022,country,882,Samoa,HPOP,756.3161259099991,WHO Triple Billion Indicators
2859,2022,country,882,Samoa,UHC,7905.814462342999,WHO Triple Billion Indicators
2860,2022,country,674,San Marino,HEP,-8429.885269,WHO Triple Billion Indicators
2861,2022,country,674,San Marino,HPOP,-8518.005201097001,WHO Triple Billion Indicators
2862,2022,country,674,San Marino,UHC,50.702123308,WHO Triple Billion Indicators
2863,2022,country,678,Sao Tome and Principe,HEP,-21688.11,WHO Triple Billion Indicators
2864,2022,country,678,Sao Tome and Principe,HPOP,7888.221502521,WHO Triple Billion Indicators
2865,2022,country,678,Sao Tome and Principe,UHC,9002.95952638,WHO Triple Billion Indicators
2866,2022,country,682,Saudi Arabia,HEP,10434578.152,WHO Triple Billion Indicators
2867,2022,country,682,Saudi Arabia,HPOP,1628170.219384,WHO Triple Billion Indicators
2868,2022,country,682,Saudi Arabia,UHC,2393293.339766,WHO Triple Billion Indicators
2869,2022,country,686,Senegal,HEP,1794296.3222,WHO Triple Billion Indicators
2870,2022,country,686,Senegal,HPOP,182788.86269950002,WHO Triple Billion Indicators
2871,2022,country,686,Senegal,UHC,1083770.201447,WHO Triple Billion Indicators
2872,2022,country,688,Serbia,HEP,-317537.32499999995,WHO Triple Billion Indicators
2873,2022,country,688,Serbia,HPOP,600027.158805,WHO Triple Billion Indicators
2874,2022,country,688,Serbia,UHC,-230961.6587427,WHO Triple Billion Indicators
2875,2022,country,690,Seychelles,HEP,9795.96,WHO Triple Billion Indicators
2876,2022,country,690,Seychelles,HPOP,-2451.9100709500003,WHO Triple Billion Indicators
2877,2022,country,690,Seychelles,UHC,10850.854734017,WHO Triple Billion Indicators
2878,2022,country,694,Sierra Leone,HEP,1443447.5013000001,WHO Triple Billion Indicators
2879,2022,country,694,Sierra Leone,HPOP,341092.1069719,WHO Triple Billion Indicators
2880,2022,country,694,Sierra Leone,UHC,202370.107811,WHO Triple Billion Indicators
2881,2022,country,702,Singapore,HEP,395820.16500000004,WHO Triple Billion Indicators
2882,2022,country,702,Singapore,HPOP,25826.41519530001,WHO Triple Billion Indicators
2883,2022,country,702,Singapore,UHC,330883.2857742,WHO Triple Billion Indicators
2884,2022,country,703,Slovakia,HEP,56350.340000000026,WHO Triple Billion Indicators
2885,2022,country,703,Slovakia,HPOP,234978.28502564997,WHO Triple Billion Indicators
2886,2022,country,703,Slovakia,UHC,190569.66026627,WHO Triple Billion Indicators
2887,2022,country,705,Slovenia,HEP,52944.05000000001,WHO Triple Billion Indicators
2888,2022,country,705,Slovenia,HPOP,131627.483801266,WHO Triple Billion Indicators
2889,2022,country,705,Slovenia,UHC,56451.3936827,WHO Triple Billion Indicators
2890,2022,country,90,Solomon Islands,HEP,180873.9236,WHO Triple Billion Indicators
2891,2022,country,90,Solomon Islands,HPOP,-8308.2283525,WHO Triple Billion Indicators
2892,2022,country,90,Solomon Islands,UHC,36334.6700942,WHO Triple Billion Indicators
2893,2022,country,706,Somalia,HEP,929659.3866,WHO Triple Billion Indicators
2894,2022,country,706,Somalia,HPOP,720462.3818308,WHO Triple Billion Indicators
2895,2022,country,706,Somalia,UHC,523408.99746089,WHO Triple Billion Indicators
2896,2022,country,710,South Africa,HEP,9250962.15,WHO Triple Billion Indicators
2897,2022,country,710,South Africa,HPOP,2430427.1272400003,WHO Triple Billion Indicators
2898,2022,country,710,South Africa,UHC,4311908.9261300005,WHO Triple Billion Indicators
2899,2022,country,728,South Sudan,HEP,492679.98309999995,WHO Triple Billion Indicators
2900,2022,country,728,South Sudan,HPOP,105487.10951466001,WHO Triple Billion Indicators
2901,2022,country,728,South Sudan,UHC,343396.055232,WHO Triple Billion Indicators
2902,2022,country,724,Spain,HEP,-711300.3600000001,WHO Triple Billion Indicators
2903,2022,country,724,Spain,HPOP,2808747.2007917003,WHO Triple Billion Indicators
2904,2022,country,724,Spain,UHC,-83331.09036810005,WHO Triple Billion Indicators
2905,2022,country,144,Sri Lanka,HEP,5390060.27,WHO Triple Billion Indicators
2906,2022,country,144,Sri Lanka,HPOP,528043.7241022,WHO Triple Billion Indicators
2907,2022,country,144,Sri Lanka,UHC,1374881.546769,WHO Triple Billion Indicators
2908,2022,country,729,Sudan,HEP,-6013778.5595,WHO Triple Billion Indicators
2909,2022,country,729,Sudan,HPOP,4273521.002325,WHO Triple Billion Indicators
2910,2022,country,729,Sudan,UHC,910805.5320593001,WHO Triple Billion Indicators
2911,2022,country,740,Suriname,HEP,-124730.13000000002,WHO Triple Billion Indicators
2912,2022,country,740,Suriname,HPOP,-4285.782794730001,WHO Triple Billion Indicators
2913,2022,country,740,Suriname,UHC,-10600.87842063,WHO Triple Billion Indicators
2914,2022,country,752,Sweden,HEP,-536693.35,WHO Triple Billion Indicators
2915,2022,country,752,Sweden,HPOP,604051.2872737,WHO Triple Billion Indicators
2916,2022,country,752,Sweden,UHC,294439.62684378,WHO Triple Billion Indicators
2917,2022,country,756,Switzerland,HEP,-201837.82669999998,WHO Triple Billion Indicators
2918,2022,country,756,Switzerland,HPOP,310713.3527187,WHO Triple Billion Indicators
2919,2022,country,756,Switzerland,UHC,287824.129188573,WHO Triple Billion Indicators
2920,2022,country,760,Syrian Arab Republic,HEP,-6738205.615,WHO Triple Billion Indicators
2921,2022,country,760,Syrian Arab Republic,HPOP,-867405.3601449999,WHO Triple Billion Indicators
2922,2022,country,760,Syrian Arab Republic,UHC,1160825.636079,WHO Triple Billion Indicators
2923,2022,country,762,Tajikistan,HEP,1104278.7,WHO Triple Billion Indicators
2924,2022,country,762,Tajikistan,HPOP,1245275.308467,WHO Triple Billion Indicators
2925,2022,country,762,Tajikistan,UHC,278249.9228188,WHO Triple Billion Indicators
2926,2022,country,764,Thailand,HEP,8634366.479999991,WHO Triple Billion Indicators
2927,2022,country,764,Thailand,HPOP,3905889.3128,WHO Triple Billion Indicators
2928,2022,country,764,Thailand,UHC,1558634.675833,WHO Triple Billion Indicators
2929,2022,country,626,Timor-Leste,HEP,415091.25333,WHO Triple Billion Indicators
2930,2022,country,626,Timor-Leste,HPOP,77102.9553036,WHO Triple Billion Indicators
2931,2022,country,626,Timor-Leste,UHC,141462.2088898,WHO Triple Billion Indicators
2932,2022,country,768,Togo,HEP,1919360.14376,WHO Triple Billion Indicators
2933,2022,country,768,Togo,HPOP,533457.0071093,WHO Triple Billion Indicators
2934,2022,country,768,Togo,UHC,401173.14157000004,WHO Triple Billion Indicators
2935,2022,country,776,Tonga,HEP,14247.479999999983,WHO Triple Billion Indicators
2936,2022,country,776,Tonga,HPOP,2666.8832182899996,WHO Triple Billion Indicators
2937,2022,country,776,Tonga,UHC,4868.58267095,WHO Triple Billion Indicators
2938,2022,country,780,Trinidad and Tobago,HEP,318461.55333,WHO Triple Billion Indicators
2939,2022,country,780,Trinidad and Tobago,HPOP,-19248.883341,WHO Triple Billion Indicators
2940,2022,country,780,Trinidad and Tobago,UHC,29839.203471399996,WHO Triple Billion Indicators
2941,2022,country,788,Tunisia,HEP,1329909.2100000002,WHO Triple Billion Indicators
2942,2022,country,788,Tunisia,HPOP,289509.97517085,WHO Triple Billion Indicators
2943,2022,country,788,Tunisia,UHC,134692.04465579998,WHO Triple Billion Indicators
2944,2022,country,795,Turkmenistan,HEP,868005.58,WHO Triple Billion Indicators
2945,2022,country,795,Turkmenistan,HPOP,278589.7364113,WHO Triple Billion Indicators
2946,2022,country,795,Turkmenistan,UHC,291413.249648,WHO Triple Billion Indicators
2947,2022,country,798,Tuvalu,HEP,1209.0672009999998,WHO Triple Billion Indicators
2948,2022,country,798,Tuvalu,HPOP,147.79954299300005,WHO Triple Billion Indicators
2949,2022,country,798,Tuvalu,UHC,226.96246105400002,WHO Triple Billion Indicators
2950,2022,country,792,Türkiye,HEP,7802682.840000012,WHO Triple Billion Indicators
2951,2022,country,792,Türkiye,HPOP,8682860.599412,WHO Triple Billion Indicators
2952,2022,country,792,Türkiye,UHC,4329180.59074,WHO Triple Billion Indicators
2953,2022,country,800,Uganda,HEP,1779887.307,WHO Triple Billion Indicators
2954,2022,country,800,Uganda,HPOP,2024021.944824,WHO Triple Billion Indicators
2955,2022,country,800,Uganda,UHC,2889376.13703,WHO Triple Billion Indicators
2956,2022,country,804,Ukraine,HEP,-4457293.74,WHO Triple Billion Indicators
2957,2022,country,804,Ukraine,HPOP,826167.5142000001,WHO Triple Billion Indicators
2958,2022,country,804,Ukraine,UHC,-2074740.9701643,WHO Triple Billion Indicators
2959,2022,country,784,United Arab Emirates,HEP,241632.975,WHO Triple Billion Indicators
2960,2022,country,784,United Arab Emirates,HPOP,441841.2398409,WHO Triple Billion Indicators
2961,2022,country,784,United Arab Emirates,UHC,543208.01237417,WHO Triple Billion Indicators
2962,2022,country,826,United Kingdom of Great Britain and Northern Ireland,HEP,2045418.1800000002,WHO Triple Billion Indicators
2963,2022,country,826,United Kingdom of Great Britain and Northern Ireland,HPOP,3632164.396902,WHO Triple Billion Indicators
2964,2022,country,826,United Kingdom of Great Britain and Northern Ireland,UHC,2803638.4206129,WHO Triple Billion Indicators
2965,2022,country,834,United Republic of Tanzania,HEP,12102223.955,WHO Triple Billion Indicators
2966,2022,country,834,United Republic of Tanzania,HPOP,4297554.73201,WHO Triple Billion Indicators
2967,2022,country,834,United Republic of Tanzania,UHC,5417730.094689,WHO Triple Billion Indicators
2968,2022,country,840,United States of America,HEP,13744136.16,WHO Triple Billion Indicators
2969,2022,country,840,United States of America,HPOP,6206765.44017,WHO Triple Billion Indicators
2970,2022,country,840,United States of America,UHC,8962672.68556,WHO Triple Billion Indicators
2971,2022,country,858,Uruguay,HEP,-376579.94,WHO Triple Billion Indicators
2972,2022,country,858,Uruguay,HPOP,58563.159757999994,WHO Triple Billion Indicators
2973,2022,country,858,Uruguay,UHC,-166058.4223017,WHO Triple Billion Indicators
2974,2022,country,860,Uzbekistan,HEP,11932475.280000001,WHO Triple Billion Indicators
2975,2022,country,860,Uzbekistan,HPOP,2475756.51635,WHO Triple Billion Indicators
2976,2022,country,860,Uzbekistan,UHC,867912.3772100001,WHO Triple Billion Indicators
2977,2022,country,548,Vanuatu,HEP,31518.179999999993,WHO Triple Billion Indicators
2978,2022,country,548,Vanuatu,HPOP,-11685.80549773,WHO Triple Billion Indicators
2979,2022,country,548,Vanuatu,UHC,14268.42802015,WHO Triple Billion Indicators
2980,2022,country,862,Venezuela (Bolivarian Republic of),HEP,357668.6200000001,WHO Triple Billion Indicators
2981,2022,country,862,Venezuela (Bolivarian Republic of),HPOP,515404.04984799994,WHO Triple Billion Indicators
2982,2022,country,862,Venezuela (Bolivarian Republic of),UHC,739949.1450559999,WHO Triple Billion Indicators
2983,2022,country,704,Viet Nam,HEP,-19520275.91,WHO Triple Billion Indicators
2984,2022,country,704,Viet Nam,HPOP,9865632.11669,WHO Triple Billion Indicators
2985,2022,country,704,Viet Nam,UHC,5549369.10802,WHO Triple Billion Indicators
2986,2022,country,887,Yemen,HEP,-374930.8990000002,WHO Triple Billion Indicators
2987,2022,country,887,Yemen,HPOP,-334184.24336599995,WHO Triple Billion Indicators
2988,2022,country,887,Yemen,UHC,915063.50267,WHO Triple Billion Indicators
2989,2022,country,894,Zambia,HEP,65415.31199999992,WHO Triple Billion Indicators
2990,2022,country,894,Zambia,HPOP,-389545.59486199997,WHO Triple Billion Indicators
2991,2022,country,894,Zambia,UHC,1868084.85658,WHO Triple Billion Indicators
2992,2022,country,716,Zimbabwe,HEP,3253033.0644,WHO Triple Billion Indicators
2993,2022,country,716,Zimbabwe,HPOP,-289396.521949,WHO Triple Billion Indicators
2994,2022,country,716,Zimbabwe,UHC,692818.7442046,WHO Triple Billion Indicators
2995,2022,global,1,World,HEP,480039638.29999995,WHO Triple Billion Indicators
2996,2022,global,1,World,HPOP,1027642222.8476,WHO Triple Billion Indicators
2997,2022,global,1,World,UHC,255017516.239,WHO Triple Billion Indicators
2998,2022,who_region,953,Africa,HEP,129464000.72999999,WHO Triple Billion Indicators
2999,2022,who_region,953,Africa,HPOP,64426512.076699995,WHO Triple Billion Indicators
3000,2022,who_region,953,Africa,UHC,59420603.1775,WHO Triple Billion Indicators
3001,2022,who_region,954,Americas,HEP,-45847665.870000005,WHO Triple Billion Indicators
3002,2022,who_region,954,Americas,HPOP,47176435.2377,WHO Triple Billion Indicators
3003,2022,who_region,954,Americas,UHC,6215701.525260001,WHO Triple Billion Indicators
3004,2022,who_region,957,Eastern Mediterranean,HEP,43535343.32,WHO Triple Billion Indicators
3005,2022,who_region,957,Eastern Mediterranean,HPOP,59652104.443110004,WHO Triple Billion Indicators
3006,2022,who_region,957,Eastern Mediterranean,UHC,24249594.489,WHO Triple Billion Indicators
3007,2022,who_region,956,Europe,HEP,32223422.773999996,WHO Triple Billion Indicators
3008,2022,who_region,956,Europe,HPOP,42120638.788449995,WHO Triple Billion Indicators
3009,2022,who_region,956,Europe,UHC,14401208.452154,WHO Triple Billion Indicators
3010,2022,who_region,955,South-East Asia,HEP,283182996.393,WHO Triple Billion Indicators
3011,2022,who_region,955,South-East Asia,HPOP,552383723.44383,WHO Triple Billion Indicators
3012,2022,who_region,955,South-East Asia,UHC,118709558.648,WHO Triple Billion Indicators
3013,2022,who_region,958,Western Pacific,HEP,37481541.01100001,WHO Triple Billion Indicators
3014,2022,who_region,958,Western Pacific,HPOP,261882808.90571,WHO Triple Billion Indicators
3015,2022,who_region,958,Western Pacific,UHC,32020849.962199993,WHO Triple Billion Indicators
3016,2023,country,4,Afghanistan,HEP,4541585.2358,WHO Triple Billion Indicators
3017,2023,country,4,Afghanistan,HPOP,8537220.105193,WHO Triple Billion Indicators
3018,2023,country,4,Afghanistan,UHC,972060.60141,WHO Triple Billion Indicators
3019,2023,country,8,Albania,HEP,912729.31894,WHO Triple Billion Indicators
3020,2023,country,8,Albania,HPOP,528517.7426486,WHO Triple Billion Indicators
3021,2023,country,8,Albania,UHC,305634.348103,WHO Triple Billion Indicators
3022,2023,country,12,Algeria,HEP,-5471623.585,WHO Triple Billion Indicators
3023,2023,country,12,Algeria,HPOP,-3332074.5303499997,WHO Triple Billion Indicators
3024,2023,country,12,Algeria,UHC,1057643.139863,WHO Triple Billion Indicators
3025,2023,country,20,Andorra,HEP,11591.1925237,WHO Triple Billion Indicators
3026,2023,country,20,Andorra,HPOP,-16322.6079298,WHO Triple Billion Indicators
3027,2023,country,20,Andorra,UHC,4308.57291102,WHO Triple Billion Indicators
3028,2023,country,24,Angola,HEP,30871.351600000053,WHO Triple Billion Indicators
3029,2023,country,24,Angola,HPOP,-1133877.93586,WHO Triple Billion Indicators
3030,2023,country,24,Angola,UHC,1907204.3946025,WHO Triple Billion Indicators
3031,2023,country,28,Antigua and Barbuda,HEP,16429.248788,WHO Triple Billion Indicators
3032,2023,country,28,Antigua and Barbuda,HPOP,-6962.851262307,WHO Triple Billion Indicators
3033,2023,country,28,Antigua and Barbuda,UHC,6738.790442025001,WHO Triple Billion Indicators
3034,2023,country,32,Argentina,HEP,755342.1959999995,WHO Triple Billion Indicators
3035,2023,country,32,Argentina,HPOP,-723894.2047099998,WHO Triple Billion Indicators
3036,2023,country,32,Argentina,UHC,1713808.9683100001,WHO Triple Billion Indicators
3037,2023,country,51,Armenia,HEP,167858.073286,WHO Triple Billion Indicators
3038,2023,country,51,Armenia,HPOP,134362.75093699998,WHO Triple Billion Indicators
3039,2023,country,51,Armenia,UHC,75158.855495831,WHO Triple Billion Indicators
3040,2023,country,36,Australia,HEP,712030.4477899999,WHO Triple Billion Indicators
3041,2023,country,36,Australia,HPOP,-512418.214304,WHO Triple Billion Indicators
3042,2023,country,36,Australia,UHC,1512355.96507723,WHO Triple Billion Indicators
3043,2023,country,40,Austria,HEP,1539910.79969,WHO Triple Billion Indicators
3044,2023,country,40,Austria,HPOP,558917.0129593001,WHO Triple Billion Indicators
3045,2023,country,40,Austria,UHC,743802.5796223,WHO Triple Billion Indicators
3046,2023,country,31,Azerbaijan,HEP,260529.39904000002,WHO Triple Billion Indicators
3047,2023,country,31,Azerbaijan,HPOP,814638.6938740001,WHO Triple Billion Indicators
3048,2023,country,31,Azerbaijan,UHC,669803.47075178,WHO Triple Billion Indicators
3049,2023,country,44,Bahamas,HEP,30586.25666,WHO Triple Billion Indicators
3050,2023,country,44,Bahamas,HPOP,-84.17851093000098,WHO Triple Billion Indicators
3051,2023,country,44,Bahamas,UHC,10750.39778545,WHO Triple Billion Indicators
3052,2023,country,48,Bahrain,HEP,-14954.646949000004,WHO Triple Billion Indicators
3053,2023,country,48,Bahrain,HPOP,64806.732002369994,WHO Triple Billion Indicators
3054,2023,country,48,Bahrain,UHC,77864.554755227,WHO Triple Billion Indicators
3055,2023,country,50,Bangladesh,HEP,27435837.702299997,WHO Triple Billion Indicators
3056,2023,country,50,Bangladesh,HPOP,34925379.961804,WHO Triple Billion Indicators
3057,2023,country,50,Bangladesh,UHC,8487260.257380001,WHO Triple Billion Indicators
3058,2023,country,52,Barbados,HEP,12044.99767,WHO Triple Billion Indicators
3059,2023,country,52,Barbados,HPOP,-9313.60026027,WHO Triple Billion Indicators
3060,2023,country,52,Barbados,UHC,8433.2280387,WHO Triple Billion Indicators
3061,2023,country,112,Belarus,HEP,407927.62188,WHO Triple Billion Indicators
3062,2023,country,112,Belarus,HPOP,243672.86669789997,WHO Triple Billion Indicators
3063,2023,country,112,Belarus,UHC,-111572.33573800002,WHO Triple Billion Indicators
3064,2023,country,56,Belgium,HEP,-2205746.32974,WHO Triple Billion Indicators
3065,2023,country,56,Belgium,HPOP,997481.1634794,WHO Triple Billion Indicators
3066,2023,country,56,Belgium,UHC,-137310.26751267794,WHO Triple Billion Indicators
3067,2023,country,84,Belize,HEP,54263.59124,WHO Triple Billion Indicators
3068,2023,country,84,Belize,HPOP,-17741.7988084,WHO Triple Billion Indicators
3069,2023,country,84,Belize,UHC,17218.50842638,WHO Triple Billion Indicators
3070,2023,country,204,Benin,HEP,1566189.27361,WHO Triple Billion Indicators
3071,2023,country,204,Benin,HPOP,25758.167838999983,WHO Triple Billion Indicators
3072,2023,country,204,Benin,UHC,528028.070094,WHO Triple Billion Indicators
3073,2023,country,64,Bhutan,HEP,125875.223801,WHO Triple Billion Indicators
3074,2023,country,64,Bhutan,HPOP,181070.7570728,WHO Triple Billion Indicators
3075,2023,country,64,Bhutan,UHC,59739.5345309,WHO Triple Billion Indicators
3076,2023,country,68,Bolivia (Plurinational State of),HEP,-57913.34200000018,WHO Triple Billion Indicators
3077,2023,country,68,Bolivia (Plurinational State of),HPOP,349248.81712499994,WHO Triple Billion Indicators
3078,2023,country,68,Bolivia (Plurinational State of),UHC,906097.0273719999,WHO Triple Billion Indicators
3079,2023,country,70,Bosnia and Herzegovina,HEP,32269.826499999966,WHO Triple Billion Indicators
3080,2023,country,70,Bosnia and Herzegovina,HPOP,401604.0412451,WHO Triple Billion Indicators
3081,2023,country,70,Bosnia and Herzegovina,UHC,-54111.6687651,WHO Triple Billion Indicators
3082,2023,country,72,Botswana,HEP,713371.916466,WHO Triple Billion Indicators
3083,2023,country,72,Botswana,HPOP,93366.9115004,WHO Triple Billion Indicators
3084,2023,country,72,Botswana,UHC,157907.17628697,WHO Triple Billion Indicators
3085,2023,country,76,Brazil,HEP,-4067854.8770000003,WHO Triple Billion Indicators
3086,2023,country,76,Brazil,HPOP,17587367.35636,WHO Triple Billion Indicators
3087,2023,country,76,Brazil,UHC,-3649601.286110001,WHO Triple Billion Indicators
3088,2023,country,96,Brunei Darussalam,HEP,40040.340818,WHO Triple Billion Indicators
3089,2023,country,96,Brunei Darussalam,HPOP,-13000.81874017,WHO Triple Billion Indicators
3090,2023,country,96,Brunei Darussalam,UHC,15880.600487776,WHO Triple Billion Indicators
3091,2023,country,100,Bulgaria,HEP,911876.80429,WHO Triple Billion Indicators
3092,2023,country,100,Bulgaria,HPOP,741659.6295819,WHO Triple Billion Indicators
3093,2023,country,100,Bulgaria,UHC,360647.2801631,WHO Triple Billion Indicators
3094,2023,country,854,Burkina Faso,HEP,9754033.65441,WHO Triple Billion Indicators
3095,2023,country,854,Burkina Faso,HPOP,1593443.195609,WHO Triple Billion Indicators
3096,2023,country,854,Burkina Faso,UHC,1747761.72816,WHO Triple Billion Indicators
3097,2023,country,108,Burundi,HEP,3988455.530375,WHO Triple Billion Indicators
3098,2023,country,108,Burundi,HPOP,7410.419917499997,WHO Triple Billion Indicators
3099,2023,country,108,Burundi,UHC,824355.0348373,WHO Triple Billion Indicators
3100,2023,country,132,Cabo Verde,HEP,133102.76843999999,WHO Triple Billion Indicators
3101,2023,country,132,Cabo Verde,HPOP,10673.1084122,WHO Triple Billion Indicators
3102,2023,country,132,Cabo Verde,UHC,49414.97944649,WHO Triple Billion Indicators
3103,2023,country,116,Cambodia,HEP,3888412.5728700003,WHO Triple Billion Indicators
3104,2023,country,116,Cambodia,HPOP,3999875.996403,WHO Triple Billion Indicators
3105,2023,country,116,Cambodia,UHC,1432753.320561,WHO Triple Billion Indicators
3106,2023,country,120,Cameroon,HEP,2455545.7739999997,WHO Triple Billion Indicators
3107,2023,country,120,Cameroon,HPOP,-184113.25698699994,WHO Triple Billion Indicators
3108,2023,country,120,Cameroon,UHC,1869438.283304,WHO Triple Billion Indicators
3109,2023,country,124,Canada,HEP,89310.27129999996,WHO Triple Billion Indicators
3110,2023,country,124,Canada,HPOP,1697880.1439,WHO Triple Billion Indicators
3111,2023,country,124,Canada,UHC,2329401.669959,WHO Triple Billion Indicators
3112,2023,country,140,Central African Republic,HEP,2731674.9170999997,WHO Triple Billion Indicators
3113,2023,country,140,Central African Republic,HPOP,-222136.8335437,WHO Triple Billion Indicators
3114,2023,country,140,Central African Republic,UHC,293822.09542978,WHO Triple Billion Indicators
3115,2023,country,148,Chad,HEP,4799526.479,WHO Triple Billion Indicators
3116,2023,country,148,Chad,HPOP,1180389.865707,WHO Triple Billion Indicators
3117,2023,country,148,Chad,UHC,680702.342449,WHO Triple Billion Indicators
3118,2023,country,152,Chile,HEP,1475636.9133000001,WHO Triple Billion Indicators
3119,2023,country,152,Chile,HPOP,189168.84278229997,WHO Triple Billion Indicators
3120,2023,country,152,Chile,UHC,-500873.5333549,WHO Triple Billion Indicators
3121,2023,country,156,China,HEP,40286690.16,WHO Triple Billion Indicators
3122,2023,country,156,China,HPOP,282908057.0392,WHO Triple Billion Indicators
3123,2023,country,156,China,UHC,73925679.44004999,WHO Triple Billion Indicators
3124,2023,country,170,Colombia,HEP,5881899.3063,WHO Triple Billion Indicators
3125,2023,country,170,Colombia,HPOP,2213007.59529,WHO Triple Billion Indicators
3126,2023,country,170,Colombia,UHC,2538829.875256,WHO Triple Billion Indicators
3127,2023,country,174,Comoros,HEP,248315.65201000002,WHO Triple Billion Indicators
3128,2023,country,174,Comoros,HPOP,39209.268194699995,WHO Triple Billion Indicators
3129,2023,country,174,Comoros,UHC,59812.56325934,WHO Triple Billion Indicators
3130,2023,country,178,Congo,HEP,314222.37547,WHO Triple Billion Indicators
3131,2023,country,178,Congo,HPOP,377272.87071220006,WHO Triple Billion Indicators
3132,2023,country,178,Congo,UHC,349514.063384,WHO Triple Billion Indicators
3133,2023,country,184,Cook Islands,HEP,-439.1752039999999,WHO Triple Billion Indicators
3134,2023,country,184,Cook Islands,HPOP,-2574.869688269,WHO Triple Billion Indicators
3135,2023,country,184,Cook Islands,UHC,-164.215491734,WHO Triple Billion Indicators
3136,2023,country,188,Costa Rica,HEP,-197827.2957,WHO Triple Billion Indicators
3137,2023,country,188,Costa Rica,HPOP,107285.1708945,WHO Triple Billion Indicators
3138,2023,country,188,Costa Rica,UHC,172475.2057363,WHO Triple Billion Indicators
3139,2023,country,191,Croatia,HEP,277521.36221000005,WHO Triple Billion Indicators
3140,2023,country,191,Croatia,HPOP,172942.6896801,WHO Triple Billion Indicators
3141,2023,country,191,Croatia,UHC,77041.63277099999,WHO Triple Billion Indicators
3142,2023,country,192,Cuba,HEP,-1106222.07042,WHO Triple Billion Indicators
3143,2023,country,192,Cuba,HPOP,291163.63342890004,WHO Triple Billion Indicators
3144,2023,country,192,Cuba,UHC,-234477.97876699996,WHO Triple Billion Indicators
3145,2023,country,196,Cyprus,HEP,-78830.60334,WHO Triple Billion Indicators
3146,2023,country,196,Cyprus,HPOP,70827.32462711,WHO Triple Billion Indicators
3147,2023,country,196,Cyprus,UHC,72346.54136573,WHO Triple Billion Indicators
3148,2023,country,203,Czechia,HEP,1739966.65548,WHO Triple Billion Indicators
3149,2023,country,203,Czechia,HPOP,895299.7824930799,WHO Triple Billion Indicators
3150,2023,country,203,Czechia,UHC,271303.466791933,WHO Triple Billion Indicators
3151,2023,country,384,Côte d'Ivoire,HEP,5823753.6306,WHO Triple Billion Indicators
3152,2023,country,384,Côte d'Ivoire,HPOP,3110257.343118,WHO Triple Billion Indicators
3153,2023,country,384,Côte d'Ivoire,UHC,1235373.715634,WHO Triple Billion Indicators
3154,2023,country,408,Democratic People's Republic of Korea,HEP,-2923243.941,WHO Triple Billion Indicators
3155,2023,country,408,Democratic People's Republic of Korea,HPOP,1883750.0110819999,WHO Triple Billion Indicators
3156,2023,country,408,Democratic People's Republic of Korea,UHC,917167.6103679,WHO Triple Billion Indicators
3157,2023,country,180,Democratic Republic of the Congo,HEP,26105091.242,WHO Triple Billion Indicators
3158,2023,country,180,Democratic Republic of the Congo,HPOP,-241913.91595999993,WHO Triple Billion Indicators
3159,2023,country,180,Democratic Republic of the Congo,UHC,6714892.22757,WHO Triple Billion Indicators
3160,2023,country,208,Denmark,HEP,257416.66434,WHO Triple Billion Indicators
3161,2023,country,208,Denmark,HPOP,298275.3729655,WHO Triple Billion Indicators
3162,2023,country,208,Denmark,UHC,251974.65149405002,WHO Triple Billion Indicators
3163,2023,country,262,Djibouti,HEP,2777.959609999991,WHO Triple Billion Indicators
3164,2023,country,262,Djibouti,HPOP,30636.9274689,WHO Triple Billion Indicators
3165,2023,country,262,Djibouti,UHC,38316.049209900004,WHO Triple Billion Indicators
3166,2023,country,212,Dominica,HEP,-4196.614257199999,WHO Triple Billion Indicators
3167,2023,country,212,Dominica,HPOP,-1776.6888701110001,WHO Triple Billion Indicators
3168,2023,country,212,Dominica,UHC,2128.36081738,WHO Triple Billion Indicators
3169,2023,country,214,Dominican Republic,HEP,2797679.6748,WHO Triple Billion Indicators
3170,2023,country,214,Dominican Republic,HPOP,-343547.12537709996,WHO Triple Billion Indicators
3171,2023,country,214,Dominican Republic,UHC,710835.2939662,WHO Triple Billion Indicators
3172,2023,country,218,Ecuador,HEP,-4654633.916,WHO Triple Billion Indicators
3173,2023,country,218,Ecuador,HPOP,-323071.123012,WHO Triple Billion Indicators
3174,2023,country,218,Ecuador,UHC,719905.966644,WHO Triple Billion Indicators
3175,2023,country,818,Egypt,HEP,8848807.866999999,WHO Triple Billion Indicators
3176,2023,country,818,Egypt,HPOP,-3776793.2313989997,WHO Triple Billion Indicators
3177,2023,country,818,Egypt,UHC,3947653.882716,WHO Triple Billion Indicators
3178,2023,country,222,El Salvador,HEP,-890709.6465,WHO Triple Billion Indicators
3179,2023,country,222,El Salvador,HPOP,269142.1209787,WHO Triple Billion Indicators
3180,2023,country,222,El Salvador,UHC,-49920.923587999976,WHO Triple Billion Indicators
3181,2023,country,226,Equatorial Guinea,HEP,605289.42223,WHO Triple Billion Indicators
3182,2023,country,226,Equatorial Guinea,HPOP,-6296.999979978,WHO Triple Billion Indicators
3183,2023,country,226,Equatorial Guinea,UHC,119778.4754895,WHO Triple Billion Indicators
3184,2023,country,232,Eritrea,HEP,2466038.758,WHO Triple Billion Indicators
3185,2023,country,232,Eritrea,HPOP,45215.58573400001,WHO Triple Billion Indicators
3186,2023,country,232,Eritrea,UHC,210416.66104226,WHO Triple Billion Indicators
3187,2023,country,233,Estonia,HEP,64499.62254,WHO Triple Billion Indicators
3188,2023,country,233,Estonia,HPOP,59494.62844563,WHO Triple Billion Indicators
3189,2023,country,233,Estonia,UHC,12364.684278700002,WHO Triple Billion Indicators
3190,2023,country,748,Eswatini,HEP,-379095.24264,WHO Triple Billion Indicators
3191,2023,country,748,Eswatini,HPOP,67274.5452296,WHO Triple Billion Indicators
3192,2023,country,748,Eswatini,UHC,44325.3122201,WHO Triple Billion Indicators
3193,2023,country,231,Ethiopia,HEP,31021955.979599997,WHO Triple Billion Indicators
3194,2023,country,231,Ethiopia,HPOP,8429339.84415,WHO Triple Billion Indicators
3195,2023,country,231,Ethiopia,UHC,8534198.15063,WHO Triple Billion Indicators
3196,2023,country,242,Fiji,HEP,-132590.661988,WHO Triple Billion Indicators
3197,2023,country,242,Fiji,HPOP,65631.42625037201,WHO Triple Billion Indicators
3198,2023,country,242,Fiji,UHC,7459.995491530002,WHO Triple Billion Indicators
3199,2023,country,246,Finland,HEP,-236933.03130000003,WHO Triple Billion Indicators
3200,2023,country,246,Finland,HPOP,306930.1971665,WHO Triple Billion Indicators
3201,2023,country,246,Finland,UHC,-721.0883158249999,WHO Triple Billion Indicators
3202,2023,country,250,France,HEP,6573853.493,WHO Triple Billion Indicators
3203,2023,country,250,France,HPOP,4846508.02953,WHO Triple Billion Indicators
3204,2023,country,250,France,UHC,1369411.5111016,WHO Triple Billion Indicators
3205,2023,country,266,Gabon,HEP,249214.32604999997,WHO Triple Billion Indicators
3206,2023,country,266,Gabon,HPOP,9609.346126800003,WHO Triple Billion Indicators
3207,2023,country,266,Gabon,UHC,106448.1916471,WHO Triple Billion Indicators
3208,2023,country,270,Gambia,HEP,535417.7166599999,WHO Triple Billion Indicators
3209,2023,country,270,Gambia,HPOP,1038.4243342999835,WHO Triple Billion Indicators
3210,2023,country,270,Gambia,UHC,157065.2179884,WHO Triple Billion Indicators
3211,2023,country,268,Georgia,HEP,-836918.8954,WHO Triple Billion Indicators
3212,2023,country,268,Georgia,HPOP,122297.08739900001,WHO Triple Billion Indicators
3213,2023,country,268,Georgia,UHC,-119972.9374604,WHO Triple Billion Indicators
3214,2023,country,276,Germany,HEP,-1464984.8251000005,WHO Triple Billion Indicators
3215,2023,country,276,Germany,HPOP,7002659.716465,WHO Triple Billion Indicators
3216,2023,country,276,Germany,UHC,1272424.7390663,WHO Triple Billion Indicators
3217,2023,country,288,Ghana,HEP,3014690.7149,WHO Triple Billion Indicators
3218,2023,country,288,Ghana,HPOP,6594687.348352,WHO Triple Billion Indicators
3219,2023,country,288,Ghana,UHC,2302135.844503,WHO Triple Billion Indicators
3220,2023,country,300,Greece,HEP,1941144.89641,WHO Triple Billion Indicators
3221,2023,country,300,Greece,HPOP,999810.37253843,WHO Triple Billion Indicators
3222,2023,country,300,Greece,UHC,399544.450459,WHO Triple Billion Indicators
3223,2023,country,308,Grenada,HEP,-42934.01109,WHO Triple Billion Indicators
3224,2023,country,308,Grenada,HPOP,-7383.340811532,WHO Triple Billion Indicators
3225,2023,country,308,Grenada,UHC,-730.0595323,WHO Triple Billion Indicators
3226,2023,country,320,Guatemala,HEP,-5535032.954,WHO Triple Billion Indicators
3227,2023,country,320,Guatemala,HPOP,1079418.245693,WHO Triple Billion Indicators
3228,2023,country,320,Guatemala,UHC,559144.7897043,WHO Triple Billion Indicators
3229,2023,country,324,Guinea,HEP,-321697.3099,WHO Triple Billion Indicators
3230,2023,country,324,Guinea,HPOP,-127163.25995300002,WHO Triple Billion Indicators
3231,2023,country,324,Guinea,UHC,766503.8282998999,WHO Triple Billion Indicators
3232,2023,country,624,Guinea-Bissau,HEP,61373.86896,WHO Triple Billion Indicators
3233,2023,country,624,Guinea-Bissau,HPOP,103078.57605810999,WHO Triple Billion Indicators
3234,2023,country,624,Guinea-Bissau,UHC,60905.2150229,WHO Triple Billion Indicators
3235,2023,country,328,Guyana,HEP,-45991.899849999994,WHO Triple Billion Indicators
3236,2023,country,328,Guyana,HPOP,22100.903908369994,WHO Triple Billion Indicators
3237,2023,country,328,Guyana,UHC,48675.8219456,WHO Triple Billion Indicators
3238,2023,country,332,Haiti,HEP,2946590.1069,WHO Triple Billion Indicators
3239,2023,country,332,Haiti,HPOP,-15499.62488699999,WHO Triple Billion Indicators
3240,2023,country,332,Haiti,UHC,628820.645179,WHO Triple Billion Indicators
3241,2023,country,340,Honduras,HEP,2415699.665,WHO Triple Billion Indicators
3242,2023,country,340,Honduras,HPOP,840481.74913186,WHO Triple Billion Indicators
3243,2023,country,340,Honduras,UHC,837645.7267209999,WHO Triple Billion Indicators
3244,2023,country,348,Hungary,HEP,751039.24851,WHO Triple Billion Indicators
3245,2023,country,348,Hungary,HPOP,924887.11504,WHO Triple Billion Indicators
3246,2023,country,348,Hungary,UHC,791282.5321855,WHO Triple Billion Indicators
3247,2023,country,352,Iceland,HEP,-22775.182521999996,WHO Triple Billion Indicators
3248,2023,country,352,Iceland,HPOP,15550.031020859999,WHO Triple Billion Indicators
3249,2023,country,352,Iceland,UHC,16213.615481480996,WHO Triple Billion Indicators
3250,2023,country,356,India,HEP,247199548.23000002,WHO Triple Billion Indicators
3251,2023,country,356,India,HPOP,556595612.8189,WHO Triple Billion Indicators
3252,2023,country,356,India,UHC,128715415.593,WHO Triple Billion Indicators
3253,2023,country,360,Indonesia,HEP,21120101.7,WHO Triple Billion Indicators
3254,2023,country,360,Indonesia,HPOP,27346948.686640006,WHO Triple Billion Indicators
3255,2023,country,360,Indonesia,UHC,26077459.33623,WHO Triple Billion Indicators
3256,2023,country,364,Iran (Islamic Republic of),HEP,3383437.4413,WHO Triple Billion Indicators
3257,2023,country,364,Iran (Islamic Republic of),HPOP,-2052141.1233949997,WHO Triple Billion Indicators
3258,2023,country,364,Iran (Islamic Republic of),UHC,5390607.65949,WHO Triple Billion Indicators
3259,2023,country,368,Iraq,HEP,-8865118.68424,WHO Triple Billion Indicators
3260,2023,country,368,Iraq,HPOP,3085943.6015299996,WHO Triple Billion Indicators
3261,2023,country,368,Iraq,UHC,1112645.6090379998,WHO Triple Billion Indicators
3262,2023,country,372,Ireland,HEP,68859.37508,WHO Triple Billion Indicators
3263,2023,country,372,Ireland,HPOP,298145.2849919,WHO Triple Billion Indicators
3264,2023,country,372,Ireland,UHC,204331.2817582,WHO Triple Billion Indicators
3265,2023,country,376,Israel,HEP,-123700.78282999997,WHO Triple Billion Indicators
3266,2023,country,376,Israel,HPOP,609379.166454,WHO Triple Billion Indicators
3267,2023,country,376,Israel,UHC,956805.610784294,WHO Triple Billion Indicators
3268,2023,country,380,Italy,HEP,160133.8790999999,WHO Triple Billion Indicators
3269,2023,country,380,Italy,HPOP,3260052.872655,WHO Triple Billion Indicators
3270,2023,country,380,Italy,UHC,302019.7877971001,WHO Triple Billion Indicators
3271,2023,country,388,Jamaica,HEP,328344.74470000004,WHO Triple Billion Indicators
3272,2023,country,388,Jamaica,HPOP,-190201.853997541,WHO Triple Billion Indicators
3273,2023,country,388,Jamaica,UHC,134370.8916034,WHO Triple Billion Indicators
3274,2023,country,392,Japan,HEP,9301792.6963,WHO Triple Billion Indicators
3275,2023,country,392,Japan,HPOP,4832945.31554,WHO Triple Billion Indicators
3276,2023,country,392,Japan,UHC,-1149049.2389999996,WHO Triple Billion Indicators
3277,2023,country,400,Jordan,HEP,-34742.63899999997,WHO Triple Billion Indicators
3278,2023,country,400,Jordan,HPOP,393044.65489749995,WHO Triple Billion Indicators
3279,2023,country,400,Jordan,UHC,582427.2422961,WHO Triple Billion Indicators
3280,2023,country,398,Kazakhstan,HEP,2619130.5116,WHO Triple Billion Indicators
3281,2023,country,398,Kazakhstan,HPOP,925402.494797,WHO Triple Billion Indicators
3282,2023,country,398,Kazakhstan,UHC,801234.198777,WHO Triple Billion Indicators
3283,2023,country,404,Kenya,HEP,10666864.542,WHO Triple Billion Indicators
3284,2023,country,404,Kenya,HPOP,7296342.775232,WHO Triple Billion Indicators
3285,2023,country,404,Kenya,UHC,3057630.61059,WHO Triple Billion Indicators
3286,2023,country,296,Kiribati,HEP,23804.278894,WHO Triple Billion Indicators
3287,2023,country,296,Kiribati,HPOP,11079.241616353,WHO Triple Billion Indicators
3288,2023,country,296,Kiribati,UHC,7973.09935268,WHO Triple Billion Indicators
3289,2023,country,414,Kuwait,HEP,1890805.26262,WHO Triple Billion Indicators
3290,2023,country,414,Kuwait,HPOP,187198.2483974,WHO Triple Billion Indicators
3291,2023,country,414,Kuwait,UHC,254219.9430847,WHO Triple Billion Indicators
3292,2023,country,417,Kyrgyzstan,HEP,-2589674.1938,WHO Triple Billion Indicators
3293,2023,country,417,Kyrgyzstan,HPOP,870877.1611729,WHO Triple Billion Indicators
3294,2023,country,417,Kyrgyzstan,UHC,332867.86958400003,WHO Triple Billion Indicators
3295,2023,country,418,Lao People's Democratic Republic,HEP,1740644.5986,WHO Triple Billion Indicators
3296,2023,country,418,Lao People's Democratic Republic,HPOP,69687.76245999998,WHO Triple Billion Indicators
3297,2023,country,418,Lao People's Democratic Republic,UHC,587093.46241,WHO Triple Billion Indicators
3298,2023,country,428,Latvia,HEP,-61516.02401700001,WHO Triple Billion Indicators
3299,2023,country,428,Latvia,HPOP,162515.82593320002,WHO Triple Billion Indicators
3300,2023,country,428,Latvia,UHC,-3502.071877499995,WHO Triple Billion Indicators
3301,2023,country,422,Lebanon,HEP,770987.625,WHO Triple Billion Indicators
3302,2023,country,422,Lebanon,HPOP,-43865.65164617199,WHO Triple Billion Indicators
3303,2023,country,422,Lebanon,UHC,61523.081106300044,WHO Triple Billion Indicators
3304,2023,country,426,Lesotho,HEP,-480750.23360000004,WHO Triple Billion Indicators
3305,2023,country,426,Lesotho,HPOP,269784.3695948,WHO Triple Billion Indicators
3306,2023,country,426,Lesotho,UHC,114336.8152923,WHO Triple Billion Indicators
3307,2023,country,430,Liberia,HEP,618559.9582,WHO Triple Billion Indicators
3308,2023,country,430,Liberia,HPOP,-249294.90532730002,WHO Triple Billion Indicators
3309,2023,country,430,Liberia,UHC,386950.918731,WHO Triple Billion Indicators
3310,2023,country,434,Libya,HEP,771865.37,WHO Triple Billion Indicators
3311,2023,country,434,Libya,HPOP,-24497.27329739999,WHO Triple Billion Indicators
3312,2023,country,434,Libya,UHC,51108.44257759999,WHO Triple Billion Indicators
3313,2023,country,440,Lithuania,HEP,204835.92077,WHO Triple Billion Indicators
3314,2023,country,440,Lithuania,HPOP,226280.6514959,WHO Triple Billion Indicators
3315,2023,country,440,Lithuania,UHC,78474.71157700001,WHO Triple Billion Indicators
3316,2023,country,442,Luxembourg,HEP,51518.119681000004,WHO Triple Billion Indicators
3317,2023,country,442,Luxembourg,HPOP,56648.822081369995,WHO Triple Billion Indicators
3318,2023,country,442,Luxembourg,UHC,39304.484689526005,WHO Triple Billion Indicators
3319,2023,country,450,Madagascar,HEP,7363062.243000001,WHO Triple Billion Indicators
3320,2023,country,450,Madagascar,HPOP,2451227.6893069,WHO Triple Billion Indicators
3321,2023,country,450,Madagascar,UHC,1463448.9981491,WHO Triple Billion Indicators
3322,2023,country,454,Malawi,HEP,3125434.30022,WHO Triple Billion Indicators
3323,2023,country,454,Malawi,HPOP,2928838.8322453,WHO Triple Billion Indicators
3324,2023,country,454,Malawi,UHC,1627425.58052,WHO Triple Billion Indicators
3325,2023,country,458,Malaysia,HEP,-2915689.6233,WHO Triple Billion Indicators
3326,2023,country,458,Malaysia,HPOP,-129689.04492200015,WHO Triple Billion Indicators
3327,2023,country,458,Malaysia,UHC,1545993.2070929,WHO Triple Billion Indicators
3328,2023,country,462,Maldives,HEP,99085.479106,WHO Triple Billion Indicators
3329,2023,country,462,Maldives,HPOP,-3619.5241176999994,WHO Triple Billion Indicators
3330,2023,country,462,Maldives,UHC,25766.3901307,WHO Triple Billion Indicators
3331,2023,country,466,Mali,HEP,-433474.5825000001,WHO Triple Billion Indicators
3332,2023,country,466,Mali,HPOP,916131.5230020001,WHO Triple Billion Indicators
3333,2023,country,466,Mali,UHC,1216685.5023559998,WHO Triple Billion Indicators
3334,2023,country,470,Malta,HEP,87611.74607000001,WHO Triple Billion Indicators
3335,2023,country,470,Malta,HPOP,16962.6472158,WHO Triple Billion Indicators
3336,2023,country,470,Malta,UHC,45337.918742031005,WHO Triple Billion Indicators
3337,2023,country,584,Marshall Islands,HEP,-10515.80244,WHO Triple Billion Indicators
3338,2023,country,584,Marshall Islands,HPOP,-783.7443186670001,WHO Triple Billion Indicators
3339,2023,country,584,Marshall Islands,UHC,-1022.5864303879999,WHO Triple Billion Indicators
3340,2023,country,478,Mauritania,HEP,1215474.89953,WHO Triple Billion Indicators
3341,2023,country,478,Mauritania,HPOP,55283.1401915,WHO Triple Billion Indicators
3342,2023,country,478,Mauritania,UHC,159930.2128134,WHO Triple Billion Indicators
3343,2023,country,480,Mauritius,HEP,-258376.47134,WHO Triple Billion Indicators
3344,2023,country,480,Mauritius,HPOP,-7836.924421152999,WHO Triple Billion Indicators
3345,2023,country,480,Mauritius,UHC,-9234.70681226,WHO Triple Billion Indicators
3346,2023,country,484,Mexico,HEP,-26337706.729999997,WHO Triple Billion Indicators
3347,2023,country,484,Mexico,HPOP,16886947.967,WHO Triple Billion Indicators
3348,2023,country,484,Mexico,UHC,313668.39522999985,WHO Triple Billion Indicators
3349,2023,country,583,Micronesia (Federated States of),HEP,27349.996568000002,WHO Triple Billion Indicators
3350,2023,country,583,Micronesia (Federated States of),HPOP,-2241.326704687,WHO Triple Billion Indicators
3351,2023,country,583,Micronesia (Federated States of),UHC,7167.404398942,WHO Triple Billion Indicators
3352,2023,country,492,Monaco,HEP,-1383.9728198000003,WHO Triple Billion Indicators
3353,2023,country,492,Monaco,HPOP,-11690.179589795,WHO Triple Billion Indicators
3354,2023,country,492,Monaco,UHC,60.410247313000056,WHO Triple Billion Indicators
3355,2023,country,496,Mongolia,HEP,-577149.49145,WHO Triple Billion Indicators
3356,2023,country,496,Mongolia,HPOP,565453.476437,WHO Triple Billion Indicators
3357,2023,country,496,Mongolia,UHC,-46572.632088,WHO Triple Billion Indicators
3358,2023,country,499,Montenegro,HEP,16569.412360000002,WHO Triple Billion Indicators
3359,2023,country,499,Montenegro,HPOP,91582.54435679,WHO Triple Billion Indicators
3360,2023,country,499,Montenegro,UHC,16862.2394632,WHO Triple Billion Indicators
3361,2023,country,504,Morocco,HEP,926601.79933,WHO Triple Billion Indicators
3362,2023,country,504,Morocco,HPOP,2073801.2978733,WHO Triple Billion Indicators
3363,2023,country,504,Morocco,UHC,1066639.0199560001,WHO Triple Billion Indicators
3364,2023,country,508,Mozambique,HEP,12070644.3652,WHO Triple Billion Indicators
3365,2023,country,508,Mozambique,HPOP,1313860.41585,WHO Triple Billion Indicators
3366,2023,country,508,Mozambique,UHC,2494674.7682062,WHO Triple Billion Indicators
3367,2023,country,104,Myanmar,HEP,-12107396.442,WHO Triple Billion Indicators
3368,2023,country,104,Myanmar,HPOP,13215772.98363,WHO Triple Billion Indicators
3369,2023,country,104,Myanmar,UHC,1849377.06583,WHO Triple Billion Indicators
3370,2023,country,516,Namibia,HEP,-39962.451400000136,WHO Triple Billion Indicators
3371,2023,country,516,Namibia,HPOP,56127.35651700001,WHO Triple Billion Indicators
3372,2023,country,516,Namibia,UHC,246486.3406356,WHO Triple Billion Indicators
3373,2023,country,520,Nauru,HEP,-76.94898399,WHO Triple Billion Indicators
3374,2023,country,520,Nauru,HPOP,20.12697952500003,WHO Triple Billion Indicators
3375,2023,country,520,Nauru,UHC,558.2296641400001,WHO Triple Billion Indicators
3376,2023,country,524,Nepal,HEP,11099725.648999998,WHO Triple Billion Indicators
3377,2023,country,524,Nepal,HPOP,4859747.658069,WHO Triple Billion Indicators
3378,2023,country,524,Nepal,UHC,2687056.6860999996,WHO Triple Billion Indicators
3379,2023,country,528,Netherlands (Kingdom of the),HEP,-986481.3559000001,WHO Triple Billion Indicators
3380,2023,country,528,Netherlands (Kingdom of the),HPOP,1082078.2495137,WHO Triple Billion Indicators
3381,2023,country,528,Netherlands (Kingdom of the),UHC,468252.89518839994,WHO Triple Billion Indicators
3382,2023,country,554,New Zealand,HEP,-24973.670290000005,WHO Triple Billion Indicators
3383,2023,country,554,New Zealand,HPOP,221722.0196039,WHO Triple Billion Indicators
3384,2023,country,554,New Zealand,UHC,314228.6689427,WHO Triple Billion Indicators
3385,2023,country,558,Nicaragua,HEP,1018189.8962000001,WHO Triple Billion Indicators
3386,2023,country,558,Nicaragua,HPOP,416205.1291539,WHO Triple Billion Indicators
3387,2023,country,558,Nicaragua,UHC,457775.74863419996,WHO Triple Billion Indicators
3388,2023,country,562,Niger,HEP,5949539.64,WHO Triple Billion Indicators
3389,2023,country,562,Niger,HPOP,689700.338817,WHO Triple Billion Indicators
3390,2023,country,562,Niger,UHC,1868951.2746320001,WHO Triple Billion Indicators
3391,2023,country,566,Nigeria,HEP,4133551.9000000004,WHO Triple Billion Indicators
3392,2023,country,566,Nigeria,HPOP,36775065.89112,WHO Triple Billion Indicators
3393,2023,country,566,Nigeria,UHC,9778735.06413,WHO Triple Billion Indicators
3394,2023,country,570,Niue,HEP,-55.119266547,WHO Triple Billion Indicators
3395,2023,country,570,Niue,HPOP,-64.44723339699999,WHO Triple Billion Indicators
3396,2023,country,570,Niue,UHC,65.960162106,WHO Triple Billion Indicators
3397,2023,country,807,North Macedonia,HEP,-155474.82934,WHO Triple Billion Indicators
3398,2023,country,807,North Macedonia,HPOP,204904.9643767,WHO Triple Billion Indicators
3399,2023,country,807,North Macedonia,UHC,50565.7435784,WHO Triple Billion Indicators
3400,2023,country,578,Norway,HEP,555457.48413,WHO Triple Billion Indicators
3401,2023,country,578,Norway,HPOP,178847.3292562,WHO Triple Billion Indicators
3402,2023,country,578,Norway,UHC,308553.64406479,WHO Triple Billion Indicators
3403,2023,country,512,Oman,HEP,-779821.922264,WHO Triple Billion Indicators
3404,2023,country,512,Oman,HPOP,-6847.183016099996,WHO Triple Billion Indicators
3405,2023,country,512,Oman,UHC,-90696.36875610001,WHO Triple Billion Indicators
3406,2023,country,586,Pakistan,HEP,23995487.726000004,WHO Triple Billion Indicators
3407,2023,country,586,Pakistan,HPOP,53795066.62673999,WHO Triple Billion Indicators
3408,2023,country,586,Pakistan,UHC,11364018.39586,WHO Triple Billion Indicators
3409,2023,country,585,Palau,HEP,-835.3204104,WHO Triple Billion Indicators
3410,2023,country,585,Palau,HPOP,-1787.987084525,WHO Triple Billion Indicators
3411,2023,country,585,Palau,UHC,298.154603636,WHO Triple Billion Indicators
3412,2023,country,591,Panama,HEP,158164.5194,WHO Triple Billion Indicators
3413,2023,country,591,Panama,HPOP,272763.190077,WHO Triple Billion Indicators
3414,2023,country,591,Panama,UHC,295285.74723,WHO Triple Billion Indicators
3415,2023,country,598,Papua New Guinea,HEP,-1492747.4513,WHO Triple Billion Indicators
3416,2023,country,598,Papua New Guinea,HPOP,6192.764019000012,WHO Triple Billion Indicators
3417,2023,country,598,Papua New Guinea,UHC,133272.18164879997,WHO Triple Billion Indicators
3418,2023,country,600,Paraguay,HEP,-987347.24838,WHO Triple Billion Indicators
3419,2023,country,600,Paraguay,HPOP,431389.50641400006,WHO Triple Billion Indicators
3420,2023,country,600,Paraguay,UHC,312659.6287633,WHO Triple Billion Indicators
3421,2023,country,604,Peru,HEP,-5683940.704,WHO Triple Billion Indicators
3422,2023,country,604,Peru,HPOP,6482135.113234,WHO Triple Billion Indicators
3423,2023,country,604,Peru,UHC,599264.379807,WHO Triple Billion Indicators
3424,2023,country,608,Philippines,HEP,15295127.37,WHO Triple Billion Indicators
3425,2023,country,608,Philippines,HPOP,10420230.8762,WHO Triple Billion Indicators
3426,2023,country,608,Philippines,UHC,9760459.94757,WHO Triple Billion Indicators
3427,2023,country,616,Poland,HEP,6227493.008,WHO Triple Billion Indicators
3428,2023,country,616,Poland,HPOP,2733098.2138362,WHO Triple Billion Indicators
3429,2023,country,616,Poland,UHC,3095638.03606,WHO Triple Billion Indicators
3430,2023,country,620,Portugal,HEP,1484979.095406,WHO Triple Billion Indicators
3431,2023,country,620,Portugal,HPOP,567826.3943565,WHO Triple Billion Indicators
3432,2023,country,620,Portugal,UHC,481842.9955169,WHO Triple Billion Indicators
3433,2023,country,634,Qatar,HEP,273155.47971,WHO Triple Billion Indicators
3434,2023,country,634,Qatar,HPOP,180833.25247019998,WHO Triple Billion Indicators
3435,2023,country,634,Qatar,UHC,42637.75373530001,WHO Triple Billion Indicators
3436,2023,country,410,Republic of Korea,HEP,4732912.9393,WHO Triple Billion Indicators
3437,2023,country,410,Republic of Korea,HPOP,3611938.0513979997,WHO Triple Billion Indicators
3438,2023,country,410,Republic of Korea,UHC,2386018.301438,WHO Triple Billion Indicators
3439,2023,country,498,Republic of Moldova,HEP,128743.1831,WHO Triple Billion Indicators
3440,2023,country,498,Republic of Moldova,HPOP,166860.6163876,WHO Triple Billion Indicators
3441,2023,country,498,Republic of Moldova,UHC,143523.390422,WHO Triple Billion Indicators
3442,2023,country,642,Romania,HEP,-2355698.344,WHO Triple Billion Indicators
3443,2023,country,642,Romania,HPOP,1901759.925547,WHO Triple Billion Indicators
3444,2023,country,642,Romania,UHC,367205.84728999995,WHO Triple Billion Indicators
3445,2023,country,643,Russian Federation,HEP,5171742.5559,WHO Triple Billion Indicators
3446,2023,country,643,Russian Federation,HPOP,-11881141.3476,WHO Triple Billion Indicators
3447,2023,country,643,Russian Federation,UHC,910016.2918790005,WHO Triple Billion Indicators
3448,2023,country,646,Rwanda,HEP,-472657.1025,WHO Triple Billion Indicators
3449,2023,country,646,Rwanda,HPOP,1559476.03454,WHO Triple Billion Indicators
3450,2023,country,646,Rwanda,UHC,984227.432115,WHO Triple Billion Indicators
3451,2023,country,659,Saint Kitts and Nevis,HEP,13482.515490000002,WHO Triple Billion Indicators
3452,2023,country,659,Saint Kitts and Nevis,HPOP,-1417.591560938,WHO Triple Billion Indicators
3453,2023,country,659,Saint Kitts and Nevis,UHC,3078.422726886,WHO Triple Billion Indicators
3454,2023,country,662,Saint Lucia,HEP,-8322.181426399999,WHO Triple Billion Indicators
3455,2023,country,662,Saint Lucia,HPOP,-5625.4873884809995,WHO Triple Billion Indicators
3456,2023,country,662,Saint Lucia,UHC,3592.7834902100003,WHO Triple Billion Indicators
3457,2023,country,670,Saint Vincent and the Grenadines,HEP,19573.44363,WHO Triple Billion Indicators
3458,2023,country,670,Saint Vincent and the Grenadines,HPOP,-5181.792794651,WHO Triple Billion Indicators
3459,2023,country,670,Saint Vincent and the Grenadines,UHC,6232.95902685,WHO Triple Billion Indicators
3460,2023,country,882,Samoa,HEP,6564.667439999997,WHO Triple Billion Indicators
3461,2023,country,882,Samoa,HPOP,1759.967222790001,WHO Triple Billion Indicators
3462,2023,country,882,Samoa,UHC,9786.09608925,WHO Triple Billion Indicators
3463,2023,country,674,San Marino,HEP,-10146.27233,WHO Triple Billion Indicators
3464,2023,country,674,San Marino,HPOP,-8528.600055683,WHO Triple Billion Indicators
3465,2023,country,674,San Marino,UHC,-244.55699182199987,WHO Triple Billion Indicators
3466,2023,country,678,Sao Tome and Principe,HEP,-1738.7734760000003,WHO Triple Billion Indicators
3467,2023,country,678,Sao Tome and Principe,HPOP,11488.4098974,WHO Triple Billion Indicators
3468,2023,country,678,Sao Tome and Principe,UHC,16374.19466038,WHO Triple Billion Indicators
3469,2023,country,682,Saudi Arabia,HEP,10969880.6023,WHO Triple Billion Indicators
3470,2023,country,682,Saudi Arabia,HPOP,1464228.991164,WHO Triple Billion Indicators
3471,2023,country,682,Saudi Arabia,UHC,2257393.593531,WHO Triple Billion Indicators
3472,2023,country,686,Senegal,HEP,2429330.18883,WHO Triple Billion Indicators
3473,2023,country,686,Senegal,HPOP,143181.6374657,WHO Triple Billion Indicators
3474,2023,country,686,Senegal,UHC,1472537.090499,WHO Triple Billion Indicators
3475,2023,country,688,Serbia,HEP,-139840.18645999994,WHO Triple Billion Indicators
3476,2023,country,688,Serbia,HPOP,670649.164429,WHO Triple Billion Indicators
3477,2023,country,688,Serbia,UHC,-179730.20814899998,WHO Triple Billion Indicators
3478,2023,country,690,Seychelles,HEP,10716.0223706,WHO Triple Billion Indicators
3479,2023,country,690,Seychelles,HPOP,-2940.81356946,WHO Triple Billion Indicators
3480,2023,country,690,Seychelles,UHC,12122.604031698,WHO Triple Billion Indicators
3481,2023,country,694,Sierra Leone,HEP,2178546.3187,WHO Triple Billion Indicators
3482,2023,country,694,Sierra Leone,HPOP,436213.121176,WHO Triple Billion Indicators
3483,2023,country,694,Sierra Leone,UHC,272798.64907900005,WHO Triple Billion Indicators
3484,2023,country,702,Singapore,HEP,413969.79661,WHO Triple Billion Indicators
3485,2023,country,702,Singapore,HPOP,11229.588027099991,WHO Triple Billion Indicators
3486,2023,country,702,Singapore,UHC,405196.60954100004,WHO Triple Billion Indicators
3487,2023,country,703,Slovakia,HEP,-82595.73735000001,WHO Triple Billion Indicators
3488,2023,country,703,Slovakia,HPOP,222404.70387666003,WHO Triple Billion Indicators
3489,2023,country,703,Slovakia,UHC,302929.18007195,WHO Triple Billion Indicators
3490,2023,country,705,Slovenia,HEP,40524.505778000006,WHO Triple Billion Indicators
3491,2023,country,705,Slovenia,HPOP,171978.44525888,WHO Triple Billion Indicators
3492,2023,country,705,Slovenia,UHC,93967.6297897,WHO Triple Billion Indicators
3493,2023,country,90,Solomon Islands,HEP,118959.0126,WHO Triple Billion Indicators
3494,2023,country,90,Solomon Islands,HPOP,-10494.5858073,WHO Triple Billion Indicators
3495,2023,country,90,Solomon Islands,UHC,44535.2131889,WHO Triple Billion Indicators
3496,2023,country,706,Somalia,HEP,1230480.63897,WHO Triple Billion Indicators
3497,2023,country,706,Somalia,HPOP,939546.634772,WHO Triple Billion Indicators
3498,2023,country,706,Somalia,UHC,707272.57724096,WHO Triple Billion Indicators
3499,2023,country,710,South Africa,HEP,9787708.783,WHO Triple Billion Indicators
3500,2023,country,710,South Africa,HPOP,2981865.80636,WHO Triple Billion Indicators
3501,2023,country,710,South Africa,UHC,4590133.81152,WHO Triple Billion Indicators
3502,2023,country,728,South Sudan,HEP,360678.528,WHO Triple Billion Indicators
3503,2023,country,728,South Sudan,HPOP,80020.0419508,WHO Triple Billion Indicators
3504,2023,country,728,South Sudan,UHC,450424.233715,WHO Triple Billion Indicators
3505,2023,country,724,Spain,HEP,-725612.0985000001,WHO Triple Billion Indicators
3506,2023,country,724,Spain,HPOP,3186408.0580582,WHO Triple Billion Indicators
3507,2023,country,724,Spain,UHC,791440.1111148,WHO Triple Billion Indicators
3508,2023,country,144,Sri Lanka,HEP,6225634.8308,WHO Triple Billion Indicators
3509,2023,country,144,Sri Lanka,HPOP,678320.8659294001,WHO Triple Billion Indicators
3510,2023,country,144,Sri Lanka,UHC,1753776.0656,WHO Triple Billion Indicators
3511,2023,country,729,Sudan,HEP,-7739816.157699999,WHO Triple Billion Indicators
3512,2023,country,729,Sudan,HPOP,5689321.967997,WHO Triple Billion Indicators
3513,2023,country,729,Sudan,UHC,1591104.238524,WHO Triple Billion Indicators
3514,2023,country,740,Suriname,HEP,-241234.92270000002,WHO Triple Billion Indicators
3515,2023,country,740,Suriname,HPOP,-6453.217939879998,WHO Triple Billion Indicators
3516,2023,country,740,Suriname,UHC,3089.0821241199965,WHO Triple Billion Indicators
3517,2023,country,752,Sweden,HEP,3497.5108599999367,WHO Triple Billion Indicators
3518,2023,country,752,Sweden,HPOP,683301.87132725,WHO Triple Billion Indicators
3519,2023,country,752,Sweden,UHC,398894.43088099,WHO Triple Billion Indicators
3520,2023,country,756,Switzerland,HEP,-331894.0256,WHO Triple Billion Indicators
3521,2023,country,756,Switzerland,HPOP,355637.4036755,WHO Triple Billion Indicators
3522,2023,country,756,Switzerland,UHC,343968.39335594,WHO Triple Billion Indicators
3523,2023,country,760,Syrian Arab Republic,HEP,-5759292.8512,WHO Triple Billion Indicators
3524,2023,country,760,Syrian Arab Republic,HPOP,-1063586.203539,WHO Triple Billion Indicators
3525,2023,country,760,Syrian Arab Republic,UHC,1186272.739926,WHO Triple Billion Indicators
3526,2023,country,762,Tajikistan,HEP,1208098.29629,WHO Triple Billion Indicators
3527,2023,country,762,Tajikistan,HPOP,1533258.289591,WHO Triple Billion Indicators
3528,2023,country,762,Tajikistan,UHC,948575.1735502001,WHO Triple Billion Indicators
3529,2023,country,764,Thailand,HEP,9088626.6961,WHO Triple Billion Indicators
3530,2023,country,764,Thailand,HPOP,4660528.065832,WHO Triple Billion Indicators
3531,2023,country,764,Thailand,UHC,6322386.0206349995,WHO Triple Billion Indicators
3532,2023,country,626,Timor-Leste,HEP,535835.94196,WHO Triple Billion Indicators
3533,2023,country,626,Timor-Leste,HPOP,105490.74052569999,WHO Triple Billion Indicators
3534,2023,country,626,Timor-Leste,UHC,136245.6486811,WHO Triple Billion Indicators
3535,2023,country,768,Togo,HEP,2375452.2593900003,WHO Triple Billion Indicators
3536,2023,country,768,Togo,HPOP,699270.868347,WHO Triple Billion Indicators
3537,2023,country,768,Togo,UHC,471258.695006,WHO Triple Billion Indicators
3538,2023,country,776,Tonga,HEP,15155.795796999999,WHO Triple Billion Indicators
3539,2023,country,776,Tonga,HPOP,2689.3334059399995,WHO Triple Billion Indicators
3540,2023,country,776,Tonga,UHC,5937.49287292,WHO Triple Billion Indicators
3541,2023,country,780,Trinidad and Tobago,HEP,385445.69220600004,WHO Triple Billion Indicators
3542,2023,country,780,Trinidad and Tobago,HPOP,-26841.2055668,WHO Triple Billion Indicators
3543,2023,country,780,Trinidad and Tobago,UHC,97212.3944293,WHO Triple Billion Indicators
3544,2023,country,788,Tunisia,HEP,1520758.9745580002,WHO Triple Billion Indicators
3545,2023,country,788,Tunisia,HPOP,382932.30623110005,WHO Triple Billion Indicators
3546,2023,country,788,Tunisia,UHC,333519.7063003,WHO Triple Billion Indicators
3547,2023,country,795,Turkmenistan,HEP,966589.5612000001,WHO Triple Billion Indicators
3548,2023,country,795,Turkmenistan,HPOP,382122.4420286,WHO Triple Billion Indicators
3549,2023,country,795,Turkmenistan,UHC,296099.43593160005,WHO Triple Billion Indicators
3550,2023,country,798,Tuvalu,HEP,1416.2762999,WHO Triple Billion Indicators
3551,2023,country,798,Tuvalu,HPOP,197.149869561,WHO Triple Billion Indicators
3552,2023,country,798,Tuvalu,UHC,542.801995769,WHO Triple Billion Indicators
3553,2023,country,792,Türkiye,HEP,7950539.9372,WHO Triple Billion Indicators
3554,2023,country,792,Türkiye,HPOP,9593037.467869999,WHO Triple Billion Indicators
3555,2023,country,792,Türkiye,UHC,5709427.03583,WHO Triple Billion Indicators
3556,2023,country,800,Uganda,HEP,8528518.894,WHO Triple Billion Indicators
3557,2023,country,800,Uganda,HPOP,2565278.046894,WHO Triple Billion Indicators
3558,2023,country,800,Uganda,UHC,3397077.1920600003,WHO Triple Billion Indicators
3559,2023,country,804,Ukraine,HEP,-3330683.2639999995,WHO Triple Billion Indicators
3560,2023,country,804,Ukraine,HPOP,844426.8260000001,WHO Triple Billion Indicators
3561,2023,country,804,Ukraine,UHC,-2988709.63948,WHO Triple Billion Indicators
3562,2023,country,784,United Arab Emirates,HEP,409581.88525,WHO Triple Billion Indicators
3563,2023,country,784,United Arab Emirates,HPOP,506554.7289858,WHO Triple Billion Indicators
3564,2023,country,784,United Arab Emirates,UHC,400732.1673523,WHO Triple Billion Indicators
3565,2023,country,826,United Kingdom of Great Britain and Northern Ireland,HEP,2863626.3126000003,WHO Triple Billion Indicators
3566,2023,country,826,United Kingdom of Great Britain and Northern Ireland,HPOP,4047467.9533299995,WHO Triple Billion Indicators
3567,2023,country,826,United Kingdom of Great Britain and Northern Ireland,UHC,2831063.8593921997,WHO Triple Billion Indicators
3568,2023,country,834,United Republic of Tanzania,HEP,11020780.343,WHO Triple Billion Indicators
3569,2023,country,834,United Republic of Tanzania,HPOP,5729850.099016,WHO Triple Billion Indicators
3570,2023,country,834,United Republic of Tanzania,UHC,5622522.156183,WHO Triple Billion Indicators
3571,2023,country,840,United States of America,HEP,11082822.5817,WHO Triple Billion Indicators
3572,2023,country,840,United States of America,HPOP,6884140.87324,WHO Triple Billion Indicators
3573,2023,country,840,United States of America,UHC,11044846.963915,WHO Triple Billion Indicators
3574,2023,country,858,Uruguay,HEP,-591302.9175300001,WHO Triple Billion Indicators
3575,2023,country,858,Uruguay,HPOP,42735.8738218,WHO Triple Billion Indicators
3576,2023,country,858,Uruguay,UHC,-198545.5293953,WHO Triple Billion Indicators
3577,2023,country,860,Uzbekistan,HEP,13614540.0681,WHO Triple Billion Indicators
3578,2023,country,860,Uzbekistan,HPOP,2779717.1014399994,WHO Triple Billion Indicators
3579,2023,country,860,Uzbekistan,UHC,4340266.010954999,WHO Triple Billion Indicators
3580,2023,country,548,Vanuatu,HEP,72442.44735,WHO Triple Billion Indicators
3581,2023,country,548,Vanuatu,HPOP,-14683.48569182,WHO Triple Billion Indicators
3582,2023,country,548,Vanuatu,UHC,17236.19216016,WHO Triple Billion Indicators
3583,2023,country,862,Venezuela (Bolivarian Republic of),HEP,1007423.763,WHO Triple Billion Indicators
3584,2023,country,862,Venezuela (Bolivarian Republic of),HPOP,483920.47267200006,WHO Triple Billion Indicators
3585,2023,country,862,Venezuela (Bolivarian Republic of),UHC,668283.86651,WHO Triple Billion Indicators
3586,2023,country,704,Viet Nam,HEP,-13873689.122,WHO Triple Billion Indicators
3587,2023,country,704,Viet Nam,HPOP,11512823.654819999,WHO Triple Billion Indicators
3588,2023,country,704,Viet Nam,UHC,7673097.66859,WHO Triple Billion Indicators
3589,2023,country,887,Yemen,HEP,-1800567.4671999998,WHO Triple Billion Indicators
3590,2023,country,887,Yemen,HPOP,-540757.42743,WHO Triple Billion Indicators
3591,2023,country,887,Yemen,UHC,1176525.74866,WHO Triple Billion Indicators
3592,2023,country,894,Zambia,HEP,1294740.7470000004,WHO Triple Billion Indicators
3593,2023,country,894,Zambia,HPOP,-215144.99318300004,WHO Triple Billion Indicators
3594,2023,country,894,Zambia,UHC,1844695.8989400002,WHO Triple Billion Indicators
3595,2023,country,716,Zimbabwe,HEP,3283628.01243,WHO Triple Billion Indicators
3596,2023,country,716,Zimbabwe,HPOP,-307992.11630700005,WHO Triple Billion Indicators
3597,2023,country,716,Zimbabwe,UHC,1103773.7364740002,WHO Triple Billion Indicators
3598,2023,global,1,World,HEP,598831566.69,WHO Triple Billion Indicators
3599,2023,global,1,World,HPOP,1215345484.383,WHO Triple Billion Indicators
3600,2023,global,1,World,UHC,428846930.96199995,WHO Triple Billion Indicators
3601,2023,who_region,953,Africa,HEP,175171991.57,WHO Triple Billion Indicators
3602,2023,who_region,953,Africa,HPOP,82616244.73798,WHO Triple Billion Indicators
3603,2023,who_region,953,Africa,UHC,72421613.7788,WHO Triple Billion Indicators
3604,2023,who_region,954,Americas,HEP,-19964241.949999996,WHO Triple Billion Indicators
3605,2023,who_region,954,Americas,HPOP,54861507.00982,WHO Triple Billion Indicators
3606,2023,who_region,954,Americas,UHC,20516122.234100003,WHO Triple Billion Indicators
3607,2023,who_region,957,Eastern Mediterranean,HEP,34541899.493,WHO Triple Billion Indicators
3608,2023,who_region,957,Eastern Mediterranean,HPOP,69822647.9831,WHO Triple Billion Indicators
3609,2023,who_region,957,Eastern Mediterranean,UHC,32523846.6395,WHO Triple Billion Indicators
3610,2023,who_region,956,Europe,HEP,43533735.5,WHO Triple Billion Indicators
3611,2023,who_region,956,Europe,HPOP,46042286.401193,WHO Triple Billion Indicators
3612,2023,who_region,956,Europe,UHC,27756916.77105,WHO Triple Billion Indicators
3613,2023,who_region,955,South-East Asia,HEP,307899631.05,WHO Triple Billion Indicators
3614,2023,who_region,955,South-East Asia,HPOP,644449002.95582,WHO Triple Billion Indicators
3615,2023,who_region,955,South-East Asia,UHC,177031650.206,WHO Triple Billion Indicators
3616,2023,who_region,958,Western Pacific,HEP,57648551.007400006,WHO Triple Billion Indicators
3617,2023,who_region,958,Western Pacific,HPOP,317553795.3067,WHO Triple Billion Indicators
3618,2023,who_region,958,Western Pacific,UHC,98596781.3302,WHO Triple Billion Indicators
3619,2024,country,4,Afghanistan,HEP,6661080.286,WHO Triple Billion Indicators
3620,2024,country,4,Afghanistan,HPOP,9571380.350152,WHO Triple Billion Indicators
3621,2024,country,4,Afghanistan,UHC,1048850.70602,WHO Triple Billion Indicators
3622,2024,country,8,Albania,HEP,1043775.1732000001,WHO Triple Billion Indicators
3623,2024,country,8,Albania,HPOP,597954.92092621,WHO Triple Billion Indicators
3624,2024,country,8,Albania,UHC,363584.43888114,WHO Triple Billion Indicators
3625,2024,country,12,Algeria,HEP,-6602369.909,WHO Triple Billion Indicators
3626,2024,country,12,Algeria,HPOP,-3780268.570647,WHO Triple Billion Indicators
3627,2024,country,12,Algeria,UHC,1306728.368515,WHO Triple Billion Indicators
3628,2024,country,20,Andorra,HEP,13113.235022099998,WHO Triple Billion Indicators
3629,2024,country,20,Andorra,HPOP,-16065.970417138999,WHO Triple Billion Indicators
3630,2024,country,20,Andorra,UHC,4890.66543404,WHO Triple Billion Indicators
3631,2024,country,24,Angola,HEP,2391115.653,WHO Triple Billion Indicators
3632,2024,country,24,Angola,HPOP,-1332766.2363800001,WHO Triple Billion Indicators
3633,2024,country,24,Angola,UHC,2309107.998984,WHO Triple Billion Indicators
3634,2024,country,28,Antigua and Barbuda,HEP,21490.4177973,WHO Triple Billion Indicators
3635,2024,country,28,Antigua and Barbuda,HPOP,-8894.876607883,WHO Triple Billion Indicators
3636,2024,country,28,Antigua and Barbuda,UHC,7884.836324188,WHO Triple Billion Indicators
3637,2024,country,32,Argentina,HEP,1042254.4780000001,WHO Triple Billion Indicators
3638,2024,country,32,Argentina,HPOP,-953525.77531,WHO Triple Billion Indicators
3639,2024,country,32,Argentina,UHC,2109772.3684799997,WHO Triple Billion Indicators
3640,2024,country,51,Armenia,HEP,172353.262214,WHO Triple Billion Indicators
3641,2024,country,51,Armenia,HPOP,143435.242478,WHO Triple Billion Indicators
3642,2024,country,51,Armenia,UHC,96706.12240559,WHO Triple Billion Indicators
3643,2024,country,36,Australia,HEP,674372.7024000001,WHO Triple Billion Indicators
3644,2024,country,36,Australia,HPOP,-500998.49195799994,WHO Triple Billion Indicators
3645,2024,country,36,Australia,UHC,1756557.43917053,WHO Triple Billion Indicators
3646,2024,country,40,Austria,HEP,1563135.8178400001,WHO Triple Billion Indicators
3647,2024,country,40,Austria,HPOP,652723.6741898999,WHO Triple Billion Indicators
3648,2024,country,40,Austria,UHC,814452.09747424,WHO Triple Billion Indicators
3649,2024,country,31,Azerbaijan,HEP,331876.1289,WHO Triple Billion Indicators
3650,2024,country,31,Azerbaijan,HPOP,944966.158079,WHO Triple Billion Indicators
3651,2024,country,31,Azerbaijan,UHC,807698.3891864,WHO Triple Billion Indicators
3652,2024,country,44,Bahamas,HEP,39480.52299,WHO Triple Billion Indicators
3653,2024,country,44,Bahamas,HPOP,-3420.0986827740003,WHO Triple Billion Indicators
3654,2024,country,44,Bahamas,UHC,13493.14831435,WHO Triple Billion Indicators
3655,2024,country,48,Bahrain,HEP,-38177.18988299999,WHO Triple Billion Indicators
3656,2024,country,48,Bahrain,HPOP,72761.08750883,WHO Triple Billion Indicators
3657,2024,country,48,Bahrain,UHC,86177.788620321,WHO Triple Billion Indicators
3658,2024,country,50,Bangladesh,HEP,30944873.4296,WHO Triple Billion Indicators
3659,2024,country,50,Bangladesh,HPOP,39384832.732984,WHO Triple Billion Indicators
3660,2024,country,50,Bangladesh,UHC,10434238.33083,WHO Triple Billion Indicators
3661,2024,country,52,Barbados,HEP,15360.38831,WHO Triple Billion Indicators
3662,2024,country,52,Barbados,HPOP,-13859.67387153,WHO Triple Billion Indicators
3663,2024,country,52,Barbados,UHC,10906.9102048,WHO Triple Billion Indicators
3664,2024,country,112,Belarus,HEP,403691.53515999997,WHO Triple Billion Indicators
3665,2024,country,112,Belarus,HPOP,211714.108304,WHO Triple Billion Indicators
3666,2024,country,112,Belarus,UHC,-124215.80634880008,WHO Triple Billion Indicators
3667,2024,country,56,Belgium,HEP,-2837966.9431200004,WHO Triple Billion Indicators
3668,2024,country,56,Belgium,HPOP,1099434.737104,WHO Triple Billion Indicators
3669,2024,country,56,Belgium,UHC,-237053.426676082,WHO Triple Billion Indicators
3670,2024,country,84,Belize,HEP,82876.15299999999,WHO Triple Billion Indicators
3671,2024,country,84,Belize,HPOP,-20229.18899777,WHO Triple Billion Indicators
3672,2024,country,84,Belize,UHC,23730.047127730002,WHO Triple Billion Indicators
3673,2024,country,204,Benin,HEP,1770814.5308,WHO Triple Billion Indicators
3674,2024,country,204,Benin,HPOP,16813.978633000006,WHO Triple Billion Indicators
3675,2024,country,204,Benin,UHC,637008.70406,WHO Triple Billion Indicators
3676,2024,country,64,Bhutan,HEP,133526.188867,WHO Triple Billion Indicators
3677,2024,country,64,Bhutan,HPOP,211712.41261656,WHO Triple Billion Indicators
3678,2024,country,64,Bhutan,UHC,70166.631285,WHO Triple Billion Indicators
3679,2024,country,68,Bolivia (Plurinational State of),HEP,325131.28740000003,WHO Triple Billion Indicators
3680,2024,country,68,Bolivia (Plurinational State of),HPOP,384613.7150149999,WHO Triple Billion Indicators
3681,2024,country,68,Bolivia (Plurinational State of),UHC,1190542.1342210001,WHO Triple Billion Indicators
3682,2024,country,70,Bosnia and Herzegovina,HEP,-7891.364199999953,WHO Triple Billion Indicators
3683,2024,country,70,Bosnia and Herzegovina,HPOP,445504.90940959996,WHO Triple Billion Indicators
3684,2024,country,70,Bosnia and Herzegovina,UHC,-55023.65601939999,WHO Triple Billion Indicators
3685,2024,country,72,Botswana,HEP,846176.8928,WHO Triple Billion Indicators
3686,2024,country,72,Botswana,HPOP,106670.5758018,WHO Triple Billion Indicators
3687,2024,country,72,Botswana,UHC,202111.5117727,WHO Triple Billion Indicators
3688,2024,country,76,Brazil,HEP,-339905.3170000003,WHO Triple Billion Indicators
3689,2024,country,76,Brazil,HPOP,19510046.811410002,WHO Triple Billion Indicators
3690,2024,country,76,Brazil,UHC,-2613261.9952330003,WHO Triple Billion Indicators
3691,2024,country,96,Brunei Darussalam,HEP,37439.793727,WHO Triple Billion Indicators
3692,2024,country,96,Brunei Darussalam,HPOP,-16571.786664029998,WHO Triple Billion Indicators
3693,2024,country,96,Brunei Darussalam,UHC,18784.548711505002,WHO Triple Billion Indicators
3694,2024,country,100,Bulgaria,HEP,1090517.65934,WHO Triple Billion Indicators
3695,2024,country,100,Bulgaria,HPOP,831370.487957,WHO Triple Billion Indicators
3696,2024,country,100,Bulgaria,UHC,380837.7048808,WHO Triple Billion Indicators
3697,2024,country,854,Burkina Faso,HEP,11178676.658099998,WHO Triple Billion Indicators
3698,2024,country,854,Burkina Faso,HPOP,1932569.322168,WHO Triple Billion Indicators
3699,2024,country,854,Burkina Faso,UHC,2123129.04396,WHO Triple Billion Indicators
3700,2024,country,108,Burundi,HEP,4611561.964579999,WHO Triple Billion Indicators
3701,2024,country,108,Burundi,HPOP,13359.644482999996,WHO Triple Billion Indicators
3702,2024,country,108,Burundi,UHC,1013637.5198966999,WHO Triple Billion Indicators
3703,2024,country,132,Cabo Verde,HEP,156625.84003999998,WHO Triple Billion Indicators
3704,2024,country,132,Cabo Verde,HPOP,10574.12259161,WHO Triple Billion Indicators
3705,2024,country,132,Cabo Verde,UHC,58769.70019145,WHO Triple Billion Indicators
3706,2024,country,116,Cambodia,HEP,4557310.4968,WHO Triple Billion Indicators
3707,2024,country,116,Cambodia,HPOP,4562537.905595,WHO Triple Billion Indicators
3708,2024,country,116,Cambodia,UHC,1710653.06887,WHO Triple Billion Indicators
3709,2024,country,120,Cameroon,HEP,2632024.9423,WHO Triple Billion Indicators
3710,2024,country,120,Cameroon,HPOP,-415743.730472,WHO Triple Billion Indicators
3711,2024,country,120,Cameroon,UHC,2262032.26532,WHO Triple Billion Indicators
3712,2024,country,124,Canada,HEP,-309590.2546,WHO Triple Billion Indicators
3713,2024,country,124,Canada,HPOP,1966864.722109,WHO Triple Billion Indicators
3714,2024,country,124,Canada,UHC,2664011.3970129997,WHO Triple Billion Indicators
3715,2024,country,140,Central African Republic,HEP,3191297.51,WHO Triple Billion Indicators
3716,2024,country,140,Central African Republic,HPOP,-281685.955977,WHO Triple Billion Indicators
3717,2024,country,140,Central African Republic,UHC,370246.73737595003,WHO Triple Billion Indicators
3718,2024,country,148,Chad,HEP,5386674.2928,WHO Triple Billion Indicators
3719,2024,country,148,Chad,HPOP,1247142.370817,WHO Triple Billion Indicators
3720,2024,country,148,Chad,UHC,833465.0913054,WHO Triple Billion Indicators
3721,2024,country,152,Chile,HEP,1721827.9819999998,WHO Triple Billion Indicators
3722,2024,country,152,Chile,HPOP,285279.272896,WHO Triple Billion Indicators
3723,2024,country,152,Chile,UHC,-320143.87901850004,WHO Triple Billion Indicators
3724,2024,country,156,China,HEP,33675535.614,WHO Triple Billion Indicators
3725,2024,country,156,China,HPOP,323745887.009,WHO Triple Billion Indicators
3726,2024,country,156,China,UHC,76866357.94477001,WHO Triple Billion Indicators
3727,2024,country,170,Colombia,HEP,7741392.3785999995,WHO Triple Billion Indicators
3728,2024,country,170,Colombia,HPOP,2494055.9467800003,WHO Triple Billion Indicators
3729,2024,country,170,Colombia,UHC,3453984.07203,WHO Triple Billion Indicators
3730,2024,country,174,Comoros,HEP,287804.74332,WHO Triple Billion Indicators
3731,2024,country,174,Comoros,HPOP,46328.536199,WHO Triple Billion Indicators
3732,2024,country,174,Comoros,UHC,73286.38302189,WHO Triple Billion Indicators
3733,2024,country,178,Congo,HEP,397047.79563999997,WHO Triple Billion Indicators
3734,2024,country,178,Congo,HPOP,458682.41503280005,WHO Triple Billion Indicators
3735,2024,country,178,Congo,UHC,404919.84358000004,WHO Triple Billion Indicators
3736,2024,country,184,Cook Islands,HEP,671.9540632000001,WHO Triple Billion Indicators
3737,2024,country,184,Cook Islands,HPOP,-2894.066732606,WHO Triple Billion Indicators
3738,2024,country,184,Cook Islands,UHC,-80.60459077700003,WHO Triple Billion Indicators
3739,2024,country,188,Costa Rica,HEP,-197027.66266,WHO Triple Billion Indicators
3740,2024,country,188,Costa Rica,HPOP,114058.13546060001,WHO Triple Billion Indicators
3741,2024,country,188,Costa Rica,UHC,200158.79184144,WHO Triple Billion Indicators
3742,2024,country,191,Croatia,HEP,331482.17786,WHO Triple Billion Indicators
3743,2024,country,191,Croatia,HPOP,157569.73080686003,WHO Triple Billion Indicators
3744,2024,country,191,Croatia,UHC,97378.233603,WHO Triple Billion Indicators
3745,2024,country,192,Cuba,HEP,-1096716.09982,WHO Triple Billion Indicators
3746,2024,country,192,Cuba,HPOP,325633.4469345,WHO Triple Billion Indicators
3747,2024,country,192,Cuba,UHC,-190734.95798300003,WHO Triple Billion Indicators
3748,2024,country,196,Cyprus,HEP,-99162.03060999999,WHO Triple Billion Indicators
3749,2024,country,196,Cyprus,HPOP,78205.506175,WHO Triple Billion Indicators
3750,2024,country,196,Cyprus,UHC,84282.677143877,WHO Triple Billion Indicators
3751,2024,country,203,Czechia,HEP,1945514.97572,WHO Triple Billion Indicators
3752,2024,country,203,Czechia,HPOP,950669.05924963,WHO Triple Billion Indicators
3753,2024,country,203,Czechia,UHC,353037.91183592,WHO Triple Billion Indicators
3754,2024,country,384,Côte d'Ivoire,HEP,6571716.057,WHO Triple Billion Indicators
3755,2024,country,384,Côte d'Ivoire,HPOP,3543681.321207,WHO Triple Billion Indicators
3756,2024,country,384,Côte d'Ivoire,UHC,1642163.09945,WHO Triple Billion Indicators
3757,2024,country,408,Democratic People's Republic of Korea,HEP,4381233.9787,WHO Triple Billion Indicators
3758,2024,country,408,Democratic People's Republic of Korea,HPOP,2257699.0546593,WHO Triple Billion Indicators
3759,2024,country,408,Democratic People's Republic of Korea,UHC,1769466.3017588998,WHO Triple Billion Indicators
3760,2024,country,180,Democratic Republic of the Congo,HEP,31197986.731,WHO Triple Billion Indicators
3761,2024,country,180,Democratic Republic of the Congo,HPOP,-239225.77559000018,WHO Triple Billion Indicators
3762,2024,country,180,Democratic Republic of the Congo,UHC,8330876.62816,WHO Triple Billion Indicators
3763,2024,country,208,Denmark,HEP,242526.03799000004,WHO Triple Billion Indicators
3764,2024,country,208,Denmark,HPOP,358037.120882,WHO Triple Billion Indicators
3765,2024,country,208,Denmark,UHC,309843.31460100005,WHO Triple Billion Indicators
3766,2024,country,262,Djibouti,HEP,139325.76124,WHO Triple Billion Indicators
3767,2024,country,262,Djibouti,HPOP,39777.8238299,WHO Triple Billion Indicators
3768,2024,country,262,Djibouti,UHC,57152.9171305,WHO Triple Billion Indicators
3769,2024,country,212,Dominica,HEP,-6092.790741100001,WHO Triple Billion Indicators
3770,2024,country,212,Dominica,HPOP,-2590.1740194289996,WHO Triple Billion Indicators
3771,2024,country,212,Dominica,UHC,2533.10274398,WHO Triple Billion Indicators
3772,2024,country,214,Dominican Republic,HEP,3596451.7636,WHO Triple Billion Indicators
3773,2024,country,214,Dominican Republic,HPOP,-423683.1628053,WHO Triple Billion Indicators
3774,2024,country,214,Dominican Republic,UHC,884078.7719092,WHO Triple Billion Indicators
3775,2024,country,218,Ecuador,HEP,-4685292.4336,WHO Triple Billion Indicators
3776,2024,country,218,Ecuador,HPOP,-313580.06076816,WHO Triple Billion Indicators
3777,2024,country,218,Ecuador,UHC,878132.748806,WHO Triple Billion Indicators
3778,2024,country,818,Egypt,HEP,7934302.683,WHO Triple Billion Indicators
3779,2024,country,818,Egypt,HPOP,-4305847.08551,WHO Triple Billion Indicators
3780,2024,country,818,Egypt,UHC,4669219.798737,WHO Triple Billion Indicators
3781,2024,country,222,El Salvador,HEP,-1395999.9069,WHO Triple Billion Indicators
3782,2024,country,222,El Salvador,HPOP,289111.9726174,WHO Triple Billion Indicators
3783,2024,country,222,El Salvador,UHC,-70376.943807,WHO Triple Billion Indicators
3784,2024,country,226,Equatorial Guinea,HEP,703313.4909399999,WHO Triple Billion Indicators
3785,2024,country,226,Equatorial Guinea,HPOP,-12394.5088296,WHO Triple Billion Indicators
3786,2024,country,226,Equatorial Guinea,UHC,148728.8761296,WHO Triple Billion Indicators
3787,2024,country,232,Eritrea,HEP,2592237.665,WHO Triple Billion Indicators
3788,2024,country,232,Eritrea,HPOP,58034.702749599994,WHO Triple Billion Indicators
3789,2024,country,232,Eritrea,UHC,256970.35551837,WHO Triple Billion Indicators
3790,2024,country,233,Estonia,HEP,63336.40453,WHO Triple Billion Indicators
3791,2024,country,233,Estonia,HPOP,53077.951106930006,WHO Triple Billion Indicators
3792,2024,country,233,Estonia,UHC,17547.006851600003,WHO Triple Billion Indicators
3793,2024,country,748,Eswatini,HEP,-356062.00867999997,WHO Triple Billion Indicators
3794,2024,country,748,Eswatini,HPOP,81824.4031398,WHO Triple Billion Indicators
3795,2024,country,748,Eswatini,UHC,57482.519221,WHO Triple Billion Indicators
3796,2024,country,231,Ethiopia,HEP,34861922.9092,WHO Triple Billion Indicators
3797,2024,country,231,Ethiopia,HPOP,10378743.881889999,WHO Triple Billion Indicators
3798,2024,country,231,Ethiopia,UHC,10517275.75833,WHO Triple Billion Indicators
3799,2024,country,242,Fiji,HEP,-180668.927984,WHO Triple Billion Indicators
3800,2024,country,242,Fiji,HPOP,78024.26194599,WHO Triple Billion Indicators
3801,2024,country,242,Fiji,UHC,8310.333518729998,WHO Triple Billion Indicators
3802,2024,country,246,Finland,HEP,-220301.1167,WHO Triple Billion Indicators
3803,2024,country,246,Finland,HPOP,336059.4024872,WHO Triple Billion Indicators
3804,2024,country,246,Finland,UHC,33429.386608528,WHO Triple Billion Indicators
3805,2024,country,250,France,HEP,7148713.931,WHO Triple Billion Indicators
3806,2024,country,250,France,HPOP,5475683.26797,WHO Triple Billion Indicators
3807,2024,country,250,France,UHC,1682589.0481967,WHO Triple Billion Indicators
3808,2024,country,266,Gabon,HEP,254791.63274,WHO Triple Billion Indicators
3809,2024,country,266,Gabon,HPOP,10945.941843000002,WHO Triple Billion Indicators
3810,2024,country,266,Gabon,UHC,129105.6937552,WHO Triple Billion Indicators
3811,2024,country,270,Gambia,HEP,624960.36782,WHO Triple Billion Indicators
3812,2024,country,270,Gambia,HPOP,16275.893200299994,WHO Triple Billion Indicators
3813,2024,country,270,Gambia,UHC,195363.12944669998,WHO Triple Billion Indicators
3814,2024,country,268,Georgia,HEP,-739122.3397,WHO Triple Billion Indicators
3815,2024,country,268,Georgia,HPOP,116747.11502,WHO Triple Billion Indicators
3816,2024,country,268,Georgia,UHC,-130051.4775986,WHO Triple Billion Indicators
3817,2024,country,276,Germany,HEP,-3108791.9070999995,WHO Triple Billion Indicators
3818,2024,country,276,Germany,HPOP,7947832.9709250005,WHO Triple Billion Indicators
3819,2024,country,276,Germany,UHC,1264622.9780857,WHO Triple Billion Indicators
3820,2024,country,288,Ghana,HEP,3432548.5407000002,WHO Triple Billion Indicators
3821,2024,country,288,Ghana,HPOP,8037043.386429999,WHO Triple Billion Indicators
3822,2024,country,288,Ghana,UHC,2816907.529482,WHO Triple Billion Indicators
3823,2024,country,300,Greece,HEP,2259695.5701099997,WHO Triple Billion Indicators
3824,2024,country,300,Greece,HPOP,1115533.92066393,WHO Triple Billion Indicators
3825,2024,country,300,Greece,UHC,506055.19051999995,WHO Triple Billion Indicators
3826,2024,country,308,Grenada,HEP,-38316.336938,WHO Triple Billion Indicators
3827,2024,country,308,Grenada,HPOP,-8698.218521566,WHO Triple Billion Indicators
3828,2024,country,308,Grenada,UHC,275.5361483299995,WHO Triple Billion Indicators
3829,2024,country,320,Guatemala,HEP,-6411565.4643,WHO Triple Billion Indicators
3830,2024,country,320,Guatemala,HPOP,1272397.3784409002,WHO Triple Billion Indicators
3831,2024,country,320,Guatemala,UHC,652582.6642649999,WHO Triple Billion Indicators
3832,2024,country,324,Guinea,HEP,-446713.3585999999,WHO Triple Billion Indicators
3833,2024,country,324,Guinea,HPOP,-188694.850175,WHO Triple Billion Indicators
3834,2024,country,324,Guinea,UHC,894576.151949,WHO Triple Billion Indicators
3835,2024,country,624,Guinea-Bissau,HEP,83560.08648,WHO Triple Billion Indicators
3836,2024,country,624,Guinea-Bissau,HPOP,133235.376663,WHO Triple Billion Indicators
3837,2024,country,624,Guinea-Bissau,UHC,86203.5652052,WHO Triple Billion Indicators
3838,2024,country,328,Guyana,HEP,-26475.527014999996,WHO Triple Billion Indicators
3839,2024,country,328,Guyana,HPOP,23810.42900965,WHO Triple Billion Indicators
3840,2024,country,328,Guyana,UHC,58884.4754784,WHO Triple Billion Indicators
3841,2024,country,332,Haiti,HEP,3417354.0039,WHO Triple Billion Indicators
3842,2024,country,332,Haiti,HPOP,-26243.324876999974,WHO Triple Billion Indicators
3843,2024,country,332,Haiti,UHC,766206.0542370001,WHO Triple Billion Indicators
3844,2024,country,340,Honduras,HEP,2825682.618,WHO Triple Billion Indicators
3845,2024,country,340,Honduras,HPOP,1071914.835035,WHO Triple Billion Indicators
3846,2024,country,340,Honduras,UHC,1054009.350447,WHO Triple Billion Indicators
3847,2024,country,348,Hungary,HEP,804562.69071,WHO Triple Billion Indicators
3848,2024,country,348,Hungary,HPOP,1025160.9664350001,WHO Triple Billion Indicators
3849,2024,country,348,Hungary,UHC,781554.8611864,WHO Triple Billion Indicators
3850,2024,country,352,Iceland,HEP,-34522.50423,WHO Triple Billion Indicators
3851,2024,country,352,Iceland,HPOP,16246.017632013001,WHO Triple Billion Indicators
3852,2024,country,352,Iceland,UHC,16499.446681247002,WHO Triple Billion Indicators
3853,2024,country,356,India,HEP,309382738.12,WHO Triple Billion Indicators
3854,2024,country,356,India,HPOP,621898722.1721,WHO Triple Billion Indicators
3855,2024,country,356,India,UHC,153795281.444,WHO Triple Billion Indicators
3856,2024,country,360,Indonesia,HEP,42818273.2667,WHO Triple Billion Indicators
3857,2024,country,360,Indonesia,HPOP,30356462.27042,WHO Triple Billion Indicators
3858,2024,country,360,Indonesia,UHC,33447114.0653,WHO Triple Billion Indicators
3859,2024,country,364,Iran (Islamic Republic of),HEP,3565611.4606,WHO Triple Billion Indicators
3860,2024,country,364,Iran (Islamic Republic of),HPOP,-2336547.731416,WHO Triple Billion Indicators
3861,2024,country,364,Iran (Islamic Republic of),UHC,6475668.437160001,WHO Triple Billion Indicators
3862,2024,country,368,Iraq,HEP,-11437548.7015,WHO Triple Billion Indicators
3863,2024,country,368,Iraq,HPOP,3616072.679269,WHO Triple Billion Indicators
3864,2024,country,368,Iraq,UHC,1286434.750088,WHO Triple Billion Indicators
3865,2024,country,372,Ireland,HEP,101974.78467000002,WHO Triple Billion Indicators
3866,2024,country,372,Ireland,HPOP,340149.73549169995,WHO Triple Billion Indicators
3867,2024,country,372,Ireland,UHC,232813.81853579998,WHO Triple Billion Indicators
3868,2024,country,376,Israel,HEP,-330404.32615000004,WHO Triple Billion Indicators
3869,2024,country,376,Israel,HPOP,685048.082396,WHO Triple Billion Indicators
3870,2024,country,376,Israel,UHC,1039140.89043428,WHO Triple Billion Indicators
3871,2024,country,380,Italy,HEP,207565.98219999997,WHO Triple Billion Indicators
3872,2024,country,380,Italy,HPOP,3489594.734433,WHO Triple Billion Indicators
3873,2024,country,380,Italy,UHC,576417.8777541002,WHO Triple Billion Indicators
3874,2024,country,388,Jamaica,HEP,369960.1215,WHO Triple Billion Indicators
3875,2024,country,388,Jamaica,HPOP,-233118.9231474,WHO Triple Billion Indicators
3876,2024,country,388,Jamaica,UHC,162452.416799,WHO Triple Billion Indicators
3877,2024,country,392,Japan,HEP,9745758.0835,WHO Triple Billion Indicators
3878,2024,country,392,Japan,HPOP,5706505.562820001,WHO Triple Billion Indicators
3879,2024,country,392,Japan,UHC,-1048722.1301070002,WHO Triple Billion Indicators
3880,2024,country,400,Jordan,HEP,88189.5745000001,WHO Triple Billion Indicators
3881,2024,country,400,Jordan,HPOP,521554.06015339994,WHO Triple Billion Indicators
3882,2024,country,400,Jordan,UHC,652484.1559833,WHO Triple Billion Indicators
3883,2024,country,398,Kazakhstan,HEP,2872599.9575,WHO Triple Billion Indicators
3884,2024,country,398,Kazakhstan,HPOP,1017139.686746,WHO Triple Billion Indicators
3885,2024,country,398,Kazakhstan,UHC,1178893.9117420001,WHO Triple Billion Indicators
3886,2024,country,404,Kenya,HEP,11616332.4689,WHO Triple Billion Indicators
3887,2024,country,404,Kenya,HPOP,8931617.1918,WHO Triple Billion Indicators
3888,2024,country,404,Kenya,UHC,3803029.41079,WHO Triple Billion Indicators
3889,2024,country,296,Kiribati,HEP,28973.040786999998,WHO Triple Billion Indicators
3890,2024,country,296,Kiribati,HPOP,13758.478806435001,WHO Triple Billion Indicators
3891,2024,country,296,Kiribati,UHC,9668.106986089999,WHO Triple Billion Indicators
3892,2024,country,414,Kuwait,HEP,2005522.243599,WHO Triple Billion Indicators
3893,2024,country,414,Kuwait,HPOP,212111.3739728,WHO Triple Billion Indicators
3894,2024,country,414,Kuwait,UHC,302691.6239144,WHO Triple Billion Indicators
3895,2024,country,417,Kyrgyzstan,HEP,-2695603.5544,WHO Triple Billion Indicators
3896,2024,country,417,Kyrgyzstan,HPOP,983477.0915069999,WHO Triple Billion Indicators
3897,2024,country,417,Kyrgyzstan,UHC,417428.724262,WHO Triple Billion Indicators
3898,2024,country,418,Lao People's Democratic Republic,HEP,2417562.79996,WHO Triple Billion Indicators
3899,2024,country,418,Lao People's Democratic Republic,HPOP,119494.05698199997,WHO Triple Billion Indicators
3900,2024,country,418,Lao People's Democratic Republic,UHC,719460.968477,WHO Triple Billion Indicators
3901,2024,country,428,Latvia,HEP,-85258.02737,WHO Triple Billion Indicators
3902,2024,country,428,Latvia,HPOP,185408.5477199,WHO Triple Billion Indicators
3903,2024,country,428,Latvia,UHC,638.9577564000037,WHO Triple Billion Indicators
3904,2024,country,422,Lebanon,HEP,1128560.8008,WHO Triple Billion Indicators
3905,2024,country,422,Lebanon,HPOP,-32834.3742916,WHO Triple Billion Indicators
3906,2024,country,422,Lebanon,UHC,90186.95131399998,WHO Triple Billion Indicators
3907,2024,country,426,Lesotho,HEP,-453282.0729,WHO Triple Billion Indicators
3908,2024,country,426,Lesotho,HPOP,325226.8664092,WHO Triple Billion Indicators
3909,2024,country,426,Lesotho,UHC,131381.200792,WHO Triple Billion Indicators
3910,2024,country,430,Liberia,HEP,856765.2193,WHO Triple Billion Indicators
3911,2024,country,430,Liberia,HPOP,-304102.05869072,WHO Triple Billion Indicators
3912,2024,country,430,Liberia,UHC,483712.758607,WHO Triple Billion Indicators
3913,2024,country,434,Libya,HEP,606962.1275,WHO Triple Billion Indicators
3914,2024,country,434,Libya,HPOP,-82197.59983249998,WHO Triple Billion Indicators
3915,2024,country,434,Libya,UHC,61236.644276999985,WHO Triple Billion Indicators
3916,2024,country,440,Lithuania,HEP,247053.737005,WHO Triple Billion Indicators
3917,2024,country,440,Lithuania,HPOP,249242.1093681,WHO Triple Billion Indicators
3918,2024,country,440,Lithuania,UHC,87558.93978099998,WHO Triple Billion Indicators
3919,2024,country,442,Luxembourg,HEP,43383.708169,WHO Triple Billion Indicators
3920,2024,country,442,Luxembourg,HPOP,60274.38989292,WHO Triple Billion Indicators
3921,2024,country,442,Luxembourg,UHC,43454.888088928004,WHO Triple Billion Indicators
3922,2024,country,450,Madagascar,HEP,10810435.807,WHO Triple Billion Indicators
3923,2024,country,450,Madagascar,HPOP,2998052.0044874,WHO Triple Billion Indicators
3924,2024,country,450,Madagascar,UHC,1886579.2223031002,WHO Triple Billion Indicators
3925,2024,country,454,Malawi,HEP,3559734.6018100004,WHO Triple Billion Indicators
3926,2024,country,454,Malawi,HPOP,3622902.477484,WHO Triple Billion Indicators
3927,2024,country,454,Malawi,UHC,1948473.09359,WHO Triple Billion Indicators
3928,2024,country,458,Malaysia,HEP,-4295544.2122,WHO Triple Billion Indicators
3929,2024,country,458,Malaysia,HPOP,-182034.25677100004,WHO Triple Billion Indicators
3930,2024,country,458,Malaysia,UHC,1818078.917818,WHO Triple Billion Indicators
3931,2024,country,462,Maldives,HEP,118043.726689,WHO Triple Billion Indicators
3932,2024,country,462,Maldives,HPOP,-5079.389408700002,WHO Triple Billion Indicators
3933,2024,country,462,Maldives,UHC,30760.691529800002,WHO Triple Billion Indicators
3934,2024,country,466,Mali,HEP,-770552.6509,WHO Triple Billion Indicators
3935,2024,country,466,Mali,HPOP,1117159.276014,WHO Triple Billion Indicators
3936,2024,country,466,Mali,UHC,1502565.4244990002,WHO Triple Billion Indicators
3937,2024,country,470,Malta,HEP,96158.49722,WHO Triple Billion Indicators
3938,2024,country,470,Malta,HPOP,15077.724226290002,WHO Triple Billion Indicators
3939,2024,country,470,Malta,UHC,49154.560339616,WHO Triple Billion Indicators
3940,2024,country,584,Marshall Islands,HEP,-11099.29617,WHO Triple Billion Indicators
3941,2024,country,584,Marshall Islands,HPOP,-937.0406610640001,WHO Triple Billion Indicators
3942,2024,country,584,Marshall Islands,UHC,-854.7725388519999,WHO Triple Billion Indicators
3943,2024,country,478,Mauritania,HEP,1460727.3441700002,WHO Triple Billion Indicators
3944,2024,country,478,Mauritania,HPOP,57281.49798239998,WHO Triple Billion Indicators
3945,2024,country,478,Mauritania,UHC,214814.446722,WHO Triple Billion Indicators
3946,2024,country,480,Mauritius,HEP,-279125.68788,WHO Triple Billion Indicators
3947,2024,country,480,Mauritius,HPOP,-10339.6028597,WHO Triple Billion Indicators
3948,2024,country,480,Mauritius,UHC,-10708.205089530004,WHO Triple Billion Indicators
3949,2024,country,484,Mexico,HEP,-35650188.10699999,WHO Triple Billion Indicators
3950,2024,country,484,Mexico,HPOP,19514854.174415,WHO Triple Billion Indicators
3951,2024,country,484,Mexico,UHC,825764.08535,WHO Triple Billion Indicators
3952,2024,country,583,Micronesia (Federated States of),HEP,34065.398302,WHO Triple Billion Indicators
3953,2024,country,583,Micronesia (Federated States of),HPOP,-2765.377533644,WHO Triple Billion Indicators
3954,2024,country,583,Micronesia (Federated States of),UHC,8664.77657016,WHO Triple Billion Indicators
3955,2024,country,492,Monaco,HEP,-2346.5436979999995,WHO Triple Billion Indicators
3956,2024,country,492,Monaco,HPOP,-11938.807063003002,WHO Triple Billion Indicators
3957,2024,country,492,Monaco,UHC,27.658332047999906,WHO Triple Billion Indicators
3958,2024,country,496,Mongolia,HEP,-758135.75336,WHO Triple Billion Indicators
3959,2024,country,496,Mongolia,HPOP,657210.917867,WHO Triple Billion Indicators
3960,2024,country,496,Mongolia,UHC,-49569.61629200002,WHO Triple Billion Indicators
3961,2024,country,499,Montenegro,HEP,23948.189020000005,WHO Triple Billion Indicators
3962,2024,country,499,Montenegro,HPOP,103755.78142033,WHO Triple Billion Indicators
3963,2024,country,499,Montenegro,UHC,20598.207267,WHO Triple Billion Indicators
3964,2024,country,504,Morocco,HEP,709172.9733399999,WHO Triple Billion Indicators
3965,2024,country,504,Morocco,HPOP,2927154.461716,WHO Triple Billion Indicators
3966,2024,country,504,Morocco,UHC,1223780.066441,WHO Triple Billion Indicators
3967,2024,country,508,Mozambique,HEP,14010597.5799,WHO Triple Billion Indicators
3968,2024,country,508,Mozambique,HPOP,1532668.07794,WHO Triple Billion Indicators
3969,2024,country,508,Mozambique,UHC,3276001.3267894,WHO Triple Billion Indicators
3970,2024,country,104,Myanmar,HEP,-4891564.625,WHO Triple Billion Indicators
3971,2024,country,104,Myanmar,HPOP,16099459.065945001,WHO Triple Billion Indicators
3972,2024,country,104,Myanmar,UHC,2937229.02105,WHO Triple Billion Indicators
3973,2024,country,516,Namibia,HEP,52530.45610000007,WHO Triple Billion Indicators
3974,2024,country,516,Namibia,HPOP,68545.041867,WHO Triple Billion Indicators
3975,2024,country,516,Namibia,UHC,284534.0091569,WHO Triple Billion Indicators
3976,2024,country,520,Nauru,HEP,-342.555976,WHO Triple Billion Indicators
3977,2024,country,520,Nauru,HPOP,-2.481922586000003,WHO Triple Billion Indicators
3978,2024,country,520,Nauru,UHC,607.917026465,WHO Triple Billion Indicators
3979,2024,country,524,Nepal,HEP,13279301.636,WHO Triple Billion Indicators
3980,2024,country,524,Nepal,HPOP,5886052.421066,WHO Triple Billion Indicators
3981,2024,country,524,Nepal,UHC,3245450.67802,WHO Triple Billion Indicators
3982,2024,country,528,Netherlands (Kingdom of the),HEP,-1591163.8460000001,WHO Triple Billion Indicators
3983,2024,country,528,Netherlands (Kingdom of the),HPOP,1198590.42005137,WHO Triple Billion Indicators
3984,2024,country,528,Netherlands (Kingdom of the),UHC,461642.8685907001,WHO Triple Billion Indicators
3985,2024,country,554,New Zealand,HEP,13925.180560000008,WHO Triple Billion Indicators
3986,2024,country,554,New Zealand,HPOP,240592.1684503,WHO Triple Billion Indicators
3987,2024,country,554,New Zealand,UHC,362879.07922263996,WHO Triple Billion Indicators
3988,2024,country,558,Nicaragua,HEP,1441079.1035499999,WHO Triple Billion Indicators
3989,2024,country,558,Nicaragua,HPOP,489368.47414221,WHO Triple Billion Indicators
3990,2024,country,558,Nicaragua,UHC,558964.420902,WHO Triple Billion Indicators
3991,2024,country,562,Niger,HEP,6403492.2807,WHO Triple Billion Indicators
3992,2024,country,562,Niger,HPOP,800715.143732,WHO Triple Billion Indicators
3993,2024,country,562,Niger,UHC,2303305.028076,WHO Triple Billion Indicators
3994,2024,country,566,Nigeria,HEP,5865629.652999999,WHO Triple Billion Indicators
3995,2024,country,566,Nigeria,HPOP,45493813.37512,WHO Triple Billion Indicators
3996,2024,country,566,Nigeria,UHC,12522834.1554,WHO Triple Billion Indicators
3997,2024,country,570,Niue,HEP,-68.973708931,WHO Triple Billion Indicators
3998,2024,country,570,Niue,HPOP,-78.421259969,WHO Triple Billion Indicators
3999,2024,country,570,Niue,UHC,64.615975637,WHO Triple Billion Indicators
4000,2024,country,807,North Macedonia,HEP,-172596.40009,WHO Triple Billion Indicators
4001,2024,country,807,North Macedonia,HPOP,222928.95790749998,WHO Triple Billion Indicators
4002,2024,country,807,North Macedonia,UHC,69914.3519881,WHO Triple Billion Indicators
4003,2024,country,578,Norway,HEP,595114.79995,WHO Triple Billion Indicators
4004,2024,country,578,Norway,HPOP,204641.7870242,WHO Triple Billion Indicators
4005,2024,country,578,Norway,UHC,359011.61759294,WHO Triple Billion Indicators
4006,2024,country,512,Oman,HEP,-788341.18035,WHO Triple Billion Indicators
4007,2024,country,512,Oman,HPOP,-25290.37522619999,WHO Triple Billion Indicators
4008,2024,country,512,Oman,UHC,-64469.70471820001,WHO Triple Billion Indicators
4009,2024,country,586,Pakistan,HEP,25555787.18,WHO Triple Billion Indicators
4010,2024,country,586,Pakistan,HPOP,59977029.38043,WHO Triple Billion Indicators
4011,2024,country,586,Pakistan,UHC,14412093.68557,WHO Triple Billion Indicators
4012,2024,country,585,Palau,HEP,-1156.0967017,WHO Triple Billion Indicators
4013,2024,country,585,Palau,HPOP,-1738.9299536710002,WHO Triple Billion Indicators
4014,2024,country,585,Palau,UHC,359.475901127,WHO Triple Billion Indicators
4015,2024,country,591,Panama,HEP,99345.1482,WHO Triple Billion Indicators
4016,2024,country,591,Panama,HPOP,305410.805415,WHO Triple Billion Indicators
4017,2024,country,591,Panama,UHC,338394.44513300003,WHO Triple Billion Indicators
4018,2024,country,598,Papua New Guinea,HEP,-1467889.7288000002,WHO Triple Billion Indicators
4019,2024,country,598,Papua New Guinea,HPOP,3880.105833000004,WHO Triple Billion Indicators
4020,2024,country,598,Papua New Guinea,UHC,175042.28813300002,WHO Triple Billion Indicators
4021,2024,country,600,Paraguay,HEP,-746906.4104,WHO Triple Billion Indicators
4022,2024,country,600,Paraguay,HPOP,527324.083916,WHO Triple Billion Indicators
4023,2024,country,600,Paraguay,UHC,408942.676518,WHO Triple Billion Indicators
4024,2024,country,604,Peru,HEP,-6926790.489,WHO Triple Billion Indicators
4025,2024,country,604,Peru,HPOP,7412378.943358,WHO Triple Billion Indicators
4026,2024,country,604,Peru,UHC,756981.949788,WHO Triple Billion Indicators
4027,2024,country,608,Philippines,HEP,26537332.601,WHO Triple Billion Indicators
4028,2024,country,608,Philippines,HPOP,12136894.68383,WHO Triple Billion Indicators
4029,2024,country,608,Philippines,UHC,12266393.173799999,WHO Triple Billion Indicators
4030,2024,country,616,Poland,HEP,6859049.311,WHO Triple Billion Indicators
4031,2024,country,616,Poland,HPOP,2960250.011512,WHO Triple Billion Indicators
4032,2024,country,616,Poland,UHC,3019421.895083,WHO Triple Billion Indicators
4033,2024,country,620,Portugal,HEP,1594976.42886,WHO Triple Billion Indicators
4034,2024,country,620,Portugal,HPOP,638273.8827914001,WHO Triple Billion Indicators
4035,2024,country,620,Portugal,UHC,551445.5629269,WHO Triple Billion Indicators
4036,2024,country,634,Qatar,HEP,265077.53529,WHO Triple Billion Indicators
4037,2024,country,634,Qatar,HPOP,178130.3701637,WHO Triple Billion Indicators
4038,2024,country,634,Qatar,UHC,52279.668275,WHO Triple Billion Indicators
4039,2024,country,410,Republic of Korea,HEP,4530213.9815,WHO Triple Billion Indicators
4040,2024,country,410,Republic of Korea,HPOP,4223735.867773999,WHO Triple Billion Indicators
4041,2024,country,410,Republic of Korea,UHC,2684744.967207,WHO Triple Billion Indicators
4042,2024,country,498,Republic of Moldova,HEP,188203.81954,WHO Triple Billion Indicators
4043,2024,country,498,Republic of Moldova,HPOP,198116.84028061002,WHO Triple Billion Indicators
4044,2024,country,498,Republic of Moldova,UHC,124927.49821200002,WHO Triple Billion Indicators
4045,2024,country,642,Romania,HEP,-3264616.5529999994,WHO Triple Billion Indicators
4046,2024,country,642,Romania,HPOP,1922330.0384930002,WHO Triple Billion Indicators
4047,2024,country,642,Romania,UHC,239945.04935100005,WHO Triple Billion Indicators
4048,2024,country,643,Russian Federation,HEP,5049889.5337000005,WHO Triple Billion Indicators
4049,2024,country,643,Russian Federation,HPOP,-14428321.3264,WHO Triple Billion Indicators
4050,2024,country,643,Russian Federation,UHC,2119614.4559100005,WHO Triple Billion Indicators
4051,2024,country,646,Rwanda,HEP,-221193.44849999994,WHO Triple Billion Indicators
4052,2024,country,646,Rwanda,HPOP,1951188.9364,WHO Triple Billion Indicators
4053,2024,country,646,Rwanda,UHC,1253133.509031,WHO Triple Billion Indicators
4054,2024,country,659,Saint Kitts and Nevis,HEP,14621.054457,WHO Triple Billion Indicators
4055,2024,country,659,Saint Kitts and Nevis,HPOP,-1808.0790447319998,WHO Triple Billion Indicators
4056,2024,country,659,Saint Kitts and Nevis,UHC,3737.734844694,WHO Triple Billion Indicators
4057,2024,country,662,Saint Lucia,HEP,-3793.2937570000013,WHO Triple Billion Indicators
4058,2024,country,662,Saint Lucia,HPOP,-6840.888181192,WHO Triple Billion Indicators
4059,2024,country,662,Saint Lucia,UHC,4670.90350188,WHO Triple Billion Indicators
4060,2024,country,670,Saint Vincent and the Grenadines,HEP,21177.536889299998,WHO Triple Billion Indicators
4061,2024,country,670,Saint Vincent and the Grenadines,HPOP,-6339.2220891,WHO Triple Billion Indicators
4062,2024,country,670,Saint Vincent and the Grenadines,UHC,7427.823925828,WHO Triple Billion Indicators
4063,2024,country,882,Samoa,HEP,1718.9161600000007,WHO Triple Billion Indicators
4064,2024,country,882,Samoa,HPOP,2699.7955247299997,WHO Triple Billion Indicators
4065,2024,country,882,Samoa,UHC,10945.84133354,WHO Triple Billion Indicators
4066,2024,country,674,San Marino,HEP,-10968.672908999999,WHO Triple Billion Indicators
4067,2024,country,674,San Marino,HPOP,-9294.812694159,WHO Triple Billion Indicators
4068,2024,country,674,San Marino,UHC,-294.0752012720001,WHO Triple Billion Indicators
4069,2024,country,678,Sao Tome and Principe,HEP,8447.803856999999,WHO Triple Billion Indicators
4070,2024,country,678,Sao Tome and Principe,HPOP,15362.996996009999,WHO Triple Billion Indicators
4071,2024,country,678,Sao Tome and Principe,UHC,19477.9673338,WHO Triple Billion Indicators
4072,2024,country,682,Saudi Arabia,HEP,11469620.2624,WHO Triple Billion Indicators
4073,2024,country,682,Saudi Arabia,HPOP,1306220.2712256,WHO Triple Billion Indicators
4074,2024,country,682,Saudi Arabia,UHC,2643083.786215,WHO Triple Billion Indicators
4075,2024,country,686,Senegal,HEP,2826477.4316,WHO Triple Billion Indicators
4076,2024,country,686,Senegal,HPOP,89918.2138273,WHO Triple Billion Indicators
4077,2024,country,686,Senegal,UHC,1813011.800059,WHO Triple Billion Indicators
4078,2024,country,688,Serbia,HEP,52251.61090000003,WHO Triple Billion Indicators
4079,2024,country,688,Serbia,HPOP,736317.7742919999,WHO Triple Billion Indicators
4080,2024,country,688,Serbia,UHC,-168668.571715,WHO Triple Billion Indicators
4081,2024,country,690,Seychelles,HEP,11465.6887051,WHO Triple Billion Indicators
4082,2024,country,690,Seychelles,HPOP,-3485.97158776,WHO Triple Billion Indicators
4083,2024,country,690,Seychelles,UHC,13558.76677384,WHO Triple Billion Indicators
4084,2024,country,694,Sierra Leone,HEP,2617349.0738000004,WHO Triple Billion Indicators
4085,2024,country,694,Sierra Leone,HPOP,521097.36818,WHO Triple Billion Indicators
4086,2024,country,694,Sierra Leone,UHC,386148.644823,WHO Triple Billion Indicators
4087,2024,country,702,Singapore,HEP,453059.05287,WHO Triple Billion Indicators
4088,2024,country,702,Singapore,HPOP,-4887.86058529999,WHO Triple Billion Indicators
4089,2024,country,702,Singapore,UHC,469593.838706,WHO Triple Billion Indicators
4090,2024,country,703,Slovakia,HEP,-197873.02783,WHO Triple Billion Indicators
4091,2024,country,703,Slovakia,HPOP,207459.60895695,WHO Triple Billion Indicators
4092,2024,country,703,Slovakia,UHC,265482.47276159003,WHO Triple Billion Indicators
4093,2024,country,705,Slovenia,HEP,43000.815910000005,WHO Triple Billion Indicators
4094,2024,country,705,Slovenia,HPOP,208199.86633554002,WHO Triple Billion Indicators
4095,2024,country,705,Slovenia,UHC,113922.101517,WHO Triple Billion Indicators
4096,2024,country,90,Solomon Islands,HEP,161482.58993000002,WHO Triple Billion Indicators
4097,2024,country,90,Solomon Islands,HPOP,-12919.2330972,WHO Triple Billion Indicators
4098,2024,country,90,Solomon Islands,UHC,54038.813850705,WHO Triple Billion Indicators
4099,2024,country,706,Somalia,HEP,1480162.25459,WHO Triple Billion Indicators
4100,2024,country,706,Somalia,HPOP,1164057.26814956,WHO Triple Billion Indicators
4101,2024,country,706,Somalia,UHC,891049.14496641,WHO Triple Billion Indicators
4102,2024,country,710,South Africa,HEP,9568350.177000001,WHO Triple Billion Indicators
4103,2024,country,710,South Africa,HPOP,3475144.95669,WHO Triple Billion Indicators
4104,2024,country,710,South Africa,UHC,5357354.40632,WHO Triple Billion Indicators
4105,2024,country,728,South Sudan,HEP,400647.1374,WHO Triple Billion Indicators
4106,2024,country,728,South Sudan,HPOP,59983.025731899994,WHO Triple Billion Indicators
4107,2024,country,728,South Sudan,UHC,549863.236728,WHO Triple Billion Indicators
4108,2024,country,724,Spain,HEP,-501696.18120999995,WHO Triple Billion Indicators
4109,2024,country,724,Spain,HPOP,3498555.119629,WHO Triple Billion Indicators
4110,2024,country,724,Spain,UHC,908965.2856554001,WHO Triple Billion Indicators
4111,2024,country,144,Sri Lanka,HEP,7206017.1102,WHO Triple Billion Indicators
4112,2024,country,144,Sri Lanka,HPOP,830846.1737656001,WHO Triple Billion Indicators
4113,2024,country,144,Sri Lanka,UHC,2064736.194451,WHO Triple Billion Indicators
4114,2024,country,729,Sudan,HEP,-9457035.9691,WHO Triple Billion Indicators
4115,2024,country,729,Sudan,HPOP,6963602.922474,WHO Triple Billion Indicators
4116,2024,country,729,Sudan,UHC,1997398.174202,WHO Triple Billion Indicators
4117,2024,country,740,Suriname,HEP,-278109.30745,WHO Triple Billion Indicators
4118,2024,country,740,Suriname,HPOP,-9024.44346079,WHO Triple Billion Indicators
4119,2024,country,740,Suriname,UHC,4516.871180099998,WHO Triple Billion Indicators
4120,2024,country,752,Sweden,HEP,-184877.30605999997,WHO Triple Billion Indicators
4121,2024,country,752,Sweden,HPOP,757717.8574501,WHO Triple Billion Indicators
4122,2024,country,752,Sweden,UHC,407000.7971306001,WHO Triple Billion Indicators
4123,2024,country,756,Switzerland,HEP,-472634.59219999996,WHO Triple Billion Indicators
4124,2024,country,756,Switzerland,HPOP,399346.1593348,WHO Triple Billion Indicators
4125,2024,country,756,Switzerland,UHC,391032.28109203,WHO Triple Billion Indicators
4126,2024,country,760,Syrian Arab Republic,HEP,-6913287.38,WHO Triple Billion Indicators
4127,2024,country,760,Syrian Arab Republic,HPOP,-1268547.124994,WHO Triple Billion Indicators
4128,2024,country,760,Syrian Arab Republic,UHC,1488842.00229,WHO Triple Billion Indicators
4129,2024,country,762,Tajikistan,HEP,1311693.98758,WHO Triple Billion Indicators
4130,2024,country,762,Tajikistan,HPOP,1781669.0226770001,WHO Triple Billion Indicators
4131,2024,country,762,Tajikistan,UHC,1156329.0455773,WHO Triple Billion Indicators
4132,2024,country,764,Thailand,HEP,9971531.7112,WHO Triple Billion Indicators
4133,2024,country,764,Thailand,HPOP,5365316.852624,WHO Triple Billion Indicators
4134,2024,country,764,Thailand,UHC,7295541.642852999,WHO Triple Billion Indicators
4135,2024,country,626,Timor-Leste,HEP,621466.8938,WHO Triple Billion Indicators
4136,2024,country,626,Timor-Leste,HPOP,134908.2152895,WHO Triple Billion Indicators
4137,2024,country,626,Timor-Leste,UHC,164480.2015004,WHO Triple Billion Indicators
4138,2024,country,768,Togo,HEP,2721913.92001,WHO Triple Billion Indicators
4139,2024,country,768,Togo,HPOP,881031.7981129999,WHO Triple Billion Indicators
4140,2024,country,768,Togo,UHC,589427.3167900001,WHO Triple Billion Indicators
4141,2024,country,776,Tonga,HEP,16375.592456999999,WHO Triple Billion Indicators
4142,2024,country,776,Tonga,HPOP,2635.9784868400006,WHO Triple Billion Indicators
4143,2024,country,776,Tonga,UHC,6983.368909914,WHO Triple Billion Indicators
4144,2024,country,780,Trinidad and Tobago,HEP,438454.26382,WHO Triple Billion Indicators
4145,2024,country,780,Trinidad and Tobago,HPOP,-34081.350572799995,WHO Triple Billion Indicators
4146,2024,country,780,Trinidad and Tobago,UHC,114989.3322553,WHO Triple Billion Indicators
4147,2024,country,788,Tunisia,HEP,1790979.87464,WHO Triple Billion Indicators
4148,2024,country,788,Tunisia,HPOP,476105.49034320004,WHO Triple Billion Indicators
4149,2024,country,788,Tunisia,UHC,397509.62396139995,WHO Triple Billion Indicators
4150,2024,country,795,Turkmenistan,HEP,1096784.2671,WHO Triple Billion Indicators
4151,2024,country,795,Turkmenistan,HPOP,476416.0435407,WHO Triple Billion Indicators
4152,2024,country,795,Turkmenistan,UHC,338209.0888643,WHO Triple Billion Indicators
4153,2024,country,798,Tuvalu,HEP,1624.5526919000001,WHO Triple Billion Indicators
4154,2024,country,798,Tuvalu,HPOP,249.76535329000004,WHO Triple Billion Indicators
4155,2024,country,798,Tuvalu,UHC,643.159932638,WHO Triple Billion Indicators
4156,2024,country,792,Türkiye,HEP,8725345.014,WHO Triple Billion Indicators
4157,2024,country,792,Türkiye,HPOP,10457074.53977,WHO Triple Billion Indicators
4158,2024,country,792,Türkiye,UHC,6813969.90804,WHO Triple Billion Indicators
4159,2024,country,800,Uganda,HEP,9972077.316,WHO Triple Billion Indicators
4160,2024,country,800,Uganda,HPOP,3154136.2285200004,WHO Triple Billion Indicators
4161,2024,country,800,Uganda,UHC,4153746.5751900002,WHO Triple Billion Indicators
4162,2024,country,804,Ukraine,HEP,-5311164.993000001,WHO Triple Billion Indicators
4163,2024,country,804,Ukraine,HPOP,697770.39672,WHO Triple Billion Indicators
4164,2024,country,804,Ukraine,UHC,-2440567.04814,WHO Triple Billion Indicators
4165,2024,country,784,United Arab Emirates,HEP,449225.00682,WHO Triple Billion Indicators
4166,2024,country,784,United Arab Emirates,HPOP,566137.4025087,WHO Triple Billion Indicators
4167,2024,country,784,United Arab Emirates,UHC,467606.6682924,WHO Triple Billion Indicators
4168,2024,country,826,United Kingdom of Great Britain and Northern Ireland,HEP,2402125.5886999997,WHO Triple Billion Indicators
4169,2024,country,826,United Kingdom of Great Britain and Northern Ireland,HPOP,4431655.77981,WHO Triple Billion Indicators
4170,2024,country,826,United Kingdom of Great Britain and Northern Ireland,UHC,3212407.503912,WHO Triple Billion Indicators
4171,2024,country,834,United Republic of Tanzania,HEP,15892363.78,WHO Triple Billion Indicators
4172,2024,country,834,United Republic of Tanzania,HPOP,7258555.139628001,WHO Triple Billion Indicators
4173,2024,country,834,United Republic of Tanzania,UHC,6915796.227539,WHO Triple Billion Indicators
4174,2024,country,840,United States of America,HEP,9836672.704020001,WHO Triple Billion Indicators
4175,2024,country,840,United States of America,HPOP,7493159.5647,WHO Triple Billion Indicators
4176,2024,country,840,United States of America,UHC,13227860.81605,WHO Triple Billion Indicators
4177,2024,country,858,Uruguay,HEP,-727921.7585400001,WHO Triple Billion Indicators
4178,2024,country,858,Uruguay,HPOP,25995.07608340001,WHO Triple Billion Indicators
4179,2024,country,858,Uruguay,UHC,-223439.1477898,WHO Triple Billion Indicators
4180,2024,country,860,Uzbekistan,HEP,15167037.082200002,WHO Triple Billion Indicators
4181,2024,country,860,Uzbekistan,HPOP,3044659.6324600005,WHO Triple Billion Indicators
4182,2024,country,860,Uzbekistan,UHC,5186144.84921,WHO Triple Billion Indicators
4183,2024,country,548,Vanuatu,HEP,120832.54716,WHO Triple Billion Indicators
4184,2024,country,548,Vanuatu,HPOP,-17615.04806433,WHO Triple Billion Indicators
4185,2024,country,548,Vanuatu,UHC,22152.53998813,WHO Triple Billion Indicators
4186,2024,country,862,Venezuela (Bolivarian Republic of),HEP,1183390.648,WHO Triple Billion Indicators
4187,2024,country,862,Venezuela (Bolivarian Republic of),HPOP,367348.95085399994,WHO Triple Billion Indicators
4188,2024,country,862,Venezuela (Bolivarian Republic of),UHC,1020570.736287,WHO Triple Billion Indicators
4189,2024,country,704,Viet Nam,HEP,-15317761.37,WHO Triple Billion Indicators
4190,2024,country,704,Viet Nam,HPOP,12823972.64876,WHO Triple Billion Indicators
4191,2024,country,704,Viet Nam,UHC,8997984.78724,WHO Triple Billion Indicators
4192,2024,country,887,Yemen,HEP,-2648349.2211999996,WHO Triple Billion Indicators
4193,2024,country,887,Yemen,HPOP,-757369.184209,WHO Triple Billion Indicators
4194,2024,country,887,Yemen,UHC,1420557.46871,WHO Triple Billion Indicators
4195,2024,country,894,Zambia,HEP,2212659.886,WHO Triple Billion Indicators
4196,2024,country,894,Zambia,HPOP,-38134.73730499999,WHO Triple Billion Indicators
4197,2024,country,894,Zambia,UHC,2249415.60511,WHO Triple Billion Indicators
4198,2024,country,716,Zimbabwe,HEP,3516197.9118200005,WHO Triple Billion Indicators
4199,2024,country,716,Zimbabwe,HPOP,-334073.40979500004,WHO Triple Billion Indicators
4200,2024,country,716,Zimbabwe,UHC,1358219.879004,WHO Triple Billion Indicators
4201,2024,global,1,World,HEP,733552425.3180001,WHO Triple Billion Indicators
4202,2024,global,1,World,HPOP,1377355577.0337,WHO Triple Billion Indicators
4203,2024,global,1,World,UHC,513292968.8226,WHO Triple Billion Indicators
4204,2024,who_region,953,Africa,HEP,208427754.73999998,WHO Triple Billion Indicators
4205,2024,who_region,953,Africa,HPOP,101505410.074,WHO Triple Billion Indicators
4206,2024,who_region,953,Africa,UHC,89675772.2748,WHO Triple Billion Indicators
4207,2024,who_region,954,Americas,HEP,-24606688.569999997,WHO Triple Billion Indicators
4208,2024,who_region,954,Americas,HPOP,61807689.266049996,WHO Triple Billion Indicators
4209,2024,who_region,954,Americas,UHC,27988503.698000003,WHO Triple Billion Indicators
4210,2024,who_region,957,Eastern Mediterranean,HEP,32566840.4,WHO Triple Billion Indicators
4211,2024,who_region,957,Eastern Mediterranean,HPOP,78783461.46086,WHO Triple Billion Indicators
4212,2024,who_region,957,Eastern Mediterranean,UHC,39659834.3533,WHO Triple Billion Indicators
4213,2024,who_region,956,Europe,HEP,42223489.485,WHO Triple Billion Indicators
4214,2024,who_region,956,Europe,HPOP,49263447.963915,WHO Triple Billion Indicators
4215,2024,who_region,956,Europe,UHC,33844650.48028,WHO Triple Billion Indicators
4216,2024,who_region,955,South-East Asia,HEP,413965441.40000004,WHO Triple Billion Indicators
4217,2024,who_region,955,South-East Asia,HPOP,722420931.96049,WHO Triple Billion Indicators
4218,2024,who_region,955,South-East Asia,UHC,215254465.21,WHO Triple Billion Indicators
4219,2024,who_region,958,Western Pacific,HEP,60975587.988,WHO Triple Billion Indicators
4220,2024,who_region,958,Western Pacific,HPOP,363574636.27731997,WHO Triple Billion Indicators
4221,2024,who_region,958,Western Pacific,UHC,106869742.86,WHO Triple Billion Indicators
4222,2025,country,4,Afghanistan,HEP,7977389.826,WHO Triple Billion Indicators
4223,2025,country,4,Afghanistan,HPOP,10629170.946233999,WHO Triple Billion Indicators
4224,2025,country,4,Afghanistan,UHC,1214087.98159,WHO Triple Billion Indicators
4225,2025,country,8,Albania,HEP,1103617.10027,WHO Triple Billion Indicators
4226,2025,country,8,Albania,HPOP,661764.2072809399,WHO Triple Billion Indicators
4227,2025,country,8,Albania,UHC,419299.1416321,WHO Triple Billion Indicators
4228,2025,country,12,Algeria,HEP,-7938083.526,WHO Triple Billion Indicators
4229,2025,country,12,Algeria,HPOP,-4244113.808569999,WHO Triple Billion Indicators
4230,2025,country,12,Algeria,UHC,1489012.544025,WHO Triple Billion Indicators
4231,2025,country,20,Andorra,HEP,14660.788689699999,WHO Triple Billion Indicators
4232,2025,country,20,Andorra,HPOP,-16549.447586475002,WHO Triple Billion Indicators
4233,2025,country,20,Andorra,UHC,5468.7701272,WHO Triple Billion Indicators
4234,2025,country,24,Angola,HEP,2492854.4450000003,WHO Triple Billion Indicators
4235,2025,country,24,Angola,HPOP,-1582504.65483,WHO Triple Billion Indicators
4236,2025,country,24,Angola,UHC,2665506.944389,WHO Triple Billion Indicators
4237,2025,country,28,Antigua and Barbuda,HEP,24386.962712200002,WHO Triple Billion Indicators
4238,2025,country,28,Antigua and Barbuda,HPOP,-10649.888082062,WHO Triple Billion Indicators
4239,2025,country,28,Antigua and Barbuda,UHC,8770.487384135999,WHO Triple Billion Indicators
4240,2025,country,32,Argentina,HEP,1003624.3880000003,WHO Triple Billion Indicators
4241,2025,country,32,Argentina,HPOP,-1197807.6556799996,WHO Triple Billion Indicators
4242,2025,country,32,Argentina,UHC,2489039.6018381002,WHO Triple Billion Indicators
4243,2025,country,51,Armenia,HEP,171065.71445,WHO Triple Billion Indicators
4244,2025,country,51,Armenia,HPOP,151136.3821002,WHO Triple Billion Indicators
4245,2025,country,51,Armenia,UHC,119322.89392745,WHO Triple Billion Indicators
4246,2025,country,36,Australia,HEP,605620.5167999999,WHO Triple Billion Indicators
4247,2025,country,36,Australia,HPOP,-495511.890363,WHO Triple Billion Indicators
4248,2025,country,36,Australia,UHC,1982032.81838853,WHO Triple Billion Indicators
4249,2025,country,40,Austria,HEP,1725639.937328,WHO Triple Billion Indicators
4250,2025,country,40,Austria,HPOP,738239.6345383,WHO Triple Billion Indicators
4251,2025,country,40,Austria,UHC,896882.6399591201,WHO Triple Billion Indicators
4252,2025,country,31,Azerbaijan,HEP,264033.3232,WHO Triple Billion Indicators
4253,2025,country,31,Azerbaijan,HPOP,1061065.732885,WHO Triple Billion Indicators
4254,2025,country,31,Azerbaijan,UHC,912096.566813,WHO Triple Billion Indicators
4255,2025,country,44,Bahamas,HEP,40627.421050000004,WHO Triple Billion Indicators
4256,2025,country,44,Bahamas,HPOP,-6886.422530589999,WHO Triple Billion Indicators
4257,2025,country,44,Bahamas,UHC,15918.60950405,WHO Triple Billion Indicators
4258,2025,country,48,Bahrain,HEP,-68187.72736499998,WHO Triple Billion Indicators
4259,2025,country,48,Bahrain,HPOP,78167.58857612,WHO Triple Billion Indicators
4260,2025,country,48,Bahrain,UHC,91299.539343193,WHO Triple Billion Indicators
4261,2025,country,50,Bangladesh,HEP,34151837.862,WHO Triple Billion Indicators
4262,2025,country,50,Bangladesh,HPOP,43811773.098,WHO Triple Billion Indicators
4263,2025,country,50,Bangladesh,UHC,12569104.147410002,WHO Triple Billion Indicators
4264,2025,country,52,Barbados,HEP,12538.462679999997,WHO Triple Billion Indicators
4265,2025,country,52,Barbados,HPOP,-18319.219563988,WHO Triple Billion Indicators
4266,2025,country,52,Barbados,UHC,12198.752614800002,WHO Triple Billion Indicators
4267,2025,country,112,Belarus,HEP,411514.21989,WHO Triple Billion Indicators
4268,2025,country,112,Belarus,HPOP,178780.99097219994,WHO Triple Billion Indicators
4269,2025,country,112,Belarus,UHC,-138743.5911199,WHO Triple Billion Indicators
4270,2025,country,56,Belgium,HEP,-3440549.42634,WHO Triple Billion Indicators
4271,2025,country,56,Belgium,HPOP,1188589.826362,WHO Triple Billion Indicators
4272,2025,country,56,Belgium,UHC,-324885.698473751,WHO Triple Billion Indicators
4273,2025,country,84,Belize,HEP,93782.08076,WHO Triple Billion Indicators
4274,2025,country,84,Belize,HPOP,-22396.6363184,WHO Triple Billion Indicators
4275,2025,country,84,Belize,UHC,28673.4225253,WHO Triple Billion Indicators
4276,2025,country,204,Benin,HEP,2012894.9763,WHO Triple Billion Indicators
4277,2025,country,204,Benin,HPOP,6878.967600999991,WHO Triple Billion Indicators
4278,2025,country,204,Benin,UHC,747736.3775742,WHO Triple Billion Indicators
4279,2025,country,64,Bhutan,HEP,142957.165785,WHO Triple Billion Indicators
4280,2025,country,64,Bhutan,HPOP,239846.26802425,WHO Triple Billion Indicators
4281,2025,country,64,Bhutan,UHC,80871.160212,WHO Triple Billion Indicators
4282,2025,country,68,Bolivia (Plurinational State of),HEP,633906.6527000004,WHO Triple Billion Indicators
4283,2025,country,68,Bolivia (Plurinational State of),HPOP,402913.29123000003,WHO Triple Billion Indicators
4284,2025,country,68,Bolivia (Plurinational State of),UHC,1457005.098702,WHO Triple Billion Indicators
4285,2025,country,70,Bosnia and Herzegovina,HEP,-20639.048699999985,WHO Triple Billion Indicators
4286,2025,country,70,Bosnia and Herzegovina,HPOP,484852.06274399994,WHO Triple Billion Indicators
4287,2025,country,70,Bosnia and Herzegovina,UHC,-49860.66028549998,WHO Triple Billion Indicators
4288,2025,country,72,Botswana,HEP,947345.115399,WHO Triple Billion Indicators
4289,2025,country,72,Botswana,HPOP,120250.200279,WHO Triple Billion Indicators
4290,2025,country,72,Botswana,UHC,245220.085761,WHO Triple Billion Indicators
4291,2025,country,76,Brazil,HEP,-265838.4539999999,WHO Triple Billion Indicators
4292,2025,country,76,Brazil,HPOP,21468474.951097,WHO Triple Billion Indicators
4293,2025,country,76,Brazil,UHC,-1286252.8082400006,WHO Triple Billion Indicators
4294,2025,country,96,Brunei Darussalam,HEP,41731.286402,WHO Triple Billion Indicators
4295,2025,country,96,Brunei Darussalam,HPOP,-20297.8016633,WHO Triple Billion Indicators
4296,2025,country,96,Brunei Darussalam,UHC,22759.706165441,WHO Triple Billion Indicators
4297,2025,country,100,Bulgaria,HEP,1181454.61324,WHO Triple Billion Indicators
4298,2025,country,100,Bulgaria,HPOP,917877.7897645,WHO Triple Billion Indicators
4299,2025,country,100,Bulgaria,UHC,395101.63334989996,WHO Triple Billion Indicators
4300,2025,country,854,Burkina Faso,HEP,12483639.11262,WHO Triple Billion Indicators
4301,2025,country,854,Burkina Faso,HPOP,2238263.835055,WHO Triple Billion Indicators
4302,2025,country,854,Burkina Faso,UHC,2500106.54225,WHO Triple Billion Indicators
4303,2025,country,108,Burundi,HEP,5309423.019970001,WHO Triple Billion Indicators
4304,2025,country,108,Burundi,HPOP,21494.061549600006,WHO Triple Billion Indicators
4305,2025,country,108,Burundi,UHC,1231233.3971009501,WHO Triple Billion Indicators
4306,2025,country,132,Cabo Verde,HEP,176650.15234000003,WHO Triple Billion Indicators
4307,2025,country,132,Cabo Verde,HPOP,10107.793795560001,WHO Triple Billion Indicators
4308,2025,country,132,Cabo Verde,UHC,67628.77821,WHO Triple Billion Indicators
4309,2025,country,116,Cambodia,HEP,5098976.6443,WHO Triple Billion Indicators
4310,2025,country,116,Cambodia,HPOP,5083826.964084,WHO Triple Billion Indicators
4311,2025,country,116,Cambodia,UHC,1981043.41276,WHO Triple Billion Indicators
4312,2025,country,120,Cameroon,HEP,2797299.927,WHO Triple Billion Indicators
4313,2025,country,120,Cameroon,HPOP,-630768.10036,WHO Triple Billion Indicators
4314,2025,country,120,Cameroon,UHC,2646627.169731,WHO Triple Billion Indicators
4315,2025,country,124,Canada,HEP,-599772.8178999999,WHO Triple Billion Indicators
4316,2025,country,124,Canada,HPOP,2234795.252382,WHO Triple Billion Indicators
4317,2025,country,124,Canada,UHC,3045658.890371,WHO Triple Billion Indicators
4318,2025,country,140,Central African Republic,HEP,3620013.4742,WHO Triple Billion Indicators
4319,2025,country,140,Central African Republic,HPOP,-348618.050616,WHO Triple Billion Indicators
4320,2025,country,140,Central African Republic,UHC,447223.2533459,WHO Triple Billion Indicators
4321,2025,country,148,Chad,HEP,6056190.0576,WHO Triple Billion Indicators
4322,2025,country,148,Chad,HPOP,1300557.99563,WHO Triple Billion Indicators
4323,2025,country,148,Chad,UHC,1004727.5266139,WHO Triple Billion Indicators
4324,2025,country,152,Chile,HEP,1839246.7142000003,WHO Triple Billion Indicators
4325,2025,country,152,Chile,HPOP,368588.5218839999,WHO Triple Billion Indicators
4326,2025,country,152,Chile,UHC,-163649.73558990002,WHO Triple Billion Indicators
4327,2025,country,156,China,HEP,29658833.055000003,WHO Triple Billion Indicators
4328,2025,country,156,China,HPOP,358237803.1718,WHO Triple Billion Indicators
4329,2025,country,156,China,UHC,78072177.0708,WHO Triple Billion Indicators
4330,2025,country,170,Colombia,HEP,8485530.776700001,WHO Triple Billion Indicators
4331,2025,country,170,Colombia,HPOP,2750248.59433,WHO Triple Billion Indicators
4332,2025,country,170,Colombia,UHC,4177176.10129,WHO Triple Billion Indicators
4333,2025,country,174,Comoros,HEP,337902.67257,WHO Triple Billion Indicators
4334,2025,country,174,Comoros,HPOP,53744.1151112,WHO Triple Billion Indicators
4335,2025,country,174,Comoros,UHC,86545.83387762,WHO Triple Billion Indicators
4336,2025,country,178,Congo,HEP,421989.64688,WHO Triple Billion Indicators
4337,2025,country,178,Congo,HPOP,543595.4484004,WHO Triple Billion Indicators
4338,2025,country,178,Congo,UHC,454860.668899,WHO Triple Billion Indicators
4339,2025,country,184,Cook Islands,HEP,835.9517866999998,WHO Triple Billion Indicators
4340,2025,country,184,Cook Islands,HPOP,-3152.7607198640003,WHO Triple Billion Indicators
4341,2025,country,184,Cook Islands,UHC,-62.77800024299998,WHO Triple Billion Indicators
4342,2025,country,188,Costa Rica,HEP,-284807.513277,WHO Triple Billion Indicators
4343,2025,country,188,Costa Rica,HPOP,122993.19308149998,WHO Triple Billion Indicators
4344,2025,country,188,Costa Rica,UHC,223352.9476604,WHO Triple Billion Indicators
4345,2025,country,191,Croatia,HEP,351011.23036000005,WHO Triple Billion Indicators
4346,2025,country,191,Croatia,HPOP,144480.0153134,WHO Triple Billion Indicators
4347,2025,country,191,Croatia,UHC,111943.42716900002,WHO Triple Billion Indicators
4348,2025,country,192,Cuba,HEP,-1096494.74892,WHO Triple Billion Indicators
4349,2025,country,192,Cuba,HPOP,347793.16618109995,WHO Triple Billion Indicators
4350,2025,country,192,Cuba,UHC,-158998.65951680002,WHO Triple Billion Indicators
4351,2025,country,196,Cyprus,HEP,-120268.48019,WHO Triple Billion Indicators
4352,2025,country,196,Cyprus,HPOP,84725.9470147,WHO Triple Billion Indicators
4353,2025,country,196,Cyprus,UHC,94427.27190022,WHO Triple Billion Indicators
4354,2025,country,203,Czechia,HEP,2127914.4028499997,WHO Triple Billion Indicators
4355,2025,country,203,Czechia,HPOP,1000807.99180032,WHO Triple Billion Indicators
4356,2025,country,203,Czechia,UHC,409640.9572765601,WHO Triple Billion Indicators
4357,2025,country,384,Côte d'Ivoire,HEP,7077413.9252,WHO Triple Billion Indicators
4358,2025,country,384,Côte d'Ivoire,HPOP,3991171.475529,WHO Triple Billion Indicators
4359,2025,country,384,Côte d'Ivoire,UHC,2010909.27056,WHO Triple Billion Indicators
4360,2025,country,408,Democratic People's Republic of Korea,HEP,4921945.336499999,WHO Triple Billion Indicators
4361,2025,country,408,Democratic People's Republic of Korea,HPOP,2614626.8132371,WHO Triple Billion Indicators
4362,2025,country,408,Democratic People's Republic of Korea,UHC,2087512.4284907,WHO Triple Billion Indicators
4363,2025,country,180,Democratic Republic of the Congo,HEP,34792213.697000004,WHO Triple Billion Indicators
4364,2025,country,180,Democratic Republic of the Congo,HPOP,-219921.34492000027,WHO Triple Billion Indicators
4365,2025,country,180,Democratic Republic of the Congo,UHC,9771860.98579,WHO Triple Billion Indicators
4366,2025,country,208,Denmark,HEP,229997.8218,WHO Triple Billion Indicators
4367,2025,country,208,Denmark,HPOP,413802.203881,WHO Triple Billion Indicators
4368,2025,country,208,Denmark,UHC,370330.73624223203,WHO Triple Billion Indicators
4369,2025,country,262,Djibouti,HEP,153910.58683,WHO Triple Billion Indicators
4370,2025,country,262,Djibouti,HPOP,48804.104646399996,WHO Triple Billion Indicators
4371,2025,country,262,Djibouti,UHC,71546.496963,WHO Triple Billion Indicators
4372,2025,country,212,Dominica,HEP,-8716.691952899999,WHO Triple Billion Indicators
4373,2025,country,212,Dominica,HPOP,-3488.351387539,WHO Triple Billion Indicators
4374,2025,country,212,Dominica,UHC,2767.63534991,WHO Triple Billion Indicators
4375,2025,country,214,Dominican Republic,HEP,3942397.4306000005,WHO Triple Billion Indicators
4376,2025,country,214,Dominican Republic,HPOP,-514130.76316719997,WHO Triple Billion Indicators
4377,2025,country,214,Dominican Republic,UHC,1033411.305091,WHO Triple Billion Indicators
4378,2025,country,218,Ecuador,HEP,-5510004.0519,WHO Triple Billion Indicators
4379,2025,country,218,Ecuador,HPOP,-310731.882928,WHO Triple Billion Indicators
4380,2025,country,218,Ecuador,UHC,947174.192606,WHO Triple Billion Indicators
4381,2025,country,818,Egypt,HEP,7917440.4059999995,WHO Triple Billion Indicators
4382,2025,country,818,Egypt,HPOP,-4852601.9915269995,WHO Triple Billion Indicators
4383,2025,country,818,Egypt,UHC,5433055.125918,WHO Triple Billion Indicators
4384,2025,country,222,El Salvador,HEP,-1548300.9293999998,WHO Triple Billion Indicators
4385,2025,country,222,El Salvador,HPOP,303866.58274600003,WHO Triple Billion Indicators
4386,2025,country,222,El Salvador,UHC,-59518.322682999984,WHO Triple Billion Indicators
4387,2025,country,226,Equatorial Guinea,HEP,808636.92432,WHO Triple Billion Indicators
4388,2025,country,226,Equatorial Guinea,HPOP,-21282.1789791,WHO Triple Billion Indicators
4389,2025,country,226,Equatorial Guinea,UHC,177443.5958858,WHO Triple Billion Indicators
4390,2025,country,232,Eritrea,HEP,2720027.757,WHO Triple Billion Indicators
4391,2025,country,232,Eritrea,HPOP,73387.15134299999,WHO Triple Billion Indicators
4392,2025,country,232,Eritrea,UHC,305333.68624896003,WHO Triple Billion Indicators
4393,2025,country,233,Estonia,HEP,61499.769589999996,WHO Triple Billion Indicators
4394,2025,country,233,Estonia,HPOP,45664.7630904,WHO Triple Billion Indicators
4395,2025,country,233,Estonia,UHC,21616.464018100007,WHO Triple Billion Indicators
4396,2025,country,748,Eswatini,HEP,-362260.46703999996,WHO Triple Billion Indicators
4397,2025,country,748,Eswatini,HPOP,94886.71783100002,WHO Triple Billion Indicators
4398,2025,country,748,Eswatini,UHC,67590.5934988,WHO Triple Billion Indicators
4399,2025,country,231,Ethiopia,HEP,38438834.8721,WHO Triple Billion Indicators
4400,2025,country,231,Ethiopia,HPOP,12423740.243970001,WHO Triple Billion Indicators
4401,2025,country,231,Ethiopia,UHC,12430470.46798,WHO Triple Billion Indicators
4402,2025,country,242,Fiji,HEP,-219994.57442,WHO Triple Billion Indicators
4403,2025,country,242,Fiji,HPOP,89616.5018821,WHO Triple Billion Indicators
4404,2025,country,242,Fiji,UHC,9591.45855839,WHO Triple Billion Indicators
4405,2025,country,246,Finland,HEP,-272825.1246,WHO Triple Billion Indicators
4406,2025,country,246,Finland,HPOP,360116.7323322,WHO Triple Billion Indicators
4407,2025,country,246,Finland,UHC,46644.024906888,WHO Triple Billion Indicators
4408,2025,country,250,France,HEP,7828464.737,WHO Triple Billion Indicators
4409,2025,country,250,France,HPOP,6023157.000123,WHO Triple Billion Indicators
4410,2025,country,250,France,UHC,1978245.9680593,WHO Triple Billion Indicators
4411,2025,country,266,Gabon,HEP,258247.47658999998,WHO Triple Billion Indicators
4412,2025,country,266,Gabon,HPOP,12101.431716999994,WHO Triple Billion Indicators
4413,2025,country,266,Gabon,UHC,153438.952176,WHO Triple Billion Indicators
4414,2025,country,270,Gambia,HEP,715342.6353600001,WHO Triple Billion Indicators
4415,2025,country,270,Gambia,HPOP,32433.37202369998,WHO Triple Billion Indicators
4416,2025,country,270,Gambia,UHC,232307.9333032,WHO Triple Billion Indicators
4417,2025,country,268,Georgia,HEP,-713339.1976999999,WHO Triple Billion Indicators
4418,2025,country,268,Georgia,HPOP,114960.68270500006,WHO Triple Billion Indicators
4419,2025,country,268,Georgia,UHC,-143320.82350179998,WHO Triple Billion Indicators
4420,2025,country,276,Germany,HEP,-4497712.977200001,WHO Triple Billion Indicators
4421,2025,country,276,Germany,HPOP,8876748.700501,WHO Triple Billion Indicators
4422,2025,country,276,Germany,UHC,1194352.5790867,WHO Triple Billion Indicators
4423,2025,country,288,Ghana,HEP,3906622.1264000004,WHO Triple Billion Indicators
4424,2025,country,288,Ghana,HPOP,9503348.81349,WHO Triple Billion Indicators
4425,2025,country,288,Ghana,UHC,3395418.432978,WHO Triple Billion Indicators
4426,2025,country,300,Greece,HEP,2546276.63177,WHO Triple Billion Indicators
4427,2025,country,300,Greece,HPOP,1220463.9477868,WHO Triple Billion Indicators
4428,2025,country,300,Greece,UHC,602279.698882,WHO Triple Billion Indicators
4429,2025,country,308,Grenada,HEP,-39127.240770000004,WHO Triple Billion Indicators
4430,2025,country,308,Grenada,HPOP,-10109.449585252,WHO Triple Billion Indicators
4431,2025,country,308,Grenada,UHC,963.5211695899999,WHO Triple Billion Indicators
4432,2025,country,320,Guatemala,HEP,-7228378.049500001,WHO Triple Billion Indicators
4433,2025,country,320,Guatemala,HPOP,1442636.83221639,WHO Triple Billion Indicators
4434,2025,country,320,Guatemala,UHC,724715.84208,WHO Triple Billion Indicators
4435,2025,country,324,Guinea,HEP,-638510.8862000001,WHO Triple Billion Indicators
4436,2025,country,324,Guinea,HPOP,-256858.30972000002,WHO Triple Billion Indicators
4437,2025,country,324,Guinea,UHC,1026695.369374,WHO Triple Billion Indicators
4438,2025,country,624,Guinea-Bissau,HEP,90695.19064,WHO Triple Billion Indicators
4439,2025,country,624,Guinea-Bissau,HPOP,164964.6276709,WHO Triple Billion Indicators
4440,2025,country,624,Guinea-Bissau,UHC,107586.65367451,WHO Triple Billion Indicators
4441,2025,country,328,Guyana,HEP,-40769.093418000004,WHO Triple Billion Indicators
4442,2025,country,328,Guyana,HPOP,24461.379956260003,WHO Triple Billion Indicators
4443,2025,country,328,Guyana,UHC,64016.6736996,WHO Triple Billion Indicators
4444,2025,country,332,Haiti,HEP,3858548.5825000005,WHO Triple Billion Indicators
4445,2025,country,332,Haiti,HPOP,-37686.72073500001,WHO Triple Billion Indicators
4446,2025,country,332,Haiti,UHC,903945.41056,WHO Triple Billion Indicators
4447,2025,country,340,Honduras,HEP,3033701.721999999,WHO Triple Billion Indicators
4448,2025,country,340,Honduras,HPOP,1294876.9221959999,WHO Triple Billion Indicators
4449,2025,country,340,Honduras,UHC,1222887.065422,WHO Triple Billion Indicators
4450,2025,country,348,Hungary,HEP,866942.77487,WHO Triple Billion Indicators
4451,2025,country,348,Hungary,HPOP,1117172.380525,WHO Triple Billion Indicators
4452,2025,country,348,Hungary,UHC,790981.3049741,WHO Triple Billion Indicators
4453,2025,country,352,Iceland,HEP,-46487.28329000001,WHO Triple Billion Indicators
4454,2025,country,352,Iceland,HPOP,16509.57181929,WHO Triple Billion Indicators
4455,2025,country,352,Iceland,UHC,17328.660024307002,WHO Triple Billion Indicators
4456,2025,country,356,India,HEP,338612896.65999997,WHO Triple Billion Indicators
4457,2025,country,356,India,HPOP,677318957.0245,WHO Triple Billion Indicators
4458,2025,country,356,India,UHC,173997382.167,WHO Triple Billion Indicators
4459,2025,country,360,Indonesia,HEP,46962560.242300004,WHO Triple Billion Indicators
4460,2025,country,360,Indonesia,HPOP,32443215.031349998,WHO Triple Billion Indicators
4461,2025,country,360,Indonesia,UHC,39278539.0622,WHO Triple Billion Indicators
4462,2025,country,364,Iran (Islamic Republic of),HEP,3481852.8063,WHO Triple Billion Indicators
4463,2025,country,364,Iran (Islamic Republic of),HPOP,-2629043.263381,WHO Triple Billion Indicators
4464,2025,country,364,Iran (Islamic Republic of),UHC,7491250.34674,WHO Triple Billion Indicators
4465,2025,country,368,Iraq,HEP,-13650327.837399999,WHO Triple Billion Indicators
4466,2025,country,368,Iraq,HPOP,4162702.272874,WHO Triple Billion Indicators
4467,2025,country,368,Iraq,UHC,1463497.707258,WHO Triple Billion Indicators
4468,2025,country,372,Ireland,HEP,109837.15989000001,WHO Triple Billion Indicators
4469,2025,country,372,Ireland,HPOP,365144.4247317,WHO Triple Billion Indicators
4470,2025,country,372,Ireland,UHC,256355.67666379997,WHO Triple Billion Indicators
4471,2025,country,376,Israel,HEP,-508498.23788999993,WHO Triple Billion Indicators
4472,2025,country,376,Israel,HPOP,755323.337103,WHO Triple Billion Indicators
4473,2025,country,376,Israel,UHC,1118486.1541983401,WHO Triple Billion Indicators
4474,2025,country,380,Italy,HEP,271863.3144000004,WHO Triple Billion Indicators
4475,2025,country,380,Italy,HPOP,3708332.436301,WHO Triple Billion Indicators
4476,2025,country,380,Italy,UHC,821619.6274673201,WHO Triple Billion Indicators
4477,2025,country,388,Jamaica,HEP,389233.9889,WHO Triple Billion Indicators
4478,2025,country,388,Jamaica,HPOP,-278047.4878357,WHO Triple Billion Indicators
4479,2025,country,388,Jamaica,UHC,182951.3533431,WHO Triple Billion Indicators
4480,2025,country,392,Japan,HEP,10188898.946,WHO Triple Billion Indicators
4481,2025,country,392,Japan,HPOP,6534212.25153,WHO Triple Billion Indicators
4482,2025,country,392,Japan,UHC,-967201.3308929999,WHO Triple Billion Indicators
4483,2025,country,400,Jordan,HEP,134091.1921000001,WHO Triple Billion Indicators
4484,2025,country,400,Jordan,HPOP,643727.3683845811,WHO Triple Billion Indicators
4485,2025,country,400,Jordan,UHC,699591.2824649999,WHO Triple Billion Indicators
4486,2025,country,398,Kazakhstan,HEP,2931887.7520999997,WHO Triple Billion Indicators
4487,2025,country,398,Kazakhstan,HPOP,1119046.040367,WHO Triple Billion Indicators
4488,2025,country,398,Kazakhstan,UHC,1574574.045032,WHO Triple Billion Indicators
4489,2025,country,404,Kenya,HEP,13136071.3101,WHO Triple Billion Indicators
4490,2025,country,404,Kenya,HPOP,10616044.436251001,WHO Triple Billion Indicators
4491,2025,country,404,Kenya,UHC,4617228.14887,WHO Triple Billion Indicators
4492,2025,country,296,Kiribati,HEP,31839.933182,WHO Triple Billion Indicators
4493,2025,country,296,Kiribati,HPOP,16636.900751517,WHO Triple Billion Indicators
4494,2025,country,296,Kiribati,UHC,11198.20984246,WHO Triple Billion Indicators
4495,2025,country,414,Kuwait,HEP,2055964.17583,WHO Triple Billion Indicators
4496,2025,country,414,Kuwait,HPOP,233811.11692809997,WHO Triple Billion Indicators
4497,2025,country,414,Kuwait,UHC,337387.0980564,WHO Triple Billion Indicators
4498,2025,country,417,Kyrgyzstan,HEP,-2830696.277,WHO Triple Billion Indicators
4499,2025,country,417,Kyrgyzstan,HPOP,1111916.556178,WHO Triple Billion Indicators
4500,2025,country,417,Kyrgyzstan,UHC,494198.77554799995,WHO Triple Billion Indicators
4501,2025,country,418,Lao People's Democratic Republic,HEP,2784059.0968,WHO Triple Billion Indicators
4502,2025,country,418,Lao People's Democratic Republic,HPOP,169602.81971800013,WHO Triple Billion Indicators
4503,2025,country,418,Lao People's Democratic Republic,UHC,833807.809787,WHO Triple Billion Indicators
4504,2025,country,428,Latvia,HEP,-120368.23661000002,WHO Triple Billion Indicators
4505,2025,country,428,Latvia,HPOP,205795.4781243,WHO Triple Billion Indicators
4506,2025,country,428,Latvia,UHC,2511.609547399994,WHO Triple Billion Indicators
4507,2025,country,422,Lebanon,HEP,1223045.99186,WHO Triple Billion Indicators
4508,2025,country,422,Lebanon,HPOP,-25352.882879899997,WHO Triple Billion Indicators
4509,2025,country,422,Lebanon,UHC,95557.57810699998,WHO Triple Billion Indicators
4510,2025,country,426,Lesotho,HEP,-395254.5066,WHO Triple Billion Indicators
4511,2025,country,426,Lesotho,HPOP,381200.887123,WHO Triple Billion Indicators
4512,2025,country,426,Lesotho,UHC,151021.629781,WHO Triple Billion Indicators
4513,2025,country,430,Liberia,HEP,1005741.1013999998,WHO Triple Billion Indicators
4514,2025,country,430,Liberia,HPOP,-359545.72148809,WHO Triple Billion Indicators
4515,2025,country,430,Liberia,UHC,585507.584576,WHO Triple Billion Indicators
4516,2025,country,434,Libya,HEP,610484.2779999999,WHO Triple Billion Indicators
4517,2025,country,434,Libya,HPOP,-129268.25115659999,WHO Triple Billion Indicators
4518,2025,country,434,Libya,UHC,93087.56682899999,WHO Triple Billion Indicators
4519,2025,country,440,Lithuania,HEP,251826.4860833,WHO Triple Billion Indicators
4520,2025,country,440,Lithuania,HPOP,270193.0339447,WHO Triple Billion Indicators
4521,2025,country,440,Lithuania,UHC,93891.40675899998,WHO Triple Billion Indicators
4522,2025,country,442,Luxembourg,HEP,44343.649997,WHO Triple Billion Indicators
4523,2025,country,442,Luxembourg,HPOP,63757.07601959,WHO Triple Billion Indicators
4524,2025,country,442,Luxembourg,UHC,49327.420202914,WHO Triple Billion Indicators
4525,2025,country,450,Madagascar,HEP,12745314.342,WHO Triple Billion Indicators
4526,2025,country,450,Madagascar,HPOP,3531517.560024,WHO Triple Billion Indicators
4527,2025,country,450,Madagascar,UHC,2277414.7248251,WHO Triple Billion Indicators
4528,2025,country,454,Malawi,HEP,4052709.71993,WHO Triple Billion Indicators
4529,2025,country,454,Malawi,HPOP,4298306.804859,WHO Triple Billion Indicators
4530,2025,country,454,Malawi,UHC,2312156.39743,WHO Triple Billion Indicators
4531,2025,country,458,Malaysia,HEP,-5878663.9597000005,WHO Triple Billion Indicators
4532,2025,country,458,Malaysia,HPOP,-257287.0107579999,WHO Triple Billion Indicators
4533,2025,country,458,Malaysia,UHC,2014478.2961086999,WHO Triple Billion Indicators
4534,2025,country,462,Maldives,HEP,131318.909352,WHO Triple Billion Indicators
4535,2025,country,462,Maldives,HPOP,-6916.4462278,WHO Triple Billion Indicators
4536,2025,country,462,Maldives,UHC,34581.082343,WHO Triple Billion Indicators
4537,2025,country,466,Mali,HEP,-1060219.2538,WHO Triple Billion Indicators
4538,2025,country,466,Mali,HPOP,1302620.011834,WHO Triple Billion Indicators
4539,2025,country,466,Mali,UHC,1787455.764937,WHO Triple Billion Indicators
4540,2025,country,470,Malta,HEP,102967.71549,WHO Triple Billion Indicators
4541,2025,country,470,Malta,HPOP,12542.748890750001,WHO Triple Billion Indicators
4542,2025,country,470,Malta,UHC,53233.219118008,WHO Triple Billion Indicators
4543,2025,country,584,Marshall Islands,HEP,-11235.89387,WHO Triple Billion Indicators
4544,2025,country,584,Marshall Islands,HPOP,-1129.71234076,WHO Triple Billion Indicators
4545,2025,country,584,Marshall Islands,UHC,-624.257796187,WHO Triple Billion Indicators
4546,2025,country,478,Mauritania,HEP,1674604.4780400002,WHO Triple Billion Indicators
4547,2025,country,478,Mauritania,HPOP,66460.41884210001,WHO Triple Billion Indicators
4548,2025,country,478,Mauritania,UHC,271070.571004,WHO Triple Billion Indicators
4549,2025,country,480,Mauritius,HEP,-329690.30587999994,WHO Triple Billion Indicators
4550,2025,country,480,Mauritius,HPOP,-12543.995263600002,WHO Triple Billion Indicators
4551,2025,country,480,Mauritius,UHC,-12162.570809149998,WHO Triple Billion Indicators
4552,2025,country,484,Mexico,HEP,-42731295.805,WHO Triple Billion Indicators
4553,2025,country,484,Mexico,HPOP,22070708.902259998,WHO Triple Billion Indicators
4554,2025,country,484,Mexico,UHC,1063928.8222599998,WHO Triple Billion Indicators
4555,2025,country,583,Micronesia (Federated States of),HEP,39080.832373000005,WHO Triple Billion Indicators
4556,2025,country,583,Micronesia (Federated States of),HPOP,-3347.144677965,WHO Triple Billion Indicators
4557,2025,country,583,Micronesia (Federated States of),UHC,10050.56169793,WHO Triple Billion Indicators
4558,2025,country,492,Monaco,HEP,-3214.1271079999997,WHO Triple Billion Indicators
4559,2025,country,492,Monaco,HPOP,-11912.437990743,WHO Triple Billion Indicators
4560,2025,country,492,Monaco,UHC,-3.79438048999981,WHO Triple Billion Indicators
4561,2025,country,496,Mongolia,HEP,-939025.0869199999,WHO Triple Billion Indicators
4562,2025,country,496,Mongolia,HPOP,744435.812434,WHO Triple Billion Indicators
4563,2025,country,496,Mongolia,UHC,-55900.282986000006,WHO Triple Billion Indicators
4564,2025,country,499,Montenegro,HEP,26190.21523,WHO Triple Billion Indicators
4565,2025,country,499,Montenegro,HPOP,116177.4280784,WHO Triple Billion Indicators
4566,2025,country,499,Montenegro,UHC,23682.197097099997,WHO Triple Billion Indicators
4567,2025,country,504,Morocco,HEP,448512.26178999984,WHO Triple Billion Indicators
4568,2025,country,504,Morocco,HPOP,3726500.357701,WHO Triple Billion Indicators
4569,2025,country,504,Morocco,UHC,1345953.2677799999,WHO Triple Billion Indicators
4570,2025,country,508,Mozambique,HEP,14985713.043300001,WHO Triple Billion Indicators
4571,2025,country,508,Mozambique,HPOP,1749549.00494,WHO Triple Billion Indicators
4572,2025,country,508,Mozambique,UHC,3848911.252068,WHO Triple Billion Indicators
4573,2025,country,104,Myanmar,HEP,-5769202.963,WHO Triple Billion Indicators
4574,2025,country,104,Myanmar,HPOP,18777047.56652,WHO Triple Billion Indicators
4575,2025,country,104,Myanmar,UHC,3306197.17224,WHO Triple Billion Indicators
4576,2025,country,516,Namibia,HEP,139673.81499999994,WHO Triple Billion Indicators
4577,2025,country,516,Namibia,HPOP,80989.995074,WHO Triple Billion Indicators
4578,2025,country,516,Namibia,UHC,329998.0946499,WHO Triple Billion Indicators
4579,2025,country,520,Nauru,HEP,-386.9881262,WHO Triple Billion Indicators
4580,2025,country,520,Nauru,HPOP,-14.051266219000006,WHO Triple Billion Indicators
4581,2025,country,520,Nauru,UHC,707.3131646439999,WHO Triple Billion Indicators
4582,2025,country,524,Nepal,HEP,15232098.688099999,WHO Triple Billion Indicators
4583,2025,country,524,Nepal,HPOP,6875227.421049001,WHO Triple Billion Indicators
4584,2025,country,524,Nepal,UHC,3797317.56231,WHO Triple Billion Indicators
4585,2025,country,528,Netherlands (Kingdom of the),HEP,-2130792.6201,WHO Triple Billion Indicators
4586,2025,country,528,Netherlands (Kingdom of the),HPOP,1312498.5010201,WHO Triple Billion Indicators
4587,2025,country,528,Netherlands (Kingdom of the),UHC,446049.3784359,WHO Triple Billion Indicators
4588,2025,country,554,New Zealand,HEP,20368.95837,WHO Triple Billion Indicators
4589,2025,country,554,New Zealand,HPOP,253772.02772210003,WHO Triple Billion Indicators
4590,2025,country,554,New Zealand,UHC,402804.23581909994,WHO Triple Billion Indicators
4591,2025,country,558,Nicaragua,HEP,1518908.18041,WHO Triple Billion Indicators
4592,2025,country,558,Nicaragua,HPOP,563940.6264848,WHO Triple Billion Indicators
4593,2025,country,558,Nicaragua,UHC,636895.499368,WHO Triple Billion Indicators
4594,2025,country,562,Niger,HEP,6542492.289,WHO Triple Billion Indicators
4595,2025,country,562,Niger,HPOP,900777.919511,WHO Triple Billion Indicators
4596,2025,country,562,Niger,UHC,2717038.104023,WHO Triple Billion Indicators
4597,2025,country,566,Nigeria,HEP,7681396.046,WHO Triple Billion Indicators
4598,2025,country,566,Nigeria,HPOP,54309584.41864,WHO Triple Billion Indicators
4599,2025,country,566,Nigeria,UHC,14917104.0134,WHO Triple Billion Indicators
4600,2025,country,570,Niue,HEP,-79.712723501,WHO Triple Billion Indicators
4601,2025,country,570,Niue,HPOP,-94.347150594,WHO Triple Billion Indicators
4602,2025,country,570,Niue,UHC,72.918381435,WHO Triple Billion Indicators
4603,2025,country,807,North Macedonia,HEP,-201747.74998999998,WHO Triple Billion Indicators
4604,2025,country,807,North Macedonia,HPOP,237779.5355963,WHO Triple Billion Indicators
4605,2025,country,807,North Macedonia,UHC,79735.55374870001,WHO Triple Billion Indicators
4606,2025,country,578,Norway,HEP,626272.0038000001,WHO Triple Billion Indicators
4607,2025,country,578,Norway,HPOP,228757.90190889998,WHO Triple Billion Indicators
4608,2025,country,578,Norway,UHC,408700.22867673,WHO Triple Billion Indicators
4609,2025,country,512,Oman,HEP,-785100.27136,WHO Triple Billion Indicators
4610,2025,country,512,Oman,HPOP,-50633.704997699984,WHO Triple Billion Indicators
4611,2025,country,512,Oman,UHC,-38849.019401000005,WHO Triple Billion Indicators
4612,2025,country,586,Pakistan,HEP,26136972.180000003,WHO Triple Billion Indicators
4613,2025,country,586,Pakistan,HPOP,65920831.95188,WHO Triple Billion Indicators
4614,2025,country,586,Pakistan,UHC,17415589.81888,WHO Triple Billion Indicators
4615,2025,country,585,Palau,HEP,-1106.246043,WHO Triple Billion Indicators
4616,2025,country,585,Palau,HPOP,-1661.86445726,WHO Triple Billion Indicators
4617,2025,country,585,Palau,UHC,447.53685614200003,WHO Triple Billion Indicators
4618,2025,country,591,Panama,HEP,82879.23019999999,WHO Triple Billion Indicators
4619,2025,country,591,Panama,HPOP,329364.13067399996,WHO Triple Billion Indicators
4620,2025,country,591,Panama,UHC,387257.16397,WHO Triple Billion Indicators
4621,2025,country,598,Papua New Guinea,HEP,-1526740.1531,WHO Triple Billion Indicators
4622,2025,country,598,Papua New Guinea,HPOP,264.3307200000345,WHO Triple Billion Indicators
4623,2025,country,598,Papua New Guinea,UHC,213298.8095797,WHO Triple Billion Indicators
4624,2025,country,600,Paraguay,HEP,-829681.2662,WHO Triple Billion Indicators
4625,2025,country,600,Paraguay,HPOP,617311.67198,WHO Triple Billion Indicators
4626,2025,country,600,Paraguay,UHC,475097.02482399996,WHO Triple Billion Indicators
4627,2025,country,604,Peru,HEP,-7812242.509,WHO Triple Billion Indicators
4628,2025,country,604,Peru,HPOP,8239139.460744999,WHO Triple Billion Indicators
4629,2025,country,604,Peru,UHC,918587.384884,WHO Triple Billion Indicators
4630,2025,country,608,Philippines,HEP,28874778.847999997,WHO Triple Billion Indicators
4631,2025,country,608,Philippines,HPOP,13716652.35975,WHO Triple Billion Indicators
4632,2025,country,608,Philippines,UHC,14247646.14689,WHO Triple Billion Indicators
4633,2025,country,616,Poland,HEP,6994063.399,WHO Triple Billion Indicators
4634,2025,country,616,Poland,HPOP,3149079.9931852,WHO Triple Billion Indicators
4635,2025,country,616,Poland,UHC,3020159.098953,WHO Triple Billion Indicators
4636,2025,country,620,Portugal,HEP,1697545.0810900002,WHO Triple Billion Indicators
4637,2025,country,620,Portugal,HPOP,705210.3230499,WHO Triple Billion Indicators
4638,2025,country,620,Portugal,UHC,619107.3549249,WHO Triple Billion Indicators
4639,2025,country,634,Qatar,HEP,258229.18885000004,WHO Triple Billion Indicators
4640,2025,country,634,Qatar,HPOP,167063.1240475,WHO Triple Billion Indicators
4641,2025,country,634,Qatar,UHC,64755.229037000005,WHO Triple Billion Indicators
4642,2025,country,410,Republic of Korea,HEP,4494281.121499999,WHO Triple Billion Indicators
4643,2025,country,410,Republic of Korea,HPOP,4792456.256405,WHO Triple Billion Indicators
4644,2025,country,410,Republic of Korea,UHC,3035067.674791,WHO Triple Billion Indicators
4645,2025,country,498,Republic of Moldova,HEP,183690.51992,WHO Triple Billion Indicators
4646,2025,country,498,Republic of Moldova,HPOP,229648.2566724,WHO Triple Billion Indicators
4647,2025,country,498,Republic of Moldova,UHC,113418.316539,WHO Triple Billion Indicators
4648,2025,country,642,Romania,HEP,-4147497.9069999997,WHO Triple Billion Indicators
4649,2025,country,642,Romania,HPOP,1934691.571556,WHO Triple Billion Indicators
4650,2025,country,642,Romania,UHC,161724.30376999994,WHO Triple Billion Indicators
4651,2025,country,643,Russian Federation,HEP,4892382.754000001,WHO Triple Billion Indicators
4652,2025,country,643,Russian Federation,HPOP,-16672188.93721,WHO Triple Billion Indicators
4653,2025,country,643,Russian Federation,UHC,3288915.3772,WHO Triple Billion Indicators
4654,2025,country,646,Rwanda,HEP,-344995.69719999994,WHO Triple Billion Indicators
4655,2025,country,646,Rwanda,HPOP,2342016.34685,WHO Triple Billion Indicators
4656,2025,country,646,Rwanda,UHC,1492063.546333,WHO Triple Billion Indicators
4657,2025,country,659,Saint Kitts and Nevis,HEP,15627.094262,WHO Triple Billion Indicators
4658,2025,country,659,Saint Kitts and Nevis,HPOP,-2162.004700733,WHO Triple Billion Indicators
4659,2025,country,659,Saint Kitts and Nevis,UHC,4288.791064831,WHO Triple Billion Indicators
4660,2025,country,662,Saint Lucia,HEP,-4491.217758000001,WHO Triple Billion Indicators
4661,2025,country,662,Saint Lucia,HPOP,-8161.396264059,WHO Triple Billion Indicators
4662,2025,country,662,Saint Lucia,UHC,5102.137407419999,WHO Triple Billion Indicators
4663,2025,country,670,Saint Vincent and the Grenadines,HEP,22762.273160200002,WHO Triple Billion Indicators
4664,2025,country,670,Saint Vincent and the Grenadines,HPOP,-7529.81725401,WHO Triple Billion Indicators
4665,2025,country,670,Saint Vincent and the Grenadines,UHC,8661.593077606,WHO Triple Billion Indicators
4666,2025,country,882,Samoa,HEP,-60.299590000002354,WHO Triple Billion Indicators
4667,2025,country,882,Samoa,HPOP,3701.3012875199993,WHO Triple Billion Indicators
4668,2025,country,882,Samoa,UHC,12800.487112390001,WHO Triple Billion Indicators
4669,2025,country,674,San Marino,HEP,-11526.145788000002,WHO Triple Billion Indicators
4670,2025,country,674,San Marino,HPOP,-9521.997449669,WHO Triple Billion Indicators
4671,2025,country,674,San Marino,UHC,-300.81415343199984,WHO Triple Billion Indicators
4672,2025,country,678,Sao Tome and Principe,HEP,9039.578929,WHO Triple Billion Indicators
4673,2025,country,678,Sao Tome and Principe,HPOP,19406.44860123,WHO Triple Billion Indicators
4674,2025,country,678,Sao Tome and Principe,UHC,22783.973304900002,WHO Triple Billion Indicators
4675,2025,country,682,Saudi Arabia,HEP,11889875.3253,WHO Triple Billion Indicators
4676,2025,country,682,Saudi Arabia,HPOP,1130529.063847,WHO Triple Billion Indicators
4677,2025,country,682,Saudi Arabia,UHC,2994790.126474,WHO Triple Billion Indicators
4678,2025,country,686,Senegal,HEP,3163848.975,WHO Triple Billion Indicators
4679,2025,country,686,Senegal,HPOP,32683.037366400007,WHO Triple Billion Indicators
4680,2025,country,686,Senegal,UHC,2116425.227369,WHO Triple Billion Indicators
4681,2025,country,688,Serbia,HEP,13735.80290000001,WHO Triple Billion Indicators
4682,2025,country,688,Serbia,HPOP,790090.0836019999,WHO Triple Billion Indicators
4683,2025,country,688,Serbia,UHC,-158854.554156,WHO Triple Billion Indicators
4684,2025,country,690,Seychelles,HEP,12031.5843874,WHO Triple Billion Indicators
4685,2025,country,690,Seychelles,HPOP,-3889.31755627,WHO Triple Billion Indicators
4686,2025,country,690,Seychelles,UHC,14770.63050274,WHO Triple Billion Indicators
4687,2025,country,694,Sierra Leone,HEP,2911137.9508,WHO Triple Billion Indicators
4688,2025,country,694,Sierra Leone,HPOP,609223.9910746999,WHO Triple Billion Indicators
4689,2025,country,694,Sierra Leone,UHC,497603.14970999997,WHO Triple Billion Indicators
4690,2025,country,702,Singapore,HEP,480096.48861,WHO Triple Billion Indicators
4691,2025,country,702,Singapore,HPOP,-21964.2997376,WHO Triple Billion Indicators
4692,2025,country,702,Singapore,UHC,536691.820047,WHO Triple Billion Indicators
4693,2025,country,703,Slovakia,HEP,-294383.98069999996,WHO Triple Billion Indicators
4694,2025,country,703,Slovakia,HPOP,189239.43491790004,WHO Triple Billion Indicators
4695,2025,country,703,Slovakia,UHC,246279.11175250003,WHO Triple Billion Indicators
4696,2025,country,705,Slovenia,HEP,31525.109539999998,WHO Triple Billion Indicators
4697,2025,country,705,Slovenia,HPOP,240960.25789145997,WHO Triple Billion Indicators
4698,2025,country,705,Slovenia,UHC,124325.992762,WHO Triple Billion Indicators
4699,2025,country,90,Solomon Islands,HEP,194675.3542,WHO Triple Billion Indicators
4700,2025,country,90,Solomon Islands,HPOP,-15517.989182399999,WHO Triple Billion Indicators
4701,2025,country,90,Solomon Islands,UHC,63492.5088772,WHO Triple Billion Indicators
4702,2025,country,706,Somalia,HEP,1652367.62917,WHO Triple Billion Indicators
4703,2025,country,706,Somalia,HPOP,1398368.714667,WHO Triple Billion Indicators
4704,2025,country,706,Somalia,UHC,1083617.84473535,WHO Triple Billion Indicators
4705,2025,country,710,South Africa,HEP,10454625.572,WHO Triple Billion Indicators
4706,2025,country,710,South Africa,HPOP,3939925.0135539994,WHO Triple Billion Indicators
4707,2025,country,710,South Africa,UHC,6213533.93677,WHO Triple Billion Indicators
4708,2025,country,728,South Sudan,HEP,388524.38710000005,WHO Triple Billion Indicators
4709,2025,country,728,South Sudan,HPOP,36865.620995200006,WHO Triple Billion Indicators
4710,2025,country,728,South Sudan,UHC,665324.587604,WHO Triple Billion Indicators
4711,2025,country,724,Spain,HEP,-1233192.6662599996,WHO Triple Billion Indicators
4712,2025,country,724,Spain,HPOP,3862728.3820599997,WHO Triple Billion Indicators
4713,2025,country,724,Spain,UHC,861721.8629549001,WHO Triple Billion Indicators
4714,2025,country,144,Sri Lanka,HEP,7961273.3748,WHO Triple Billion Indicators
4715,2025,country,144,Sri Lanka,HPOP,980757.2133005,WHO Triple Billion Indicators
4716,2025,country,144,Sri Lanka,UHC,2330382.49217,WHO Triple Billion Indicators
4717,2025,country,729,Sudan,HEP,-11203839.6505,WHO Triple Billion Indicators
4718,2025,country,729,Sudan,HPOP,8148609.710632999,WHO Triple Billion Indicators
4719,2025,country,729,Sudan,UHC,2344606.547525,WHO Triple Billion Indicators
4720,2025,country,740,Suriname,HEP,-312548.65291,WHO Triple Billion Indicators
4721,2025,country,740,Suriname,HPOP,-11435.024343739002,WHO Triple Billion Indicators
4722,2025,country,740,Suriname,UHC,5928.151204,WHO Triple Billion Indicators
4723,2025,country,752,Sweden,HEP,-378481.29068,WHO Triple Billion Indicators
4724,2025,country,752,Sweden,HPOP,829036.6554194001,WHO Triple Billion Indicators
4725,2025,country,752,Sweden,UHC,391905.95249531,WHO Triple Billion Indicators
4726,2025,country,756,Switzerland,HEP,-629855.4643999999,WHO Triple Billion Indicators
4727,2025,country,756,Switzerland,HPOP,440493.640168,WHO Triple Billion Indicators
4728,2025,country,756,Switzerland,UHC,425597.33027313004,WHO Triple Billion Indicators
4729,2025,country,760,Syrian Arab Republic,HEP,-8108926.435,WHO Triple Billion Indicators
4730,2025,country,760,Syrian Arab Republic,HPOP,-1475321.7199900001,WHO Triple Billion Indicators
4731,2025,country,760,Syrian Arab Republic,UHC,1782399.407723,WHO Triple Billion Indicators
4732,2025,country,762,Tajikistan,HEP,1406711.34974,WHO Triple Billion Indicators
4733,2025,country,762,Tajikistan,HPOP,2015578.472456,WHO Triple Billion Indicators
4734,2025,country,762,Tajikistan,UHC,1358869.683079,WHO Triple Billion Indicators
4735,2025,country,764,Thailand,HEP,10556450.820500001,WHO Triple Billion Indicators
4736,2025,country,764,Thailand,HPOP,5827182.4258,WHO Triple Billion Indicators
4737,2025,country,764,Thailand,UHC,8140146.11437,WHO Triple Billion Indicators
4738,2025,country,626,Timor-Leste,HEP,671153.4243,WHO Triple Billion Indicators
4739,2025,country,626,Timor-Leste,HPOP,165240.6400201,WHO Triple Billion Indicators
4740,2025,country,626,Timor-Leste,UHC,189361.96596929998,WHO Triple Billion Indicators
4741,2025,country,768,Togo,HEP,3140022.9634599998,WHO Triple Billion Indicators
4742,2025,country,768,Togo,HPOP,1069896.632376,WHO Triple Billion Indicators
4743,2025,country,768,Togo,UHC,714201.629491,WHO Triple Billion Indicators
4744,2025,country,776,Tonga,HEP,17493.463854,WHO Triple Billion Indicators
4745,2025,country,776,Tonga,HPOP,2555.2983480799994,WHO Triple Billion Indicators
4746,2025,country,776,Tonga,UHC,8001.856294033,WHO Triple Billion Indicators
4747,2025,country,780,Trinidad and Tobago,HEP,476228.42749200005,WHO Triple Billion Indicators
4748,2025,country,780,Trinidad and Tobago,HPOP,-41982.2931944,WHO Triple Billion Indicators
4749,2025,country,780,Trinidad and Tobago,UHC,132596.1731527,WHO Triple Billion Indicators
4750,2025,country,788,Tunisia,HEP,1920031.1213,WHO Triple Billion Indicators
4751,2025,country,788,Tunisia,HPOP,546823.7226901,WHO Triple Billion Indicators
4752,2025,country,788,Tunisia,UHC,443659.553821,WHO Triple Billion Indicators
4753,2025,country,795,Turkmenistan,HEP,1207843.0152,WHO Triple Billion Indicators
4754,2025,country,795,Turkmenistan,HPOP,572505.3162962,WHO Triple Billion Indicators
4755,2025,country,795,Turkmenistan,UHC,379965.97970818,WHO Triple Billion Indicators
4756,2025,country,798,Tuvalu,HEP,1738.7426870000002,WHO Triple Billion Indicators
4757,2025,country,798,Tuvalu,HPOP,304.82572209700004,WHO Triple Billion Indicators
4758,2025,country,798,Tuvalu,UHC,754.888107813,WHO Triple Billion Indicators
4759,2025,country,792,Türkiye,HEP,8278307.162599999,WHO Triple Billion Indicators
4760,2025,country,792,Türkiye,HPOP,11278109.62558,WHO Triple Billion Indicators
4761,2025,country,792,Türkiye,UHC,7636972.007739999,WHO Triple Billion Indicators
4762,2025,country,800,Uganda,HEP,11363349.217000002,WHO Triple Billion Indicators
4763,2025,country,800,Uganda,HPOP,3774635.569897,WHO Triple Billion Indicators
4764,2025,country,800,Uganda,UHC,4916183.816032,WHO Triple Billion Indicators
4765,2025,country,804,Ukraine,HEP,-6628906.796,WHO Triple Billion Indicators
4766,2025,country,804,Ukraine,HPOP,440855.5259799998,WHO Triple Billion Indicators
4767,2025,country,804,Ukraine,UHC,-1940982.3991600003,WHO Triple Billion Indicators
4768,2025,country,784,United Arab Emirates,HEP,447829.92517,WHO Triple Billion Indicators
4769,2025,country,784,United Arab Emirates,HPOP,625953.4178568,WHO Triple Billion Indicators
4770,2025,country,784,United Arab Emirates,UHC,529934.9210288001,WHO Triple Billion Indicators
4771,2025,country,826,United Kingdom of Great Britain and Northern Ireland,HEP,2266490.4572,WHO Triple Billion Indicators
4772,2025,country,826,United Kingdom of Great Britain and Northern Ireland,HPOP,4787537.85086,WHO Triple Billion Indicators
4773,2025,country,826,United Kingdom of Great Britain and Northern Ireland,UHC,3548686.55722,WHO Triple Billion Indicators
4774,2025,country,834,United Republic of Tanzania,HEP,17524437.173,WHO Triple Billion Indicators
4775,2025,country,834,United Republic of Tanzania,HPOP,8868574.59899512,WHO Triple Billion Indicators
4776,2025,country,834,United Republic of Tanzania,UHC,8147092.121724,WHO Triple Billion Indicators
4777,2025,country,840,United States of America,HEP,9607777.5042,WHO Triple Billion Indicators
4778,2025,country,840,United States of America,HPOP,8085820.3412,WHO Triple Billion Indicators
4779,2025,country,840,United States of America,UHC,15225716.609150002,WHO Triple Billion Indicators
4780,2025,country,858,Uruguay,HEP,-905717.2546799999,WHO Triple Billion Indicators
4781,2025,country,858,Uruguay,HPOP,10481.338938,WHO Triple Billion Indicators
4782,2025,country,858,Uruguay,UHC,-252318.24416580002,WHO Triple Billion Indicators
4783,2025,country,860,Uzbekistan,HEP,16528932.856500002,WHO Triple Billion Indicators
4784,2025,country,860,Uzbekistan,HPOP,3236905.130671,WHO Triple Billion Indicators
4785,2025,country,860,Uzbekistan,UHC,5839674.4083,WHO Triple Billion Indicators
4786,2025,country,548,Vanuatu,HEP,132211.62433,WHO Triple Billion Indicators
4787,2025,country,548,Vanuatu,HPOP,-20550.4171961,WHO Triple Billion Indicators
4788,2025,country,548,Vanuatu,UHC,25145.31640752,WHO Triple Billion Indicators
4789,2025,country,862,Venezuela (Bolivarian Republic of),HEP,1329356.057,WHO Triple Billion Indicators
4790,2025,country,862,Venezuela (Bolivarian Republic of),HPOP,206397.12212599994,WHO Triple Billion Indicators
4791,2025,country,862,Venezuela (Bolivarian Republic of),UHC,1302068.047827,WHO Triple Billion Indicators
4792,2025,country,704,Viet Nam,HEP,-18001073.016,WHO Triple Billion Indicators
4793,2025,country,704,Viet Nam,HPOP,13793364.055909999,WHO Triple Billion Indicators
4794,2025,country,704,Viet Nam,UHC,10098300.78235,WHO Triple Billion Indicators
4795,2025,country,887,Yemen,HEP,-3266486.8721999996,WHO Triple Billion Indicators
4796,2025,country,887,Yemen,HPOP,-980358.230506,WHO Triple Billion Indicators
4797,2025,country,887,Yemen,UHC,1680019.06494,WHO Triple Billion Indicators
4798,2025,country,894,Zambia,HEP,3142376.0870000003,WHO Triple Billion Indicators
4799,2025,country,894,Zambia,HPOP,142957.568929,WHO Triple Billion Indicators
4800,2025,country,894,Zambia,UHC,2675729.339825,WHO Triple Billion Indicators
4801,2025,country,716,Zimbabwe,HEP,3880161.45435,WHO Triple Billion Indicators
4802,2025,country,716,Zimbabwe,HPOP,-364328.201549,WHO Triple Billion Indicators
4803,2025,country,716,Zimbabwe,UHC,1601519.241494186,WHO Triple Billion Indicators
4804,2025,global,1,World,HEP,776948469.751,WHO Triple Billion Indicators
4805,2025,global,1,World,HPOP,1520287871.0428,WHO Triple Billion Indicators
4806,2025,global,1,World,UHC,585006991.3966,WHO Triple Billion Indicators
4807,2025,who_region,953,Africa,HEP,232348493.67000002,WHO Triple Billion Indicators
4808,2025,who_region,953,Africa,HPOP,120619788.8538,WHO Triple Billion Indicators
4809,2025,who_region,953,Africa,UHC,106145459.9745,WHO Triple Billion Indicators
4810,2025,who_region,954,Americas,HEP,-32807122.35,WHO Triple Billion Indicators
4811,2025,who_region,954,Americas,HPOP,68403287.28031999,WHO Triple Billion Indicators
4812,2025,who_region,954,Americas,UHC,34786016.530099995,WHO Triple Billion Indicators
4813,2025,who_region,957,Eastern Mediterranean,HEP,29225128.089999996,WHO Triple Billion Indicators
4814,2025,who_region,957,Eastern Mediterranean,HPOP,87318483.41377,WHO Triple Billion Indicators
4815,2025,who_region,957,Eastern Mediterranean,UHC,46636837.4902,WHO Triple Billion Indicators
4816,2025,who_region,956,Europe,HEP,38519525.84,WHO Triple Billion Indicators
4817,2025,who_region,956,Europe,HPOP,52300678.763406,WHO Triple Billion Indicators
4818,2025,who_region,956,Europe,UHC,39068699.03072,WHO Triple Billion Indicators
4819,2025,who_region,955,South-East Asia,HEP,453575289.50999993,WHO Triple Billion Indicators
4820,2025,who_region,955,South-East Asia,HPOP,789046957.05969,WHO Triple Billion Indicators
4821,2025,who_region,955,South-East Asia,UHC,245811395.356,WHO Triple Billion Indicators
4822,2025,who_region,958,Western Pacific,HEP,56087154.94799999,WHO Triple Billion Indicators
4823,2025,who_region,958,Western Pacific,HPOP,402598675.66196996,WHO Triple Billion Indicators
4824,2025,who_region,958,Western Pacific,UHC,112558582.98240001,WHO Triple Billion Indicators
4825,2026,country,4,Afghanistan,HEP,9093029.972,WHO Triple Billion Indicators
4826,2026,country,4,Afghanistan,HPOP,11638159.522072,WHO Triple Billion Indicators
4827,2026,country,4,Afghanistan,UHC,1364934.78227,WHO Triple Billion Indicators
4828,2026,country,8,Albania,HEP,1147077.6985900002,WHO Triple Billion Indicators
4829,2026,country,8,Albania,HPOP,723890.2466361,WHO Triple Billion Indicators
4830,2026,country,8,Albania,UHC,473700.06254980003,WHO Triple Billion Indicators
4831,2026,country,12,Algeria,HEP,-9352369.256000001,WHO Triple Billion Indicators
4832,2026,country,12,Algeria,HPOP,-4719199.36104,WHO Triple Billion Indicators
4833,2026,country,12,Algeria,UHC,1625743.0184059998,WHO Triple Billion Indicators
4834,2026,country,20,Andorra,HEP,16268.161826,WHO Triple Billion Indicators
4835,2026,country,20,Andorra,HPOP,-16760.670557722,WHO Triple Billion Indicators
4836,2026,country,20,Andorra,UHC,6007.328117859999,WHO Triple Billion Indicators
4837,2026,country,24,Angola,HEP,2631512.052,WHO Triple Billion Indicators
4838,2026,country,24,Angola,HPOP,-1866052.5595200001,WHO Triple Billion Indicators
4839,2026,country,24,Angola,UHC,3051543.043947,WHO Triple Billion Indicators
4840,2026,country,28,Antigua and Barbuda,HEP,27044.012343100003,WHO Triple Billion Indicators
4841,2026,country,28,Antigua and Barbuda,HPOP,-12352.086464839,WHO Triple Billion Indicators
4842,2026,country,28,Antigua and Barbuda,UHC,9622.853085188,WHO Triple Billion Indicators
4843,2026,country,32,Argentina,HEP,1144441.847,WHO Triple Billion Indicators
4844,2026,country,32,Argentina,HPOP,-1457182.59037,WHO Triple Billion Indicators
4845,2026,country,32,Argentina,UHC,2895167.3792927,WHO Triple Billion Indicators
4846,2026,country,51,Armenia,HEP,173848.59446999998,WHO Triple Billion Indicators
4847,2026,country,51,Armenia,HPOP,152223.793237,WHO Triple Billion Indicators
4848,2026,country,51,Armenia,UHC,141002.911236602,WHO Triple Billion Indicators
4849,2026,country,36,Australia,HEP,546311.3574999999,WHO Triple Billion Indicators
4850,2026,country,36,Australia,HPOP,-508094.95298299997,WHO Triple Billion Indicators
4851,2026,country,36,Australia,UHC,2206634.13282653,WHO Triple Billion Indicators
4852,2026,country,40,Austria,HEP,1870484.17991,WHO Triple Billion Indicators
4853,2026,country,40,Austria,HPOP,819553.29195728,WHO Triple Billion Indicators
4854,2026,country,40,Austria,UHC,975672.9808862599,WHO Triple Billion Indicators
4855,2026,country,31,Azerbaijan,HEP,204452.2959,WHO Triple Billion Indicators
4856,2026,country,31,Azerbaijan,HPOP,1175403.61691,WHO Triple Billion Indicators
4857,2026,country,31,Azerbaijan,UHC,1005090.849147,WHO Triple Billion Indicators
4858,2026,country,44,Bahamas,HEP,43108.33949,WHO Triple Billion Indicators
4859,2026,country,44,Bahamas,HPOP,-10439.35399433,WHO Triple Billion Indicators
4860,2026,country,44,Bahamas,UHC,18269.313679439998,WHO Triple Billion Indicators
4861,2026,country,48,Bahrain,HEP,-97464.525978,WHO Triple Billion Indicators
4862,2026,country,48,Bahrain,HPOP,83336.20427810399,WHO Triple Billion Indicators
4863,2026,country,48,Bahrain,UHC,96611.438080435,WHO Triple Billion Indicators
4864,2026,country,50,Bangladesh,HEP,36966477.419,WHO Triple Billion Indicators
4865,2026,country,50,Bangladesh,HPOP,47875796.35848,WHO Triple Billion Indicators
4866,2026,country,50,Bangladesh,UHC,14774791.42902,WHO Triple Billion Indicators
4867,2026,country,52,Barbados,HEP,10410.71412,WHO Triple Billion Indicators
4868,2026,country,52,Barbados,HPOP,-22350.410305802,WHO Triple Billion Indicators
4869,2026,country,52,Barbados,UHC,13605.047105,WHO Triple Billion Indicators
4870,2026,country,112,Belarus,HEP,404377.35182,WHO Triple Billion Indicators
4871,2026,country,112,Belarus,HPOP,145458.37481499993,WHO Triple Billion Indicators
4872,2026,country,112,Belarus,UHC,-158150.53555859995,WHO Triple Billion Indicators
4873,2026,country,56,Belgium,HEP,-3962302.1029600007,WHO Triple Billion Indicators
4874,2026,country,56,Belgium,HPOP,1267033.264976,WHO Triple Billion Indicators
4875,2026,country,56,Belgium,UHC,-398714.5828824871,WHO Triple Billion Indicators
4876,2026,country,84,Belize,HEP,105043.28052999999,WHO Triple Billion Indicators
4877,2026,country,84,Belize,HPOP,-24603.8215828,WHO Triple Billion Indicators
4878,2026,country,84,Belize,UHC,33761.9701622,WHO Triple Billion Indicators
4879,2026,country,204,Benin,HEP,2246265.7738,WHO Triple Billion Indicators
4880,2026,country,204,Benin,HPOP,4136.729452999986,WHO Triple Billion Indicators
4881,2026,country,204,Benin,UHC,857782.17568369,WHO Triple Billion Indicators
4882,2026,country,64,Bhutan,HEP,155458.990546,WHO Triple Billion Indicators
4883,2026,country,64,Bhutan,HPOP,266609.18690919003,WHO Triple Billion Indicators
4884,2026,country,64,Bhutan,UHC,91733.48143500001,WHO Triple Billion Indicators
4885,2026,country,68,Bolivia (Plurinational State of),HEP,900522.733,WHO Triple Billion Indicators
4886,2026,country,68,Bolivia (Plurinational State of),HPOP,418302.15103199997,WHO Triple Billion Indicators
4887,2026,country,68,Bolivia (Plurinational State of),UHC,1725898.8235409998,WHO Triple Billion Indicators
4888,2026,country,70,Bosnia and Herzegovina,HEP,-28424.96590000001,WHO Triple Billion Indicators
4889,2026,country,70,Bosnia and Herzegovina,HPOP,518069.497688,WHO Triple Billion Indicators
4890,2026,country,70,Bosnia and Herzegovina,UHC,-47171.75497319999,WHO Triple Billion Indicators
4891,2026,country,72,Botswana,HEP,1048582.9323240002,WHO Triple Billion Indicators
4892,2026,country,72,Botswana,HPOP,135431.814119,WHO Triple Billion Indicators
4893,2026,country,72,Botswana,UHC,287730.16629,WHO Triple Billion Indicators
4894,2026,country,76,Brazil,HEP,-1249562.6879999996,WHO Triple Billion Indicators
4895,2026,country,76,Brazil,HPOP,22965375.582469,WHO Triple Billion Indicators
4896,2026,country,76,Brazil,UHC,-429186.8813699994,WHO Triple Billion Indicators
4897,2026,country,96,Brunei Darussalam,HEP,45433.42726700001,WHO Triple Billion Indicators
4898,2026,country,96,Brunei Darussalam,HPOP,-23999.47410709,WHO Triple Billion Indicators
4899,2026,country,96,Brunei Darussalam,UHC,26600.247737954,WHO Triple Billion Indicators
4900,2026,country,100,Bulgaria,HEP,1254458.0254,WHO Triple Billion Indicators
4901,2026,country,100,Bulgaria,HPOP,1000177.928423,WHO Triple Billion Indicators
4902,2026,country,100,Bulgaria,UHC,400450.7866463,WHO Triple Billion Indicators
4903,2026,country,854,Burkina Faso,HEP,13597693.86489,WHO Triple Billion Indicators
4904,2026,country,854,Burkina Faso,HPOP,2579924.902912,WHO Triple Billion Indicators
4905,2026,country,854,Burkina Faso,UHC,2875295.38301,WHO Triple Billion Indicators
4906,2026,country,108,Burundi,HEP,5823370.89489,WHO Triple Billion Indicators
4907,2026,country,108,Burundi,HPOP,23769.9939145,WHO Triple Billion Indicators
4908,2026,country,108,Burundi,UHC,1429285.12832387,WHO Triple Billion Indicators
4909,2026,country,132,Cabo Verde,HEP,195158.45226,WHO Triple Billion Indicators
4910,2026,country,132,Cabo Verde,HPOP,10816.605225070007,WHO Triple Billion Indicators
4911,2026,country,132,Cabo Verde,UHC,76343.54216699999,WHO Triple Billion Indicators
4912,2026,country,116,Cambodia,HEP,5571065.8426,WHO Triple Billion Indicators
4913,2026,country,116,Cambodia,HPOP,5489820.342242,WHO Triple Billion Indicators
4914,2026,country,116,Cambodia,UHC,2244419.80779,WHO Triple Billion Indicators
4915,2026,country,120,Cameroon,HEP,3070683.4323,WHO Triple Billion Indicators
4916,2026,country,120,Cameroon,HPOP,-933065.96247,WHO Triple Billion Indicators
4917,2026,country,120,Cameroon,UHC,3034869.160567,WHO Triple Billion Indicators
4918,2026,country,124,Canada,HEP,-510411.55330000015,WHO Triple Billion Indicators
4919,2026,country,124,Canada,HPOP,2465554.191043,WHO Triple Billion Indicators
4920,2026,country,124,Canada,UHC,3431505.0443689995,WHO Triple Billion Indicators
4921,2026,country,140,Central African Republic,HEP,4036251.1219,WHO Triple Billion Indicators
4922,2026,country,140,Central African Republic,HPOP,-430023.704453,WHO Triple Billion Indicators
4923,2026,country,140,Central African Republic,UHC,532406.3277385901,WHO Triple Billion Indicators
4924,2026,country,148,Chad,HEP,6651513.7348,WHO Triple Billion Indicators
4925,2026,country,148,Chad,HPOP,1346553.83521,WHO Triple Billion Indicators
4926,2026,country,148,Chad,UHC,1192516.519007,WHO Triple Billion Indicators
4927,2026,country,152,Chile,HEP,1975161.8668999998,WHO Triple Billion Indicators
4928,2026,country,152,Chile,HPOP,411573.8119900001,WHO Triple Billion Indicators
4929,2026,country,152,Chile,UHC,-1227.8533856998256,WHO Triple Billion Indicators
4930,2026,country,156,China,HEP,24720717.15,WHO Triple Billion Indicators
4931,2026,country,156,China,HPOP,390259121.1886,WHO Triple Billion Indicators
4932,2026,country,156,China,UHC,77622000.90937,WHO Triple Billion Indicators
4933,2026,country,170,Colombia,HEP,9015111.2716,WHO Triple Billion Indicators
4934,2026,country,170,Colombia,HPOP,2994476.26713,WHO Triple Billion Indicators
4935,2026,country,170,Colombia,UHC,4852028.9002,WHO Triple Billion Indicators
4936,2026,country,174,Comoros,HEP,384343.20333000005,WHO Triple Billion Indicators
4937,2026,country,174,Comoros,HPOP,59927.314604499996,WHO Triple Billion Indicators
4938,2026,country,174,Comoros,UHC,99215.18935353,WHO Triple Billion Indicators
4939,2026,country,178,Congo,HEP,462530.14483,WHO Triple Billion Indicators
4940,2026,country,178,Congo,HPOP,624347.6416845999,WHO Triple Billion Indicators
4941,2026,country,178,Congo,UHC,506978.253132,WHO Triple Billion Indicators
4942,2026,country,184,Cook Islands,HEP,984.8731413999999,WHO Triple Billion Indicators
4943,2026,country,184,Cook Islands,HPOP,-3312.7615622099997,WHO Triple Billion Indicators
4944,2026,country,184,Cook Islands,UHC,-70.2675305,WHO Triple Billion Indicators
4945,2026,country,188,Costa Rica,HEP,-372572.59326699993,WHO Triple Billion Indicators
4946,2026,country,188,Costa Rica,HPOP,130204.77828289999,WHO Triple Billion Indicators
4947,2026,country,188,Costa Rica,UHC,248075.71624999997,WHO Triple Billion Indicators
4948,2026,country,191,Croatia,HEP,362304.84844,WHO Triple Billion Indicators
4949,2026,country,191,Croatia,HPOP,132457.415964226,WHO Triple Billion Indicators
4950,2026,country,191,Croatia,UHC,123222.11724499999,WHO Triple Billion Indicators
4951,2026,country,192,Cuba,HEP,-1186686.8168499998,WHO Triple Billion Indicators
4952,2026,country,192,Cuba,HPOP,355946.7015005,WHO Triple Billion Indicators
4953,2026,country,192,Cuba,UHC,-139139.5841492,WHO Triple Billion Indicators
4954,2026,country,196,Cyprus,HEP,-145644.68536,WHO Triple Billion Indicators
4955,2026,country,196,Cyprus,HPOP,90505.4276465,WHO Triple Billion Indicators
4956,2026,country,196,Cyprus,UHC,103149.5171729,WHO Triple Billion Indicators
4957,2026,country,203,Czechia,HEP,2286069.27874,WHO Triple Billion Indicators
4958,2026,country,203,Czechia,HPOP,1049411.6137897798,WHO Triple Billion Indicators
4959,2026,country,203,Czechia,UHC,460279.28895061,WHO Triple Billion Indicators
4960,2026,country,384,Côte d'Ivoire,HEP,7593617.018999999,WHO Triple Billion Indicators
4961,2026,country,384,Côte d'Ivoire,HPOP,4377515.218764,WHO Triple Billion Indicators
4962,2026,country,384,Côte d'Ivoire,UHC,2389862.03511,WHO Triple Billion Indicators
4963,2026,country,408,Democratic People's Republic of Korea,HEP,5339397.3895000005,WHO Triple Billion Indicators
4964,2026,country,408,Democratic People's Republic of Korea,HPOP,2943408.8873397997,WHO Triple Billion Indicators
4965,2026,country,408,Democratic People's Republic of Korea,UHC,2386003.6383992,WHO Triple Billion Indicators
4966,2026,country,180,Democratic Republic of the Congo,HEP,38312466.812,WHO Triple Billion Indicators
4967,2026,country,180,Democratic Republic of the Congo,HPOP,-190231.31470000013,WHO Triple Billion Indicators
4968,2026,country,180,Democratic Republic of the Congo,UHC,11231926.26919,WHO Triple Billion Indicators
4969,2026,country,208,Denmark,HEP,227809.84766,WHO Triple Billion Indicators
4970,2026,country,208,Denmark,HPOP,460456.549101,WHO Triple Billion Indicators
4971,2026,country,208,Denmark,UHC,427081.04169700004,WHO Triple Billion Indicators
4972,2026,country,262,Djibouti,HEP,171875.87025,WHO Triple Billion Indicators
4973,2026,country,262,Djibouti,HPOP,58093.357587,WHO Triple Billion Indicators
4974,2026,country,262,Djibouti,UHC,86518.7747835,WHO Triple Billion Indicators
4975,2026,country,212,Dominica,HEP,-11107.847225099998,WHO Triple Billion Indicators
4976,2026,country,212,Dominica,HPOP,-4152.218634912,WHO Triple Billion Indicators
4977,2026,country,212,Dominica,UHC,3006.92943628,WHO Triple Billion Indicators
4978,2026,country,214,Dominican Republic,HEP,4265145.8536,WHO Triple Billion Indicators
4979,2026,country,214,Dominican Republic,HPOP,-604647.9630717,WHO Triple Billion Indicators
4980,2026,country,214,Dominican Republic,UHC,1175138.4204607,WHO Triple Billion Indicators
4981,2026,country,218,Ecuador,HEP,-6302219.4019,WHO Triple Billion Indicators
4982,2026,country,218,Ecuador,HPOP,-322521.119738,WHO Triple Billion Indicators
4983,2026,country,218,Ecuador,UHC,1020171.325196,WHO Triple Billion Indicators
4984,2026,country,818,Egypt,HEP,8039601.863000001,WHO Triple Billion Indicators
4985,2026,country,818,Egypt,HPOP,-5365593.624620001,WHO Triple Billion Indicators
4986,2026,country,818,Egypt,UHC,6167583.524021,WHO Triple Billion Indicators
4987,2026,country,222,El Salvador,HEP,-1727192.7531,WHO Triple Billion Indicators
4988,2026,country,222,El Salvador,HPOP,311751.5440237,WHO Triple Billion Indicators
4989,2026,country,222,El Salvador,UHC,-48409.959974000005,WHO Triple Billion Indicators
4990,2026,country,226,Equatorial Guinea,HEP,914280.94665,WHO Triple Billion Indicators
4991,2026,country,226,Equatorial Guinea,HPOP,-33769.2390959,WHO Triple Billion Indicators
4992,2026,country,226,Equatorial Guinea,UHC,207895.75401351,WHO Triple Billion Indicators
4993,2026,country,232,Eritrea,HEP,2841414.909,WHO Triple Billion Indicators
4994,2026,country,232,Eritrea,HPOP,87801.603977,WHO Triple Billion Indicators
4995,2026,country,232,Eritrea,UHC,355163.34259147,WHO Triple Billion Indicators
4996,2026,country,233,Estonia,HEP,59592.88501,WHO Triple Billion Indicators
4997,2026,country,233,Estonia,HPOP,40115.5813989,WHO Triple Billion Indicators
4998,2026,country,233,Estonia,UHC,25003.706423999996,WHO Triple Billion Indicators
4999,2026,country,748,Eswatini,HEP,-365767.65253,WHO Triple Billion Indicators
5000,2026,country,748,Eswatini,HPOP,108361.00779799999,WHO Triple Billion Indicators
5001,2026,country,748,Eswatini,UHC,77668.558622,WHO Triple Billion Indicators
5002,2026,country,231,Ethiopia,HEP,41654873.4497,WHO Triple Billion Indicators
5003,2026,country,231,Ethiopia,HPOP,14510327.25818,WHO Triple Billion Indicators
5004,2026,country,231,Ethiopia,UHC,14390698.02046,WHO Triple Billion Indicators
5005,2026,country,242,Fiji,HEP,-258052.22191,WHO Triple Billion Indicators
5006,2026,country,242,Fiji,HPOP,100794.18998758,WHO Triple Billion Indicators
5007,2026,country,242,Fiji,UHC,10853.92443645,WHO Triple Billion Indicators
5008,2026,country,246,Finland,HEP,-282528.81940000004,WHO Triple Billion Indicators
5009,2026,country,246,Finland,HPOP,379114.82096827996,WHO Triple Billion Indicators
5010,2026,country,246,Finland,UHC,64365.174750678,WHO Triple Billion Indicators
5011,2026,country,250,France,HEP,8486164.902999999,WHO Triple Billion Indicators
5012,2026,country,250,France,HPOP,6525722.35204,WHO Triple Billion Indicators
5013,2026,country,250,France,UHC,2248060.6534253,WHO Triple Billion Indicators
5014,2026,country,266,Gabon,HEP,259256.83352,WHO Triple Billion Indicators
5015,2026,country,266,Gabon,HPOP,11599.924580999997,WHO Triple Billion Indicators
5016,2026,country,266,Gabon,UHC,179537.452801,WHO Triple Billion Indicators
5017,2026,country,270,Gambia,HEP,804673.61817,WHO Triple Billion Indicators
5018,2026,country,270,Gambia,HPOP,47221.736914699984,WHO Triple Billion Indicators
5019,2026,country,270,Gambia,UHC,270791.3386365,WHO Triple Billion Indicators
5020,2026,country,268,Georgia,HEP,-680660.344,WHO Triple Billion Indicators
5021,2026,country,268,Georgia,HPOP,107892.62363200005,WHO Triple Billion Indicators
5022,2026,country,268,Georgia,UHC,-156434.26882179998,WHO Triple Billion Indicators
5023,2026,country,276,Germany,HEP,-6037823.194799999,WHO Triple Billion Indicators
5024,2026,country,276,Germany,HPOP,9698462.122068,WHO Triple Billion Indicators
5025,2026,country,276,Germany,UHC,1030431.315037,WHO Triple Billion Indicators
5026,2026,country,288,Ghana,HEP,4383494.718900001,WHO Triple Billion Indicators
5027,2026,country,288,Ghana,HPOP,10953236.41626,WHO Triple Billion Indicators
5028,2026,country,288,Ghana,UHC,3966367.715137,WHO Triple Billion Indicators
5029,2026,country,300,Greece,HEP,2789085.91986,WHO Triple Billion Indicators
5030,2026,country,300,Greece,HPOP,1303199.680872,WHO Triple Billion Indicators
5031,2026,country,300,Greece,UHC,688395.862251,WHO Triple Billion Indicators
5032,2026,country,308,Grenada,HEP,-39993.95034,WHO Triple Billion Indicators
5033,2026,country,308,Grenada,HPOP,-11470.744804941,WHO Triple Billion Indicators
5034,2026,country,308,Grenada,UHC,1752.92630861,WHO Triple Billion Indicators
5035,2026,country,320,Guatemala,HEP,-8066606.5785,WHO Triple Billion Indicators
5036,2026,country,320,Guatemala,HPOP,1612532.6021297001,WHO Triple Billion Indicators
5037,2026,country,320,Guatemala,UHC,779165.8080230001,WHO Triple Billion Indicators
5038,2026,country,324,Guinea,HEP,-799905.6449000001,WHO Triple Billion Indicators
5039,2026,country,324,Guinea,HPOP,-322104.89840999997,WHO Triple Billion Indicators
5040,2026,country,324,Guinea,UHC,1162412.982565,WHO Triple Billion Indicators
5041,2026,country,624,Guinea-Bissau,HEP,83188.80464,WHO Triple Billion Indicators
5042,2026,country,624,Guinea-Bissau,HPOP,198329.4004476,WHO Triple Billion Indicators
5043,2026,country,624,Guinea-Bissau,UHC,128387.09974800001,WHO Triple Billion Indicators
5044,2026,country,328,Guyana,HEP,-35193.404152999996,WHO Triple Billion Indicators
5045,2026,country,328,Guyana,HPOP,24424.96877035,WHO Triple Billion Indicators
5046,2026,country,328,Guyana,UHC,71466.3952987,WHO Triple Billion Indicators
5047,2026,country,332,Haiti,HEP,4270384.986500001,WHO Triple Billion Indicators
5048,2026,country,332,Haiti,HPOP,-56536.95353099999,WHO Triple Billion Indicators
5049,2026,country,332,Haiti,UHC,1035523.442227,WHO Triple Billion Indicators
5050,2026,country,340,Honduras,HEP,3198857.608,WHO Triple Billion Indicators
5051,2026,country,340,Honduras,HPOP,1507369.096467,WHO Triple Billion Indicators
5052,2026,country,340,Honduras,UHC,1389313.140419,WHO Triple Billion Indicators
5053,2026,country,348,Hungary,HEP,928101.7773800001,WHO Triple Billion Indicators
5054,2026,country,348,Hungary,HPOP,1197851.5745700002,WHO Triple Billion Indicators
5055,2026,country,348,Hungary,UHC,820570.4161558,WHO Triple Billion Indicators
5056,2026,country,352,Iceland,HEP,-57802.52855,WHO Triple Billion Indicators
5057,2026,country,352,Iceland,HPOP,16676.03151939,WHO Triple Billion Indicators
5058,2026,country,352,Iceland,UHC,17502.687308736997,WHO Triple Billion Indicators
5059,2026,country,356,India,HEP,365325889.22,WHO Triple Billion Indicators
5060,2026,country,356,India,HPOP,722624201.9873,WHO Triple Billion Indicators
5061,2026,country,356,India,UHC,193446738.104,WHO Triple Billion Indicators
5062,2026,country,360,Indonesia,HEP,50376660.831,WHO Triple Billion Indicators
5063,2026,country,360,Indonesia,HPOP,33738265.44042,WHO Triple Billion Indicators
5064,2026,country,360,Indonesia,UHC,44976947.2949,WHO Triple Billion Indicators
5065,2026,country,364,Iran (Islamic Republic of),HEP,3479183.5006,WHO Triple Billion Indicators
5066,2026,country,364,Iran (Islamic Republic of),HPOP,-2992329.141109,WHO Triple Billion Indicators
5067,2026,country,364,Iran (Islamic Republic of),UHC,8416134.011233,WHO Triple Billion Indicators
5068,2026,country,368,Iraq,HEP,-14804625.6925,WHO Triple Billion Indicators
5069,2026,country,368,Iraq,HPOP,4701617.4928,WHO Triple Billion Indicators
5070,2026,country,368,Iraq,UHC,1705173.154658,WHO Triple Billion Indicators
5071,2026,country,372,Ireland,HEP,137665.01137000002,WHO Triple Billion Indicators
5072,2026,country,372,Ireland,HPOP,374162.7410144,WHO Triple Billion Indicators
5073,2026,country,372,Ireland,UHC,274537.6528625,WHO Triple Billion Indicators
5074,2026,country,376,Israel,HEP,-696532.37672,WHO Triple Billion Indicators
5075,2026,country,376,Israel,HPOP,820166.739557,WHO Triple Billion Indicators
5076,2026,country,376,Israel,UHC,1195490.95232691,WHO Triple Billion Indicators
5077,2026,country,380,Italy,HEP,409965.877,WHO Triple Billion Indicators
5078,2026,country,380,Italy,HPOP,3938003.659914,WHO Triple Billion Indicators
5079,2026,country,380,Italy,UHC,1081969.24506148,WHO Triple Billion Indicators
5080,2026,country,388,Jamaica,HEP,404443.4599,WHO Triple Billion Indicators
5081,2026,country,388,Jamaica,HPOP,-321436.2089039,WHO Triple Billion Indicators
5082,2026,country,388,Jamaica,UHC,202899.0108713,WHO Triple Billion Indicators
5083,2026,country,392,Japan,HEP,10406547.712,WHO Triple Billion Indicators
5084,2026,country,392,Japan,HPOP,7302420.7834600005,WHO Triple Billion Indicators
5085,2026,country,392,Japan,UHC,-856908.3862109999,WHO Triple Billion Indicators
5086,2026,country,400,Jordan,HEP,181831.1462000003,WHO Triple Billion Indicators
5087,2026,country,400,Jordan,HPOP,772003.1430021,WHO Triple Billion Indicators
5088,2026,country,400,Jordan,UHC,754357.180164,WHO Triple Billion Indicators
5089,2026,country,398,Kazakhstan,HEP,3004596.4597000005,WHO Triple Billion Indicators
5090,2026,country,398,Kazakhstan,HPOP,1203637.780967,WHO Triple Billion Indicators
5091,2026,country,398,Kazakhstan,UHC,1891874.4195579998,WHO Triple Billion Indicators
5092,2026,country,404,Kenya,HEP,14260691.219500002,WHO Triple Billion Indicators
5093,2026,country,404,Kenya,HPOP,12333990.213281,WHO Triple Billion Indicators
5094,2026,country,404,Kenya,UHC,5374558.94006,WHO Triple Billion Indicators
5095,2026,country,296,Kiribati,HEP,34885.273512,WHO Triple Billion Indicators
5096,2026,country,296,Kiribati,HPOP,19555.951848203,WHO Triple Billion Indicators
5097,2026,country,296,Kiribati,UHC,12652.9311963,WHO Triple Billion Indicators
5098,2026,country,414,Kuwait,HEP,2091482.4286409998,WHO Triple Billion Indicators
5099,2026,country,414,Kuwait,HPOP,250895.89434109998,WHO Triple Billion Indicators
5100,2026,country,414,Kuwait,UHC,368547.542103,WHO Triple Billion Indicators
5101,2026,country,417,Kyrgyzstan,HEP,-2975672.315,WHO Triple Billion Indicators
5102,2026,country,417,Kyrgyzstan,HPOP,1238296.173683,WHO Triple Billion Indicators
5103,2026,country,417,Kyrgyzstan,UHC,558497.049082,WHO Triple Billion Indicators
5104,2026,country,418,Lao People's Democratic Republic,HEP,3139234.6385,WHO Triple Billion Indicators
5105,2026,country,418,Lao People's Democratic Republic,HPOP,222753.36903899995,WHO Triple Billion Indicators
5106,2026,country,418,Lao People's Democratic Republic,UHC,953014.258567,WHO Triple Billion Indicators
5107,2026,country,428,Latvia,HEP,-162982.39259,WHO Triple Billion Indicators
5108,2026,country,428,Latvia,HPOP,229029.80222180003,WHO Triple Billion Indicators
5109,2026,country,428,Latvia,UHC,3017.854618400007,WHO Triple Billion Indicators
5110,2026,country,422,Lebanon,HEP,1315163.20929,WHO Triple Billion Indicators
5111,2026,country,422,Lebanon,HPOP,-18568.100032300004,WHO Triple Billion Indicators
5112,2026,country,422,Lebanon,UHC,102624.05045100002,WHO Triple Billion Indicators
5113,2026,country,426,Lesotho,HEP,-350471.48139999993,WHO Triple Billion Indicators
5114,2026,country,426,Lesotho,HPOP,437272.46745939995,WHO Triple Billion Indicators
5115,2026,country,426,Lesotho,UHC,169859.409204,WHO Triple Billion Indicators
5116,2026,country,430,Liberia,HEP,1144197.8306,WHO Triple Billion Indicators
5117,2026,country,430,Liberia,HPOP,-426175.72537349997,WHO Triple Billion Indicators
5118,2026,country,430,Liberia,UHC,683594.105439,WHO Triple Billion Indicators
5119,2026,country,434,Libya,HEP,611394.158,WHO Triple Billion Indicators
5120,2026,country,434,Libya,HPOP,-171712.62516799997,WHO Triple Billion Indicators
5121,2026,country,434,Libya,UHC,129615.087213,WHO Triple Billion Indicators
5122,2026,country,440,Lithuania,HEP,257134.348416,WHO Triple Billion Indicators
5123,2026,country,440,Lithuania,HPOP,288773.47774919996,WHO Triple Billion Indicators
5124,2026,country,440,Lithuania,UHC,97704.05868699998,WHO Triple Billion Indicators
5125,2026,country,442,Luxembourg,HEP,50162.159351,WHO Triple Billion Indicators
5126,2026,country,442,Luxembourg,HPOP,66900.70944939,WHO Triple Billion Indicators
5127,2026,country,442,Luxembourg,UHC,56040.80047032699,WHO Triple Billion Indicators
5128,2026,country,450,Madagascar,HEP,14416370.893,WHO Triple Billion Indicators
5129,2026,country,450,Madagascar,HPOP,4067321.288641,WHO Triple Billion Indicators
5130,2026,country,450,Madagascar,UHC,2685327.1636640998,WHO Triple Billion Indicators
5131,2026,country,454,Malawi,HEP,4541079.69687,WHO Triple Billion Indicators
5132,2026,country,454,Malawi,HPOP,4965085.286222,WHO Triple Billion Indicators
5133,2026,country,454,Malawi,UHC,2691418.79921,WHO Triple Billion Indicators
5134,2026,country,458,Malaysia,HEP,-7443555.6027,WHO Triple Billion Indicators
5135,2026,country,458,Malaysia,HPOP,-407826.10105299996,WHO Triple Billion Indicators
5136,2026,country,458,Malaysia,UHC,2188998.6324010002,WHO Triple Billion Indicators
5137,2026,country,462,Maldives,HEP,145690.08930199998,WHO Triple Billion Indicators
5138,2026,country,462,Maldives,HPOP,-7937.259406999998,WHO Triple Billion Indicators
5139,2026,country,462,Maldives,UHC,39087.146249252,WHO Triple Billion Indicators
5140,2026,country,466,Mali,HEP,-1357121.1849,WHO Triple Billion Indicators
5141,2026,country,466,Mali,HPOP,1490627.2361919999,WHO Triple Billion Indicators
5142,2026,country,466,Mali,UHC,2077415.612238,WHO Triple Billion Indicators
5143,2026,country,470,Malta,HEP,109096.05067000001,WHO Triple Billion Indicators
5144,2026,country,470,Malta,HPOP,9456.572038159999,WHO Triple Billion Indicators
5145,2026,country,470,Malta,UHC,57130.594540759,WHO Triple Billion Indicators
5146,2026,country,584,Marshall Islands,HEP,-11187.61712,WHO Triple Billion Indicators
5147,2026,country,584,Marshall Islands,HPOP,-1354.9003692600002,WHO Triple Billion Indicators
5148,2026,country,584,Marshall Islands,UHC,-384.09872216999986,WHO Triple Billion Indicators
5149,2026,country,478,Mauritania,HEP,1884631.41628,WHO Triple Billion Indicators
5150,2026,country,478,Mauritania,HPOP,76708.79687710002,WHO Triple Billion Indicators
5151,2026,country,478,Mauritania,UHC,328501.93097,WHO Triple Billion Indicators
5152,2026,country,480,Mauritius,HEP,-372953.18908,WHO Triple Billion Indicators
5153,2026,country,480,Mauritius,HPOP,-14992.272132499998,WHO Triple Billion Indicators
5154,2026,country,480,Mauritius,UHC,-12910.64679088,WHO Triple Billion Indicators
5155,2026,country,484,Mexico,HEP,-49149291.249,WHO Triple Billion Indicators
5156,2026,country,484,Mexico,HPOP,24454725.892690003,WHO Triple Billion Indicators
5157,2026,country,484,Mexico,UHC,1197263.1766399997,WHO Triple Billion Indicators
5158,2026,country,583,Micronesia (Federated States of),HEP,43359.511957,WHO Triple Billion Indicators
5159,2026,country,583,Micronesia (Federated States of),HPOP,-3902.098534229,WHO Triple Billion Indicators
5160,2026,country,583,Micronesia (Federated States of),UHC,11272.920276179999,WHO Triple Billion Indicators
5161,2026,country,492,Monaco,HEP,-4094.612467,WHO Triple Billion Indicators
5162,2026,country,492,Monaco,HPOP,-12058.558739584001,WHO Triple Billion Indicators
5163,2026,country,492,Monaco,UHC,-30.453480880999848,WHO Triple Billion Indicators
5164,2026,country,496,Mongolia,HEP,-1133150.22612,WHO Triple Billion Indicators
5165,2026,country,496,Mongolia,HPOP,820826.824754,WHO Triple Billion Indicators
5166,2026,country,496,Mongolia,UHC,-63243.05941299998,WHO Triple Billion Indicators
5167,2026,country,499,Montenegro,HEP,28545.57849999999,WHO Triple Billion Indicators
5168,2026,country,499,Montenegro,HPOP,128089.55730307201,WHO Triple Billion Indicators
5169,2026,country,499,Montenegro,UHC,26501.064467099997,WHO Triple Billion Indicators
5170,2026,country,504,Morocco,HEP,238261.71045999994,WHO Triple Billion Indicators
5171,2026,country,504,Morocco,HPOP,4487960.754451,WHO Triple Billion Indicators
5172,2026,country,504,Morocco,UHC,1431709.2182800001,WHO Triple Billion Indicators
5173,2026,country,508,Mozambique,HEP,15734767.9303,WHO Triple Billion Indicators
5174,2026,country,508,Mozambique,HPOP,1960735.9768,WHO Triple Billion Indicators
5175,2026,country,508,Mozambique,UHC,4421026.313848,WHO Triple Billion Indicators
5176,2026,country,104,Myanmar,HEP,-6680881.261,WHO Triple Billion Indicators
5177,2026,country,104,Myanmar,HPOP,21285724.97865,WHO Triple Billion Indicators
5178,2026,country,104,Myanmar,UHC,3643072.86118,WHO Triple Billion Indicators
5179,2026,country,516,Namibia,HEP,216701.29910000006,WHO Triple Billion Indicators
5180,2026,country,516,Namibia,HPOP,92666.83293299998,WHO Triple Billion Indicators
5181,2026,country,516,Namibia,UHC,372849.350841,WHO Triple Billion Indicators
5182,2026,country,520,Nauru,HEP,-373.2358628,WHO Triple Billion Indicators
5183,2026,country,520,Nauru,HPOP,-38.84546781900001,WHO Triple Billion Indicators
5184,2026,country,520,Nauru,UHC,789.449817423,WHO Triple Billion Indicators
5185,2026,country,524,Nepal,HEP,16985631.4359,WHO Triple Billion Indicators
5186,2026,country,524,Nepal,HPOP,7785366.91492,WHO Triple Billion Indicators
5187,2026,country,524,Nepal,UHC,4326115.2217,WHO Triple Billion Indicators
5188,2026,country,528,Netherlands (Kingdom of the),HEP,-2762881.8542,WHO Triple Billion Indicators
5189,2026,country,528,Netherlands (Kingdom of the),HPOP,1424020.8245121,WHO Triple Billion Indicators
5190,2026,country,528,Netherlands (Kingdom of the),UHC,406247.7398202999,WHO Triple Billion Indicators
5191,2026,country,554,New Zealand,HEP,43369.10046999999,WHO Triple Billion Indicators
5192,2026,country,554,New Zealand,HPOP,266278.91029439995,WHO Triple Billion Indicators
5193,2026,country,554,New Zealand,UHC,443901.0147047,WHO Triple Billion Indicators
5194,2026,country,558,Nicaragua,HEP,1585847.78909,WHO Triple Billion Indicators
5195,2026,country,558,Nicaragua,HPOP,635887.7591327,WHO Triple Billion Indicators
5196,2026,country,558,Nicaragua,UHC,711605.79265,WHO Triple Billion Indicators
5197,2026,country,562,Niger,HEP,6633646.13,WHO Triple Billion Indicators
5198,2026,country,562,Niger,HPOP,1028518.5104670001,WHO Triple Billion Indicators
5199,2026,country,562,Niger,UHC,3149721.356774,WHO Triple Billion Indicators
5200,2026,country,566,Nigeria,HEP,9017859.152,WHO Triple Billion Indicators
5201,2026,country,566,Nigeria,HPOP,63558002.5941,WHO Triple Billion Indicators
5202,2026,country,566,Nigeria,UHC,17335192.2569,WHO Triple Billion Indicators
5203,2026,country,570,Niue,HEP,-91.737042312,WHO Triple Billion Indicators
5204,2026,country,570,Niue,HPOP,-108.407898985,WHO Triple Billion Indicators
5205,2026,country,570,Niue,UHC,72.72198029799999,WHO Triple Billion Indicators
5206,2026,country,807,North Macedonia,HEP,-230905.25739999997,WHO Triple Billion Indicators
5207,2026,country,807,North Macedonia,HPOP,252667.48415,WHO Triple Billion Indicators
5208,2026,country,807,North Macedonia,UHC,87511.4907959,WHO Triple Billion Indicators
5209,2026,country,578,Norway,HEP,655958.0844,WHO Triple Billion Indicators
5210,2026,country,578,Norway,HPOP,245599.96453049997,WHO Triple Billion Indicators
5211,2026,country,578,Norway,UHC,456584.923356754,WHO Triple Billion Indicators
5212,2026,country,512,Oman,HEP,-779626.10984,WHO Triple Billion Indicators
5213,2026,country,512,Oman,HPOP,-67236.82681184,WHO Triple Billion Indicators
5214,2026,country,512,Oman,UHC,-13540.364938999996,WHO Triple Billion Indicators
5215,2026,country,586,Pakistan,HEP,26527088.02,WHO Triple Billion Indicators
5216,2026,country,586,Pakistan,HPOP,70921590.59787,WHO Triple Billion Indicators
5217,2026,country,586,Pakistan,UHC,20459726.4329,WHO Triple Billion Indicators
5218,2026,country,585,Palau,HEP,-1138.1294115,WHO Triple Billion Indicators
5219,2026,country,585,Palau,HPOP,-1490.7316743359997,WHO Triple Billion Indicators
5220,2026,country,585,Palau,UHC,520.4989219720001,WHO Triple Billion Indicators
5221,2026,country,591,Panama,HEP,63090.36690000002,WHO Triple Billion Indicators
5222,2026,country,591,Panama,HPOP,356074.13434399996,WHO Triple Billion Indicators
5223,2026,country,591,Panama,UHC,436875.788337,WHO Triple Billion Indicators
5224,2026,country,598,Papua New Guinea,HEP,-1593195.0408,WHO Triple Billion Indicators
5225,2026,country,598,Papua New Guinea,HPOP,-11669.432002000045,WHO Triple Billion Indicators
5226,2026,country,598,Papua New Guinea,UHC,251833.338176,WHO Triple Billion Indicators
5227,2026,country,600,Paraguay,HEP,-898883.14742,WHO Triple Billion Indicators
5228,2026,country,600,Paraguay,HPOP,701311.081735,WHO Triple Billion Indicators
5229,2026,country,600,Paraguay,UHC,535725.500964,WHO Triple Billion Indicators
5230,2026,country,604,Peru,HEP,-8708174.934999999,WHO Triple Billion Indicators
5231,2026,country,604,Peru,HPOP,8962752.220278,WHO Triple Billion Indicators
5232,2026,country,604,Peru,UHC,1085682.7133939997,WHO Triple Billion Indicators
5233,2026,country,608,Philippines,HEP,31606644.393,WHO Triple Billion Indicators
5234,2026,country,608,Philippines,HPOP,15071982.01902,WHO Triple Billion Indicators
5235,2026,country,608,Philippines,UHC,16205648.91943,WHO Triple Billion Indicators
5236,2026,country,616,Poland,HEP,6917227.886,WHO Triple Billion Indicators
5237,2026,country,616,Poland,HPOP,3322252.3062151703,WHO Triple Billion Indicators
5238,2026,country,616,Poland,UHC,3094358.669553,WHO Triple Billion Indicators
5239,2026,country,620,Portugal,HEP,1801279.73671,WHO Triple Billion Indicators
5240,2026,country,620,Portugal,HPOP,764404.7113410999,WHO Triple Billion Indicators
5241,2026,country,620,Portugal,UHC,682127.3896808999,WHO Triple Billion Indicators
5242,2026,country,634,Qatar,HEP,261855.66202,WHO Triple Billion Indicators
5243,2026,country,634,Qatar,HPOP,150360.80788069998,WHO Triple Billion Indicators
5244,2026,country,634,Qatar,UHC,78819.77242281001,WHO Triple Billion Indicators
5245,2026,country,410,Republic of Korea,HEP,4481816.4127,WHO Triple Billion Indicators
5246,2026,country,410,Republic of Korea,HPOP,5317308.247233,WHO Triple Billion Indicators
5247,2026,country,410,Republic of Korea,UHC,3369628.233614,WHO Triple Billion Indicators
5248,2026,country,498,Republic of Moldova,HEP,180243.39536999998,WHO Triple Billion Indicators
5249,2026,country,498,Republic of Moldova,HPOP,260524.55045337998,WHO Triple Billion Indicators
5250,2026,country,498,Republic of Moldova,UHC,112994.905994,WHO Triple Billion Indicators
5251,2026,country,642,Romania,HEP,-4985802.108,WHO Triple Billion Indicators
5252,2026,country,642,Romania,HPOP,1968646.74525,WHO Triple Billion Indicators
5253,2026,country,642,Romania,UHC,108932.80840999993,WHO Triple Billion Indicators
5254,2026,country,643,Russian Federation,HEP,4742267.281400001,WHO Triple Billion Indicators
5255,2026,country,643,Russian Federation,HPOP,-19103883.13835,WHO Triple Billion Indicators
5256,2026,country,643,Russian Federation,UHC,4487197.37432,WHO Triple Billion Indicators
5257,2026,country,646,Rwanda,HEP,-500933.8158999999,WHO Triple Billion Indicators
5258,2026,country,646,Rwanda,HPOP,2756427.17908,WHO Triple Billion Indicators
5259,2026,country,646,Rwanda,UHC,1736455.826298,WHO Triple Billion Indicators
5260,2026,country,659,Saint Kitts and Nevis,HEP,16450.362939,WHO Triple Billion Indicators
5261,2026,country,659,Saint Kitts and Nevis,HPOP,-2512.14728142,WHO Triple Billion Indicators
5262,2026,country,659,Saint Kitts and Nevis,UHC,4824.552271959,WHO Triple Billion Indicators
5263,2026,country,662,Saint Lucia,HEP,-6130.456930999999,WHO Triple Billion Indicators
5264,2026,country,662,Saint Lucia,HPOP,-9496.407993185,WHO Triple Billion Indicators
5265,2026,country,662,Saint Lucia,UHC,5572.60071649,WHO Triple Billion Indicators
5266,2026,country,670,Saint Vincent and the Grenadines,HEP,23673.9315091,WHO Triple Billion Indicators
5267,2026,country,670,Saint Vincent and the Grenadines,HPOP,-8652.59382312,WHO Triple Billion Indicators
5268,2026,country,670,Saint Vincent and the Grenadines,UHC,9794.255972118,WHO Triple Billion Indicators
5269,2026,country,882,Samoa,HEP,-1043.5166400000016,WHO Triple Billion Indicators
5270,2026,country,882,Samoa,HPOP,4596.898404719999,WHO Triple Billion Indicators
5271,2026,country,882,Samoa,UHC,14402.67421968,WHO Triple Billion Indicators
5272,2026,country,674,San Marino,HEP,-12086.119805,WHO Triple Billion Indicators
5273,2026,country,674,San Marino,HPOP,-9572.717000382,WHO Triple Billion Indicators
5274,2026,country,674,San Marino,UHC,-313.19094441200014,WHO Triple Billion Indicators
5275,2026,country,678,Sao Tome and Principe,HEP,9175.559089999999,WHO Triple Billion Indicators
5276,2026,country,678,Sao Tome and Principe,HPOP,23529.11825506,WHO Triple Billion Indicators
5277,2026,country,678,Sao Tome and Principe,UHC,26090.511279899998,WHO Triple Billion Indicators
5278,2026,country,682,Saudi Arabia,HEP,12166401.4226,WHO Triple Billion Indicators
5279,2026,country,682,Saudi Arabia,HPOP,1018535.7986349999,WHO Triple Billion Indicators
5280,2026,country,682,Saudi Arabia,UHC,3302076.994046,WHO Triple Billion Indicators
5281,2026,country,686,Senegal,HEP,3479188.5735,WHO Triple Billion Indicators
5282,2026,country,686,Senegal,HPOP,-50193.10698230006,WHO Triple Billion Indicators
5283,2026,country,686,Senegal,UHC,2427738.7230869997,WHO Triple Billion Indicators
5284,2026,country,688,Serbia,HEP,6362.7970000000205,WHO Triple Billion Indicators
5285,2026,country,688,Serbia,HPOP,856712.4182290001,WHO Triple Billion Indicators
5286,2026,country,688,Serbia,UHC,-150086.711813,WHO Triple Billion Indicators
5287,2026,country,690,Seychelles,HEP,12548.1115892,WHO Triple Billion Indicators
5288,2026,country,690,Seychelles,HPOP,-4287.29137149,WHO Triple Billion Indicators
5289,2026,country,690,Seychelles,UHC,15843.28741743,WHO Triple Billion Indicators
5290,2026,country,694,Sierra Leone,HEP,3203810.3234,WHO Triple Billion Indicators
5291,2026,country,694,Sierra Leone,HPOP,712148.1634573999,WHO Triple Billion Indicators
5292,2026,country,694,Sierra Leone,UHC,604303.9356643,WHO Triple Billion Indicators
5293,2026,country,702,Singapore,HEP,499184.26242,WHO Triple Billion Indicators
5294,2026,country,702,Singapore,HPOP,-47253.92261170001,WHO Triple Billion Indicators
5295,2026,country,702,Singapore,UHC,598191.989203,WHO Triple Billion Indicators
5296,2026,country,703,Slovakia,HEP,-379875.3761,WHO Triple Billion Indicators
5297,2026,country,703,Slovakia,HPOP,174276.01379290002,WHO Triple Billion Indicators
5298,2026,country,703,Slovakia,UHC,238984.0840351,WHO Triple Billion Indicators
5299,2026,country,705,Slovenia,HEP,7152.367220000011,WHO Triple Billion Indicators
5300,2026,country,705,Slovenia,HPOP,271780.59040275996,WHO Triple Billion Indicators
5301,2026,country,705,Slovenia,UHC,130342.995582,WHO Triple Billion Indicators
5302,2026,country,90,Solomon Islands,HEP,223098.7707,WHO Triple Billion Indicators
5303,2026,country,90,Solomon Islands,HPOP,-18753.7305681,WHO Triple Billion Indicators
5304,2026,country,90,Solomon Islands,UHC,72370.08105790001,WHO Triple Billion Indicators
5305,2026,country,706,Somalia,HEP,1809936.0535,WHO Triple Billion Indicators
5306,2026,country,706,Somalia,HPOP,1644804.563451,WHO Triple Billion Indicators
5307,2026,country,706,Somalia,UHC,1288533.7642387499,WHO Triple Billion Indicators
5308,2026,country,710,South Africa,HEP,11096896.175,WHO Triple Billion Indicators
5309,2026,country,710,South Africa,HPOP,4360036.302548001,WHO Triple Billion Indicators
5310,2026,country,710,South Africa,UHC,7021782.0754390005,WHO Triple Billion Indicators
5311,2026,country,728,South Sudan,HEP,394759.19039999996,WHO Triple Billion Indicators
5312,2026,country,728,South Sudan,HPOP,7088.757870599965,WHO Triple Billion Indicators
5313,2026,country,728,South Sudan,UHC,789210.02174,WHO Triple Billion Indicators
5314,2026,country,724,Spain,HEP,-1902376.2112899998,WHO Triple Billion Indicators
5315,2026,country,724,Spain,HPOP,4247112.045731,WHO Triple Billion Indicators
5316,2026,country,724,Spain,UHC,834618.8624096,WHO Triple Billion Indicators
5317,2026,country,144,Sri Lanka,HEP,8663136.6411,WHO Triple Billion Indicators
5318,2026,country,144,Sri Lanka,HPOP,1122361.0192495,WHO Triple Billion Indicators
5319,2026,country,144,Sri Lanka,UHC,2563973.1694980003,WHO Triple Billion Indicators
5320,2026,country,729,Sudan,HEP,-12763847.621699998,WHO Triple Billion Indicators
5321,2026,country,729,Sudan,HPOP,9197693.729669,WHO Triple Billion Indicators
5322,2026,country,729,Sudan,UHC,2729849.081644,WHO Triple Billion Indicators
5323,2026,country,740,Suriname,HEP,-342123.52278999996,WHO Triple Billion Indicators
5324,2026,country,740,Suriname,HPOP,-14118.778927779997,WHO Triple Billion Indicators
5325,2026,country,740,Suriname,UHC,7925.4050953000005,WHO Triple Billion Indicators
5326,2026,country,752,Sweden,HEP,-575207.1630399999,WHO Triple Billion Indicators
5327,2026,country,752,Sweden,HPOP,894071.365519,WHO Triple Billion Indicators
5328,2026,country,752,Sweden,UHC,359098.22574275,WHO Triple Billion Indicators
5329,2026,country,756,Switzerland,HEP,-800037.7709000001,WHO Triple Billion Indicators
5330,2026,country,756,Switzerland,HPOP,484327.936417,WHO Triple Billion Indicators
5331,2026,country,756,Switzerland,UHC,456982.51491517,WHO Triple Billion Indicators
5332,2026,country,760,Syrian Arab Republic,HEP,-9256428.045,WHO Triple Billion Indicators
5333,2026,country,760,Syrian Arab Republic,HPOP,-1673815.8182950001,WHO Triple Billion Indicators
5334,2026,country,760,Syrian Arab Republic,UHC,2072177.6969189001,WHO Triple Billion Indicators
5335,2026,country,762,Tajikistan,HEP,1514156.8790799999,WHO Triple Billion Indicators
5336,2026,country,762,Tajikistan,HPOP,2231842.799978,WHO Triple Billion Indicators
5337,2026,country,762,Tajikistan,UHC,1559379.12204,WHO Triple Billion Indicators
5338,2026,country,764,Thailand,HEP,11081096.887,WHO Triple Billion Indicators
5339,2026,country,764,Thailand,HPOP,6439219.873753,WHO Triple Billion Indicators
5340,2026,country,764,Thailand,UHC,8895204.316382,WHO Triple Billion Indicators
5341,2026,country,626,Timor-Leste,HEP,719886.1305,WHO Triple Billion Indicators
5342,2026,country,626,Timor-Leste,HPOP,196093.7809756,WHO Triple Billion Indicators
5343,2026,country,626,Timor-Leste,UHC,214316.028532,WHO Triple Billion Indicators
5344,2026,country,768,Togo,HEP,3460213.17608,WHO Triple Billion Indicators
5345,2026,country,768,Togo,HPOP,1264657.463751,WHO Triple Billion Indicators
5346,2026,country,768,Togo,UHC,835170.749745,WHO Triple Billion Indicators
5347,2026,country,776,Tonga,HEP,19187.012608,WHO Triple Billion Indicators
5348,2026,country,776,Tonga,HPOP,2335.760941719999,WHO Triple Billion Indicators
5349,2026,country,776,Tonga,UHC,9069.117084678,WHO Triple Billion Indicators
5350,2026,country,780,Trinidad and Tobago,HEP,511693.77081,WHO Triple Billion Indicators
5351,2026,country,780,Trinidad and Tobago,HPOP,-49201.66875166,WHO Triple Billion Indicators
5352,2026,country,780,Trinidad and Tobago,UHC,151211.3482531,WHO Triple Billion Indicators
5353,2026,country,788,Tunisia,HEP,2075412.0785179997,WHO Triple Billion Indicators
5354,2026,country,788,Tunisia,HPOP,610699.5843760001,WHO Triple Billion Indicators
5355,2026,country,788,Tunisia,UHC,491537.22380680003,WHO Triple Billion Indicators
5356,2026,country,795,Turkmenistan,HEP,1297755.217,WHO Triple Billion Indicators
5357,2026,country,795,Turkmenistan,HPOP,632091.5641485,WHO Triple Billion Indicators
5358,2026,country,795,Turkmenistan,UHC,417127.60854800005,WHO Triple Billion Indicators
5359,2026,country,798,Tuvalu,HEP,1859.7772272799998,WHO Triple Billion Indicators
5360,2026,country,798,Tuvalu,HPOP,364.9614471300001,WHO Triple Billion Indicators
5361,2026,country,798,Tuvalu,UHC,855.876223387,WHO Triple Billion Indicators
5362,2026,country,792,Türkiye,HEP,8112892.531,WHO Triple Billion Indicators
5363,2026,country,792,Türkiye,HPOP,12025913.55445,WHO Triple Billion Indicators
5364,2026,country,792,Türkiye,UHC,8391359.23123,WHO Triple Billion Indicators
5365,2026,country,800,Uganda,HEP,12419251.293,WHO Triple Billion Indicators
5366,2026,country,800,Uganda,HPOP,4424819.866377,WHO Triple Billion Indicators
5367,2026,country,800,Uganda,UHC,5645325.48111,WHO Triple Billion Indicators
5368,2026,country,804,Ukraine,HEP,-7790053.835,WHO Triple Billion Indicators
5369,2026,country,804,Ukraine,HPOP,106575.45848000009,WHO Triple Billion Indicators
5370,2026,country,804,Ukraine,UHC,-1637578.6269,WHO Triple Billion Indicators
5371,2026,country,784,United Arab Emirates,HEP,481642.49363000004,WHO Triple Billion Indicators
5372,2026,country,784,United Arab Emirates,HPOP,668399.8781164,WHO Triple Billion Indicators
5373,2026,country,784,United Arab Emirates,UHC,584798.2017966,WHO Triple Billion Indicators
5374,2026,country,826,United Kingdom of Great Britain and Northern Ireland,HEP,2162215.8654,WHO Triple Billion Indicators
5375,2026,country,826,United Kingdom of Great Britain and Northern Ireland,HPOP,5098400.00301,WHO Triple Billion Indicators
5376,2026,country,826,United Kingdom of Great Britain and Northern Ireland,UHC,3838436.083488,WHO Triple Billion Indicators
5377,2026,country,834,United Republic of Tanzania,HEP,19428491.364,WHO Triple Billion Indicators
5378,2026,country,834,United Republic of Tanzania,HPOP,10611760.050715,WHO Triple Billion Indicators
5379,2026,country,834,United Republic of Tanzania,UHC,9404300.34848,WHO Triple Billion Indicators
5380,2026,country,840,United States of America,HEP,9398759.562099999,WHO Triple Billion Indicators
5381,2026,country,840,United States of America,HPOP,8552283.79215,WHO Triple Billion Indicators
5382,2026,country,840,United States of America,UHC,17301106.89314,WHO Triple Billion Indicators
5383,2026,country,858,Uruguay,HEP,-1092188.37752,WHO Triple Billion Indicators
5384,2026,country,858,Uruguay,HPOP,-5531.277797000025,WHO Triple Billion Indicators
5385,2026,country,858,Uruguay,UHC,-282119.19970420003,WHO Triple Billion Indicators
5386,2026,country,860,Uzbekistan,HEP,17595266.0025,WHO Triple Billion Indicators
5387,2026,country,860,Uzbekistan,HPOP,3361912.2986620003,WHO Triple Billion Indicators
5388,2026,country,860,Uzbekistan,UHC,6451861.93373,WHO Triple Billion Indicators
5389,2026,country,548,Vanuatu,HEP,142778.08336,WHO Triple Billion Indicators
5390,2026,country,548,Vanuatu,HPOP,-23530.232107789998,WHO Triple Billion Indicators
5391,2026,country,548,Vanuatu,UHC,28211.184650260002,WHO Triple Billion Indicators
5392,2026,country,862,Venezuela (Bolivarian Republic of),HEP,1447853.836,WHO Triple Billion Indicators
5393,2026,country,862,Venezuela (Bolivarian Republic of),HPOP,-10153.609032000044,WHO Triple Billion Indicators
5394,2026,country,862,Venezuela (Bolivarian Republic of),UHC,1570716.0269900002,WHO Triple Billion Indicators
5395,2026,country,704,Viet Nam,HEP,-20675369.017,WHO Triple Billion Indicators
5396,2026,country,704,Viet Nam,HPOP,14597634.72992,WHO Triple Billion Indicators
5397,2026,country,704,Viet Nam,UHC,11140086.92506,WHO Triple Billion Indicators
5398,2026,country,887,Yemen,HEP,-3868222.3222,WHO Triple Billion Indicators
5399,2026,country,887,Yemen,HPOP,-1234012.54429,WHO Triple Billion Indicators
5400,2026,country,887,Yemen,UHC,1946759.9658400002,WHO Triple Billion Indicators
5401,2026,country,894,Zambia,HEP,3887723.0590000013,WHO Triple Billion Indicators
5402,2026,country,894,Zambia,HPOP,322784.64203,WHO Triple Billion Indicators
5403,2026,country,894,Zambia,UHC,3092404.33144,WHO Triple Billion Indicators
5404,2026,country,716,Zimbabwe,HEP,4206653.5622614,WHO Triple Billion Indicators
5405,2026,country,716,Zimbabwe,HPOP,-401172.237302,WHO Triple Billion Indicators
5406,2026,country,716,Zimbabwe,UHC,1842966.6148303698,WHO Triple Billion Indicators
5407,2026,global,1,World,HEP,813241068.371,WHO Triple Billion Indicators
5408,2026,global,1,World,HPOP,1646050903.9891999,WHO Triple Billion Indicators
5409,2026,global,1,World,UHC,652905528.3589,WHO Triple Billion Indicators
5410,2026,who_region,953,Africa,HEP,253344306.42000002,WHO Triple Billion Indicators
5411,2026,who_region,953,Africa,HPOP,140182214.4551,WHO Triple Billion Indicators
5412,2026,who_region,953,Africa,UHC,122648564.9813,WHO Triple Billion Indicators
5413,2026,who_region,954,Americas,HEP,-41291293.68,WHO Triple Billion Indicators
5414,2026,who_region,954,Americas,HPOP,73913186.61357,WHO Triple Billion Indicators
5415,2026,who_region,954,Americas,UHC,41024593.0201,WHO Triple Billion Indicators
5416,2026,who_region,957,Eastern Mediterranean,HEP,26973945.28,WHO Triple Billion Indicators
5417,2026,who_region,957,Eastern Mediterranean,HPOP,94680882.63097,WHO Triple Billion Indicators
5418,2026,who_region,957,Eastern Mediterranean,UHC,53564547.5335,WHO Triple Billion Indicators
5419,2026,who_region,956,Europe,HEP,34726345.265,WHO Triple Billion Indicators
5420,2026,who_region,956,Europe,HPOP,54581050.564921,WHO Triple Billion Indicators
5421,2026,who_region,956,Europe,UHC,43818416.2264,WHO Triple Billion Indicators
5422,2026,who_region,955,South-East Asia,HEP,489078443.68,WHO Triple Billion Indicators
5423,2026,who_region,955,South-East Asia,HPOP,844269111.2573,WHO Triple Billion Indicators
5424,2026,who_region,955,South-East Asia,UHC,275357982.676,WHO Triple Billion Indicators
5425,2026,who_region,958,Western Pacific,HEP,50409321.257,WHO Triple Billion Indicators
5426,2026,who_region,958,Western Pacific,HPOP,438424458.54792,WHO Triple Billion Indicators
5427,2026,who_region,958,Western Pacific,UHC,116491423.9777,WHO Triple Billion Indicators
5428,2027,country,4,Afghanistan,HEP,10267681.689,WHO Triple Billion Indicators
5429,2027,country,4,Afghanistan,HPOP,12597800.595801,WHO Triple Billion Indicators
5430,2027,country,4,Afghanistan,UHC,1505569.67161,WHO Triple Billion Indicators
5431,2027,country,8,Albania,HEP,1175219.61709,WHO Triple Billion Indicators
5432,2027,country,8,Albania,HPOP,782168.1442931,WHO Triple Billion Indicators
5433,2027,country,8,Albania,UHC,526577.4789474,WHO Triple Billion Indicators
5434,2027,country,12,Algeria,HEP,-10441351.373,WHO Triple Billion Indicators
5435,2027,country,12,Algeria,HPOP,-5202084.89647,WHO Triple Billion Indicators
5436,2027,country,12,Algeria,UHC,1771551.6778850001,WHO Triple Billion Indicators
5437,2027,country,20,Andorra,HEP,17826.185799,WHO Triple Billion Indicators
5438,2027,country,20,Andorra,HPOP,-18097.519164905,WHO Triple Billion Indicators
5439,2027,country,20,Andorra,UHC,6549.77723451,WHO Triple Billion Indicators
5440,2027,country,24,Angola,HEP,2962583.655,WHO Triple Billion Indicators
5441,2027,country,24,Angola,HPOP,-2179658.97472,WHO Triple Billion Indicators
5442,2027,country,24,Angola,UHC,3457233.783762,WHO Triple Billion Indicators
5443,2027,country,28,Antigua and Barbuda,HEP,29609.7765709,WHO Triple Billion Indicators
5444,2027,country,28,Antigua and Barbuda,HPOP,-13995.056021269,WHO Triple Billion Indicators
5445,2027,country,28,Antigua and Barbuda,UHC,10441.300460134,WHO Triple Billion Indicators
5446,2027,country,32,Argentina,HEP,1190236.1039999998,WHO Triple Billion Indicators
5447,2027,country,32,Argentina,HPOP,-1734191.1573400002,WHO Triple Billion Indicators
5448,2027,country,32,Argentina,UHC,3263821.8857269,WHO Triple Billion Indicators
5449,2027,country,51,Armenia,HEP,172573.57801,WHO Triple Billion Indicators
5450,2027,country,51,Armenia,HPOP,155097.1095996,WHO Triple Billion Indicators
5451,2027,country,51,Armenia,UHC,161541.973115506,WHO Triple Billion Indicators
5452,2027,country,36,Australia,HEP,470739.3566000002,WHO Triple Billion Indicators
5453,2027,country,36,Australia,HPOP,-530497.884999,WHO Triple Billion Indicators
5454,2027,country,36,Australia,UHC,2422279.62962953,WHO Triple Billion Indicators
5455,2027,country,40,Austria,HEP,2028351.27615,WHO Triple Billion Indicators
5456,2027,country,40,Austria,HPOP,899310.0844459,WHO Triple Billion Indicators
5457,2027,country,40,Austria,UHC,1053258.34648684,WHO Triple Billion Indicators
5458,2027,country,31,Azerbaijan,HEP,129389.17830000003,WHO Triple Billion Indicators
5459,2027,country,31,Azerbaijan,HPOP,1275113.8271110002,WHO Triple Billion Indicators
5460,2027,country,31,Azerbaijan,UHC,1079508.345669,WHO Triple Billion Indicators
5461,2027,country,44,Bahamas,HEP,43367.68613,WHO Triple Billion Indicators
5462,2027,country,44,Bahamas,HPOP,-14040.78501911,WHO Triple Billion Indicators
5463,2027,country,44,Bahamas,UHC,20441.111052898,WHO Triple Billion Indicators
5464,2027,country,48,Bahrain,HEP,-125077.45857199999,WHO Triple Billion Indicators
5465,2027,country,48,Bahrain,HPOP,88443.60571513,WHO Triple Billion Indicators
5466,2027,country,48,Bahrain,UHC,101295.67257909,WHO Triple Billion Indicators
5467,2027,country,50,Bangladesh,HEP,39220685.991000004,WHO Triple Billion Indicators
5468,2027,country,50,Bangladesh,HPOP,51893017.95149,WHO Triple Billion Indicators
5469,2027,country,50,Bangladesh,UHC,16970241.1397,WHO Triple Billion Indicators
5470,2027,country,52,Barbados,HEP,7873.443309999999,WHO Triple Billion Indicators
5471,2027,country,52,Barbados,HPOP,-26738.47740846,WHO Triple Billion Indicators
5472,2027,country,52,Barbados,UHC,14744.594616800001,WHO Triple Billion Indicators
5473,2027,country,112,Belarus,HEP,413438.52509,WHO Triple Billion Indicators
5474,2027,country,112,Belarus,HPOP,99309.82964900004,WHO Triple Billion Indicators
5475,2027,country,112,Belarus,UHC,-185549.36948550012,WHO Triple Billion Indicators
5476,2027,country,56,Belgium,HEP,-4473170.495080001,WHO Triple Billion Indicators
5477,2027,country,56,Belgium,HPOP,1343225.991366,WHO Triple Billion Indicators
5478,2027,country,56,Belgium,UHC,-472138.3240945899,WHO Triple Billion Indicators
5479,2027,country,84,Belize,HEP,115196.41021,WHO Triple Billion Indicators
5480,2027,country,84,Belize,HPOP,-26775.5553824,WHO Triple Billion Indicators
5481,2027,country,84,Belize,UHC,38898.63265338,WHO Triple Billion Indicators
5482,2027,country,204,Benin,HEP,2473108.366,WHO Triple Billion Indicators
5483,2027,country,204,Benin,HPOP,-2972.585847999996,WHO Triple Billion Indicators
5484,2027,country,204,Benin,UHC,962646.3577845001,WHO Triple Billion Indicators
5485,2027,country,64,Bhutan,HEP,167080.966236,WHO Triple Billion Indicators
5486,2027,country,64,Bhutan,HPOP,290035.26287508,WHO Triple Billion Indicators
5487,2027,country,64,Bhutan,UHC,102264.663458,WHO Triple Billion Indicators
5488,2027,country,68,Bolivia (Plurinational State of),HEP,1145575.4797,WHO Triple Billion Indicators
5489,2027,country,68,Bolivia (Plurinational State of),HPOP,423066.117124,WHO Triple Billion Indicators
5490,2027,country,68,Bolivia (Plurinational State of),UHC,1969370.4470570001,WHO Triple Billion Indicators
5491,2027,country,70,Bosnia and Herzegovina,HEP,-23945.832600000023,WHO Triple Billion Indicators
5492,2027,country,70,Bosnia and Herzegovina,HPOP,547511.98856,WHO Triple Billion Indicators
5493,2027,country,70,Bosnia and Herzegovina,UHC,-44158.31830810002,WHO Triple Billion Indicators
5494,2027,country,72,Botswana,HEP,1139900.823757,WHO Triple Billion Indicators
5495,2027,country,72,Botswana,HPOP,147673.160508,WHO Triple Billion Indicators
5496,2027,country,72,Botswana,UHC,329863.24290899996,WHO Triple Billion Indicators
5497,2027,country,76,Brazil,HEP,-1847098.6789999995,WHO Triple Billion Indicators
5498,2027,country,76,Brazil,HPOP,24251816.86838,WHO Triple Billion Indicators
5499,2027,country,76,Brazil,UHC,506895.43190000067,WHO Triple Billion Indicators
5500,2027,country,96,Brunei Darussalam,HEP,49558.407556000006,WHO Triple Billion Indicators
5501,2027,country,96,Brunei Darussalam,HPOP,-28060.6251202,WHO Triple Billion Indicators
5502,2027,country,96,Brunei Darussalam,UHC,30060.875943892,WHO Triple Billion Indicators
5503,2027,country,100,Bulgaria,HEP,1329403.7177109001,WHO Triple Billion Indicators
5504,2027,country,100,Bulgaria,HPOP,1075506.1604077,WHO Triple Billion Indicators
5505,2027,country,100,Bulgaria,UHC,408334.44774310006,WHO Triple Billion Indicators
5506,2027,country,854,Burkina Faso,HEP,14562618.74404,WHO Triple Billion Indicators
5507,2027,country,854,Burkina Faso,HPOP,2930807.8182429997,WHO Triple Billion Indicators
5508,2027,country,854,Burkina Faso,UHC,3241014.3888399997,WHO Triple Billion Indicators
5509,2027,country,108,Burundi,HEP,6232644.79411,WHO Triple Billion Indicators
5510,2027,country,108,Burundi,HPOP,24694.962409800002,WHO Triple Billion Indicators
5511,2027,country,108,Burundi,UHC,1620502.4214047,WHO Triple Billion Indicators
5512,2027,country,132,Cabo Verde,HEP,212231.23313,WHO Triple Billion Indicators
5513,2027,country,132,Cabo Verde,HPOP,10412.848019268002,WHO Triple Billion Indicators
5514,2027,country,132,Cabo Verde,UHC,84907.1510947,WHO Triple Billion Indicators
5515,2027,country,116,Cambodia,HEP,5988679.4894,WHO Triple Billion Indicators
5516,2027,country,116,Cambodia,HPOP,5827723.116045,WHO Triple Billion Indicators
5517,2027,country,116,Cambodia,UHC,2500171.25923,WHO Triple Billion Indicators
5518,2027,country,120,Cameroon,HEP,3270502.0033,WHO Triple Billion Indicators
5519,2027,country,120,Cameroon,HPOP,-1269063.7842400002,WHO Triple Billion Indicators
5520,2027,country,120,Cameroon,UHC,3427469.8240347,WHO Triple Billion Indicators
5521,2027,country,124,Canada,HEP,-997298.1768000001,WHO Triple Billion Indicators
5522,2027,country,124,Canada,HPOP,2686596.142535,WHO Triple Billion Indicators
5523,2027,country,124,Canada,UHC,3721028.7735180003,WHO Triple Billion Indicators
5524,2027,country,140,Central African Republic,HEP,4381982.9535,WHO Triple Billion Indicators
5525,2027,country,140,Central African Republic,HPOP,-525703.854546,WHO Triple Billion Indicators
5526,2027,country,140,Central African Republic,UHC,613840.04346447,WHO Triple Billion Indicators
5527,2027,country,148,Chad,HEP,7247583.130600001,WHO Triple Billion Indicators
5528,2027,country,148,Chad,HPOP,1339100.5553,WHO Triple Billion Indicators
5529,2027,country,148,Chad,UHC,1377965.153976,WHO Triple Billion Indicators
5530,2027,country,152,Chile,HEP,2124383.0728,WHO Triple Billion Indicators
5531,2027,country,152,Chile,HPOP,455842.7237239999,WHO Triple Billion Indicators
5532,2027,country,152,Chile,UHC,159273.56971189973,WHO Triple Billion Indicators
5533,2027,country,156,China,HEP,21141173.821,WHO Triple Billion Indicators
5534,2027,country,156,China,HPOP,416571622.32800007,WHO Triple Billion Indicators
5535,2027,country,156,China,UHC,76224711.76493,WHO Triple Billion Indicators
5536,2027,country,170,Colombia,HEP,9377624.153600002,WHO Triple Billion Indicators
5537,2027,country,170,Colombia,HPOP,3188294.07048,WHO Triple Billion Indicators
5538,2027,country,170,Colombia,UHC,5463439.14238,WHO Triple Billion Indicators
5539,2027,country,174,Comoros,HEP,430538.17158,WHO Triple Billion Indicators
5540,2027,country,174,Comoros,HPOP,66676.0334735,WHO Triple Billion Indicators
5541,2027,country,174,Comoros,UHC,112149.00125649999,WHO Triple Billion Indicators
5542,2027,country,178,Congo,HEP,486509.08393,WHO Triple Billion Indicators
5543,2027,country,178,Congo,HPOP,711266.7475156001,WHO Triple Billion Indicators
5544,2027,country,178,Congo,UHC,561566.618852,WHO Triple Billion Indicators
5545,2027,country,184,Cook Islands,HEP,1158.3801515999999,WHO Triple Billion Indicators
5546,2027,country,184,Cook Islands,HPOP,-3518.239882529,WHO Triple Billion Indicators
5547,2027,country,184,Cook Islands,UHC,-77.33169304899994,WHO Triple Billion Indicators
5548,2027,country,188,Costa Rica,HEP,-450695.82971900003,WHO Triple Billion Indicators
5549,2027,country,188,Costa Rica,HPOP,134424.8350904,WHO Triple Billion Indicators
5550,2027,country,188,Costa Rica,UHC,270200.987103,WHO Triple Billion Indicators
5551,2027,country,191,Croatia,HEP,382216.23941,WHO Triple Billion Indicators
5552,2027,country,191,Croatia,HPOP,109843.53594303998,WHO Triple Billion Indicators
5553,2027,country,191,Croatia,UHC,136296.07626899998,WHO Triple Billion Indicators
5554,2027,country,192,Cuba,HEP,-1038363.1724899999,WHO Triple Billion Indicators
5555,2027,country,192,Cuba,HPOP,359969.96230980003,WHO Triple Billion Indicators
5556,2027,country,192,Cuba,UHC,-102201.49670300004,WHO Triple Billion Indicators
5557,2027,country,196,Cyprus,HEP,-170507.59592,WHO Triple Billion Indicators
5558,2027,country,196,Cyprus,HPOP,96295.2759106,WHO Triple Billion Indicators
5559,2027,country,196,Cyprus,UHC,110755.6196204,WHO Triple Billion Indicators
5560,2027,country,203,Czechia,HEP,2421751.2594,WHO Triple Billion Indicators
5561,2027,country,203,Czechia,HPOP,1098215.75580256,WHO Triple Billion Indicators
5562,2027,country,203,Czechia,UHC,499770.85410892003,WHO Triple Billion Indicators
5563,2027,country,384,Côte d'Ivoire,HEP,8125943.9452,WHO Triple Billion Indicators
5564,2027,country,384,Côte d'Ivoire,HPOP,4754328.491773,WHO Triple Billion Indicators
5565,2027,country,384,Côte d'Ivoire,UHC,2782177.94655,WHO Triple Billion Indicators
5566,2027,country,408,Democratic People's Republic of Korea,HEP,5833483.4989,WHO Triple Billion Indicators
5567,2027,country,408,Democratic People's Republic of Korea,HPOP,3327192.0033568004,WHO Triple Billion Indicators
5568,2027,country,408,Democratic People's Republic of Korea,UHC,2675239.8980348003,WHO Triple Billion Indicators
5569,2027,country,180,Democratic Republic of the Congo,HEP,40900520.34,WHO Triple Billion Indicators
5570,2027,country,180,Democratic Republic of the Congo,HPOP,-107514.61274000004,WHO Triple Billion Indicators
5571,2027,country,180,Democratic Republic of the Congo,UHC,12673543.970859999,WHO Triple Billion Indicators
5572,2027,country,208,Denmark,HEP,227553.88736,WHO Triple Billion Indicators
5573,2027,country,208,Denmark,HPOP,507048.745702,WHO Triple Billion Indicators
5574,2027,country,208,Denmark,UHC,482488.403261666,WHO Triple Billion Indicators
5575,2027,country,262,Djibouti,HEP,186023.20057,WHO Triple Billion Indicators
5576,2027,country,262,Djibouti,HPOP,66854.97979000001,WHO Triple Billion Indicators
5577,2027,country,262,Djibouti,UHC,101570.61684,WHO Triple Billion Indicators
5578,2027,country,212,Dominica,HEP,-13712.262415000001,WHO Triple Billion Indicators
5579,2027,country,212,Dominica,HPOP,-4924.577073906001,WHO Triple Billion Indicators
5580,2027,country,212,Dominica,UHC,3152.45125617,WHO Triple Billion Indicators
5581,2027,country,214,Dominican Republic,HEP,4570588.71,WHO Triple Billion Indicators
5582,2027,country,214,Dominican Republic,HPOP,-690745.3729585999,WHO Triple Billion Indicators
5583,2027,country,214,Dominican Republic,UHC,1314024.55831,WHO Triple Billion Indicators
5584,2027,country,218,Ecuador,HEP,-7156708.3537,WHO Triple Billion Indicators
5585,2027,country,218,Ecuador,HPOP,-335133.72891080007,WHO Triple Billion Indicators
5586,2027,country,218,Ecuador,UHC,1074534.669586,WHO Triple Billion Indicators
5587,2027,country,818,Egypt,HEP,7999752.335,WHO Triple Billion Indicators
5588,2027,country,818,Egypt,HPOP,-5878083.951277,WHO Triple Billion Indicators
5589,2027,country,818,Egypt,UHC,6835045.141412,WHO Triple Billion Indicators
5590,2027,country,222,El Salvador,HEP,-1963740.7884999998,WHO Triple Billion Indicators
5591,2027,country,222,El Salvador,HPOP,312270.605838,WHO Triple Billion Indicators
5592,2027,country,222,El Salvador,UHC,-53345.73027800002,WHO Triple Billion Indicators
5593,2027,country,226,Equatorial Guinea,HEP,1006819.46415,WHO Triple Billion Indicators
5594,2027,country,226,Equatorial Guinea,HPOP,-48937.697453400004,WHO Triple Billion Indicators
5595,2027,country,226,Equatorial Guinea,UHC,238537.599713504,WHO Triple Billion Indicators
5596,2027,country,232,Eritrea,HEP,2950158.687,WHO Triple Billion Indicators
5597,2027,country,232,Eritrea,HPOP,103850.46482099999,WHO Triple Billion Indicators
5598,2027,country,232,Eritrea,UHC,405781.13055203,WHO Triple Billion Indicators
5599,2027,country,233,Estonia,HEP,58835.50625,WHO Triple Billion Indicators
5600,2027,country,233,Estonia,HPOP,38857.3881251,WHO Triple Billion Indicators
5601,2027,country,233,Estonia,UHC,27979.021435900002,WHO Triple Billion Indicators
5602,2027,country,748,Eswatini,HEP,-361152.12390999997,WHO Triple Billion Indicators
5603,2027,country,748,Eswatini,HPOP,121309.48837199999,WHO Triple Billion Indicators
5604,2027,country,748,Eswatini,UHC,88121.80561999998,WHO Triple Billion Indicators
5605,2027,country,231,Ethiopia,HEP,44505279.0851,WHO Triple Billion Indicators
5606,2027,country,231,Ethiopia,HPOP,16631855.55348,WHO Triple Billion Indicators
5607,2027,country,231,Ethiopia,UHC,16393832.69753,WHO Triple Billion Indicators
5608,2027,country,242,Fiji,HEP,-291603.57842,WHO Triple Billion Indicators
5609,2027,country,242,Fiji,HPOP,111102.3813263,WHO Triple Billion Indicators
5610,2027,country,242,Fiji,UHC,12092.824353999998,WHO Triple Billion Indicators
5611,2027,country,246,Finland,HEP,-325361.05950000003,WHO Triple Billion Indicators
5612,2027,country,246,Finland,HPOP,394341.69720283,WHO Triple Billion Indicators
5613,2027,country,246,Finland,UHC,74976.97655763701,WHO Triple Billion Indicators
5614,2027,country,250,France,HEP,9051910.138,WHO Triple Billion Indicators
5615,2027,country,250,France,HPOP,7010063.93107,WHO Triple Billion Indicators
5616,2027,country,250,France,UHC,2519971.1174351,WHO Triple Billion Indicators
5617,2027,country,266,Gabon,HEP,263133.68682,WHO Triple Billion Indicators
5618,2027,country,266,Gabon,HPOP,7394.200685999999,WHO Triple Billion Indicators
5619,2027,country,266,Gabon,UHC,205147.184175,WHO Triple Billion Indicators
5620,2027,country,270,Gambia,HEP,881917.6302500002,WHO Triple Billion Indicators
5621,2027,country,270,Gambia,HPOP,63920.560235099954,WHO Triple Billion Indicators
5622,2027,country,270,Gambia,UHC,309065.07309109997,WHO Triple Billion Indicators
5623,2027,country,268,Georgia,HEP,-656805.9677000002,WHO Triple Billion Indicators
5624,2027,country,268,Georgia,HPOP,97551.27767199998,WHO Triple Billion Indicators
5625,2027,country,268,Georgia,UHC,-170041.4870204,WHO Triple Billion Indicators
5626,2027,country,276,Germany,HEP,-7737705.8837,WHO Triple Billion Indicators
5627,2027,country,276,Germany,HPOP,10522179.210429,WHO Triple Billion Indicators
5628,2027,country,276,Germany,UHC,800957.3279935002,WHO Triple Billion Indicators
5629,2027,country,288,Ghana,HEP,4841004.4006,WHO Triple Billion Indicators
5630,2027,country,288,Ghana,HPOP,12329763.993,WHO Triple Billion Indicators
5631,2027,country,288,Ghana,UHC,4550445.56285,WHO Triple Billion Indicators
5632,2027,country,300,Greece,HEP,2999363.41975,WHO Triple Billion Indicators
5633,2027,country,300,Greece,HPOP,1392662.3826581198,WHO Triple Billion Indicators
5634,2027,country,300,Greece,UHC,764991.224987,WHO Triple Billion Indicators
5635,2027,country,308,Grenada,HEP,-40375.777771,WHO Triple Billion Indicators
5636,2027,country,308,Grenada,HPOP,-12793.816204954,WHO Triple Billion Indicators
5637,2027,country,308,Grenada,UHC,2374.62986868,WHO Triple Billion Indicators
5638,2027,country,320,Guatemala,HEP,-8821237.1496,WHO Triple Billion Indicators
5639,2027,country,320,Guatemala,HPOP,1772898.7662692997,WHO Triple Billion Indicators
5640,2027,country,320,Guatemala,UHC,854409.142997,WHO Triple Billion Indicators
5641,2027,country,324,Guinea,HEP,-923762.1266000001,WHO Triple Billion Indicators
5642,2027,country,324,Guinea,HPOP,-382594.94502,WHO Triple Billion Indicators
5643,2027,country,324,Guinea,UHC,1300112.5726980001,WHO Triple Billion Indicators
5644,2027,country,624,Guinea-Bissau,HEP,95189.85158,WHO Triple Billion Indicators
5645,2027,country,624,Guinea-Bissau,HPOP,230381.49784880003,WHO Triple Billion Indicators
5646,2027,country,624,Guinea-Bissau,UHC,150499.499003,WHO Triple Billion Indicators
5647,2027,country,328,Guyana,HEP,-37358.809133,WHO Triple Billion Indicators
5648,2027,country,328,Guyana,HPOP,23397.81730479001,WHO Triple Billion Indicators
5649,2027,country,328,Guyana,UHC,77890.8023661,WHO Triple Billion Indicators
5650,2027,country,332,Haiti,HEP,4604868.6859,WHO Triple Billion Indicators
5651,2027,country,332,Haiti,HPOP,-75655.34837499999,WHO Triple Billion Indicators
5652,2027,country,332,Haiti,UHC,1164713.56159,WHO Triple Billion Indicators
5653,2027,country,340,Honduras,HEP,3383466.8030000003,WHO Triple Billion Indicators
5654,2027,country,340,Honduras,HPOP,1713890.6863199999,WHO Triple Billion Indicators
5655,2027,country,340,Honduras,UHC,1551478.427968,WHO Triple Billion Indicators
5656,2027,country,348,Hungary,HEP,982567.10499,WHO Triple Billion Indicators
5657,2027,country,348,Hungary,HPOP,1279312.69725,WHO Triple Billion Indicators
5658,2027,country,348,Hungary,UHC,869670.1000965,WHO Triple Billion Indicators
5659,2027,country,352,Iceland,HEP,-69561.82632000001,WHO Triple Billion Indicators
5660,2027,country,352,Iceland,HPOP,16904.91646552,WHO Triple Billion Indicators
5661,2027,country,352,Iceland,UHC,17741.160095593,WHO Triple Billion Indicators
5662,2027,country,356,India,HEP,388443994.28999996,WHO Triple Billion Indicators
5663,2027,country,356,India,HPOP,759753451.4503,WHO Triple Billion Indicators
5664,2027,country,356,India,UHC,210721572.517,WHO Triple Billion Indicators
5665,2027,country,360,Indonesia,HEP,52810313.292,WHO Triple Billion Indicators
5666,2027,country,360,Indonesia,HPOP,34302609.46142,WHO Triple Billion Indicators
5667,2027,country,360,Indonesia,UHC,50712027.9523,WHO Triple Billion Indicators
5668,2027,country,364,Iran (Islamic Republic of),HEP,3637842.3622,WHO Triple Billion Indicators
5669,2027,country,364,Iran (Islamic Republic of),HPOP,-3338528.339506,WHO Triple Billion Indicators
5670,2027,country,364,Iran (Islamic Republic of),UHC,9291196.28179,WHO Triple Billion Indicators
5671,2027,country,368,Iraq,HEP,-16285964.2996,WHO Triple Billion Indicators
5672,2027,country,368,Iraq,HPOP,5232742.796724999,WHO Triple Billion Indicators
5673,2027,country,368,Iraq,UHC,1923870.592751,WHO Triple Billion Indicators
5674,2027,country,372,Ireland,HEP,141329.66885000002,WHO Triple Billion Indicators
5675,2027,country,372,Ireland,HPOP,374248.928671,WHO Triple Billion Indicators
5676,2027,country,372,Ireland,UHC,289697.9410187,WHO Triple Billion Indicators
5677,2027,country,376,Israel,HEP,-907344.0331599999,WHO Triple Billion Indicators
5678,2027,country,376,Israel,HPOP,880033.7603979999,WHO Triple Billion Indicators
5679,2027,country,376,Israel,UHC,1271081.9771918901,WHO Triple Billion Indicators
5680,2027,country,380,Italy,HEP,641136.6169999999,WHO Triple Billion Indicators
5681,2027,country,380,Italy,HPOP,4132151.7512110006,WHO Triple Billion Indicators
5682,2027,country,380,Italy,UHC,1351250.3260041103,WHO Triple Billion Indicators
5683,2027,country,388,Jamaica,HEP,418655.18789999996,WHO Triple Billion Indicators
5684,2027,country,388,Jamaica,HPOP,-366522.1813235,WHO Triple Billion Indicators
5685,2027,country,388,Jamaica,UHC,221577.4685421,WHO Triple Billion Indicators
5686,2027,country,392,Japan,HEP,10678458.969,WHO Triple Billion Indicators
5687,2027,country,392,Japan,HPOP,8000487.78218,WHO Triple Billion Indicators
5688,2027,country,392,Japan,UHC,-715164.9607899999,WHO Triple Billion Indicators
5689,2027,country,400,Jordan,HEP,329347.55420000013,WHO Triple Billion Indicators
5690,2027,country,400,Jordan,HPOP,892030.4359538001,WHO Triple Billion Indicators
5691,2027,country,400,Jordan,UHC,817331.809547,WHO Triple Billion Indicators
5692,2027,country,398,Kazakhstan,HEP,3056204.072,WHO Triple Billion Indicators
5693,2027,country,398,Kazakhstan,HPOP,1296653.70643,WHO Triple Billion Indicators
5694,2027,country,398,Kazakhstan,UHC,2185227.2602900006,WHO Triple Billion Indicators
5695,2027,country,404,Kenya,HEP,15456065.694100002,WHO Triple Billion Indicators
5696,2027,country,404,Kenya,HPOP,14060935.016432999,WHO Triple Billion Indicators
5697,2027,country,404,Kenya,UHC,6165993.814540001,WHO Triple Billion Indicators
5698,2027,country,296,Kiribati,HEP,37750.42479999999,WHO Triple Billion Indicators
5699,2027,country,296,Kiribati,HPOP,22694.868025789998,WHO Triple Billion Indicators
5700,2027,country,296,Kiribati,UHC,14025.28335251,WHO Triple Billion Indicators
5701,2027,country,414,Kuwait,HEP,2111500.0121219996,WHO Triple Billion Indicators
5702,2027,country,414,Kuwait,HPOP,268479.0651179,WHO Triple Billion Indicators
5703,2027,country,414,Kuwait,UHC,397092.720623,WHO Triple Billion Indicators
5704,2027,country,417,Kyrgyzstan,HEP,-3112699.958,WHO Triple Billion Indicators
5705,2027,country,417,Kyrgyzstan,HPOP,1353557.993169,WHO Triple Billion Indicators
5706,2027,country,417,Kyrgyzstan,UHC,616151.2567689,WHO Triple Billion Indicators
5707,2027,country,418,Lao People's Democratic Republic,HEP,3474297.0111,WHO Triple Billion Indicators
5708,2027,country,418,Lao People's Democratic Republic,HPOP,259404.58864800006,WHO Triple Billion Indicators
5709,2027,country,418,Lao People's Democratic Republic,UHC,1068474.351006,WHO Triple Billion Indicators
5710,2027,country,428,Latvia,HEP,-202985.46943000003,WHO Triple Billion Indicators
5711,2027,country,428,Latvia,HPOP,246769.93091599998,WHO Triple Billion Indicators
5712,2027,country,428,Latvia,UHC,3416.8971144000025,WHO Triple Billion Indicators
5713,2027,country,422,Lebanon,HEP,1387679.39272,WHO Triple Billion Indicators
5714,2027,country,422,Lebanon,HPOP,-11960.481952199996,WHO Triple Billion Indicators
5715,2027,country,422,Lebanon,UHC,112032.90552499998,WHO Triple Billion Indicators
5716,2027,country,426,Lesotho,HEP,-303401.35349999997,WHO Triple Billion Indicators
5717,2027,country,426,Lesotho,HPOP,491599.6204211,WHO Triple Billion Indicators
5718,2027,country,426,Lesotho,UHC,187796.114664,WHO Triple Billion Indicators
5719,2027,country,430,Liberia,HEP,1255721.0534,WHO Triple Billion Indicators
5720,2027,country,430,Liberia,HPOP,-494129.2017266,WHO Triple Billion Indicators
5721,2027,country,430,Liberia,UHC,781802.305116,WHO Triple Billion Indicators
5722,2027,country,434,Libya,HEP,648120.2349999999,WHO Triple Billion Indicators
5723,2027,country,434,Libya,HPOP,-223308.915513,WHO Triple Billion Indicators
5724,2027,country,434,Libya,UHC,165031.720716,WHO Triple Billion Indicators
5725,2027,country,440,Lithuania,HEP,258366.67191999996,WHO Triple Billion Indicators
5726,2027,country,440,Lithuania,HPOP,303284.40778003,WHO Triple Billion Indicators
5727,2027,country,440,Lithuania,UHC,100665.12684099998,WHO Triple Billion Indicators
5728,2027,country,442,Luxembourg,HEP,43874.359243,WHO Triple Billion Indicators
5729,2027,country,442,Luxembourg,HPOP,69727.9828977,WHO Triple Billion Indicators
5730,2027,country,442,Luxembourg,UHC,59918.37437726199,WHO Triple Billion Indicators
5731,2027,country,450,Madagascar,HEP,15911280.936,WHO Triple Billion Indicators
5732,2027,country,450,Madagascar,HPOP,4605394.311563,WHO Triple Billion Indicators
5733,2027,country,450,Madagascar,UHC,3097053.9954121,WHO Triple Billion Indicators
5734,2027,country,454,Malawi,HEP,4966725.903729999,WHO Triple Billion Indicators
5735,2027,country,454,Malawi,HPOP,5601081.68307,WHO Triple Billion Indicators
5736,2027,country,454,Malawi,UHC,3065056.0312,WHO Triple Billion Indicators
5737,2027,country,458,Malaysia,HEP,-8965875.563699998,WHO Triple Billion Indicators
5738,2027,country,458,Malaysia,HPOP,-527870.6350250001,WHO Triple Billion Indicators
5739,2027,country,458,Malaysia,UHC,2356016.515996,WHO Triple Billion Indicators
5740,2027,country,462,Maldives,HEP,158677.19037199998,WHO Triple Billion Indicators
5741,2027,country,462,Maldives,HPOP,-8459.196472199998,WHO Triple Billion Indicators
5742,2027,country,462,Maldives,UHC,43430.5110923,WHO Triple Billion Indicators
5743,2027,country,466,Mali,HEP,-1642792.2015000002,WHO Triple Billion Indicators
5744,2027,country,466,Mali,HPOP,1686537.67514,WHO Triple Billion Indicators
5745,2027,country,466,Mali,UHC,2376388.558137,WHO Triple Billion Indicators
5746,2027,country,470,Malta,HEP,116502.70993000001,WHO Triple Billion Indicators
5747,2027,country,470,Malta,HPOP,5245.583589239997,WHO Triple Billion Indicators
5748,2027,country,470,Malta,UHC,60919.76346623,WHO Triple Billion Indicators
5749,2027,country,584,Marshall Islands,HEP,-11068.18769,WHO Triple Billion Indicators
5750,2027,country,584,Marshall Islands,HPOP,-1503.814238527,WHO Triple Billion Indicators
5751,2027,country,584,Marshall Islands,UHC,-150.19665781000003,WHO Triple Billion Indicators
5752,2027,country,478,Mauritania,HEP,2075905.62612,WHO Triple Billion Indicators
5753,2027,country,478,Mauritania,HPOP,80156.81763290004,WHO Triple Billion Indicators
5754,2027,country,478,Mauritania,UHC,388177.491386,WHO Triple Billion Indicators
5755,2027,country,480,Mauritius,HEP,-405908.72989,WHO Triple Billion Indicators
5756,2027,country,480,Mauritius,HPOP,-16966.310834499996,WHO Triple Billion Indicators
5757,2027,country,480,Mauritius,UHC,-13698.163402099999,WHO Triple Billion Indicators
5758,2027,country,484,Mexico,HEP,-56058069.129999995,WHO Triple Billion Indicators
5759,2027,country,484,Mexico,HPOP,26753425.855920002,WHO Triple Billion Indicators
5760,2027,country,484,Mexico,UHC,1353059.3022999999,WHO Triple Billion Indicators
5761,2027,country,583,Micronesia (Federated States of),HEP,47729.627981000005,WHO Triple Billion Indicators
5762,2027,country,583,Micronesia (Federated States of),HPOP,-4449.8532497880005,WHO Triple Billion Indicators
5763,2027,country,583,Micronesia (Federated States of),UHC,12660.569975019998,WHO Triple Billion Indicators
5764,2027,country,492,Monaco,HEP,-4987.502245,WHO Triple Billion Indicators
5765,2027,country,492,Monaco,HPOP,-12172.938016036,WHO Triple Billion Indicators
5766,2027,country,492,Monaco,UHC,-60.44677478699984,WHO Triple Billion Indicators
5767,2027,country,496,Mongolia,HEP,-1322823.94732,WHO Triple Billion Indicators
5768,2027,country,496,Mongolia,HPOP,902265.265402,WHO Triple Billion Indicators
5769,2027,country,496,Mongolia,UHC,-70032.99344200002,WHO Triple Billion Indicators
5770,2027,country,499,Montenegro,HEP,30853.306639999995,WHO Triple Billion Indicators
5771,2027,country,499,Montenegro,HPOP,138399.45900414,WHO Triple Billion Indicators
5772,2027,country,499,Montenegro,UHC,29016.2207586,WHO Triple Billion Indicators
5773,2027,country,504,Morocco,HEP,17353.664020000026,WHO Triple Billion Indicators
5774,2027,country,504,Morocco,HPOP,5263195.316403,WHO Triple Billion Indicators
5775,2027,country,504,Morocco,UHC,1513038.42601,WHO Triple Billion Indicators
5776,2027,country,508,Mozambique,HEP,16211387.8008,WHO Triple Billion Indicators
5777,2027,country,508,Mozambique,HPOP,2167373.7788899997,WHO Triple Billion Indicators
5778,2027,country,508,Mozambique,UHC,4985319.786739,WHO Triple Billion Indicators
5779,2027,country,104,Myanmar,HEP,-7619059.552999999,WHO Triple Billion Indicators
5780,2027,country,104,Myanmar,HPOP,23552681.10435,WHO Triple Billion Indicators
5781,2027,country,104,Myanmar,UHC,3939393.5058000004,WHO Triple Billion Indicators
5782,2027,country,516,Namibia,HEP,290872.1533,WHO Triple Billion Indicators
5783,2027,country,516,Namibia,HPOP,101077.74941700001,WHO Triple Billion Indicators
5784,2027,country,516,Namibia,UHC,415323.0381471,WHO Triple Billion Indicators
5785,2027,country,520,Nauru,HEP,-390.3940893,WHO Triple Billion Indicators
5786,2027,country,520,Nauru,HPOP,-68.832996885,WHO Triple Billion Indicators
5787,2027,country,520,Nauru,UHC,878.6954553,WHO Triple Billion Indicators
5788,2027,country,524,Nepal,HEP,18617285.036799997,WHO Triple Billion Indicators
5789,2027,country,524,Nepal,HPOP,8657990.81365,WHO Triple Billion Indicators
5790,2027,country,524,Nepal,UHC,4835297.48825,WHO Triple Billion Indicators
5791,2027,country,528,Netherlands (Kingdom of the),HEP,-3458868.9535,WHO Triple Billion Indicators
5792,2027,country,528,Netherlands (Kingdom of the),HPOP,1535421.4365949999,WHO Triple Billion Indicators
5793,2027,country,528,Netherlands (Kingdom of the),UHC,350194.88329599996,WHO Triple Billion Indicators
5794,2027,country,554,New Zealand,HEP,55073.774839999984,WHO Triple Billion Indicators
5795,2027,country,554,New Zealand,HPOP,277328.28490699996,WHO Triple Billion Indicators
5796,2027,country,554,New Zealand,UHC,481359.77292970003,WHO Triple Billion Indicators
5797,2027,country,558,Nicaragua,HEP,1655617.6229400001,WHO Triple Billion Indicators
5798,2027,country,558,Nicaragua,HPOP,706050.2617350002,WHO Triple Billion Indicators
5799,2027,country,558,Nicaragua,UHC,785297.5439589999,WHO Triple Billion Indicators
5800,2027,country,562,Niger,HEP,6808042.268999999,WHO Triple Billion Indicators
5801,2027,country,562,Niger,HPOP,1137024.870167,WHO Triple Billion Indicators
5802,2027,country,562,Niger,UHC,3609930.815922,WHO Triple Billion Indicators
5803,2027,country,566,Nigeria,HEP,10793756.362999998,WHO Triple Billion Indicators
5804,2027,country,566,Nigeria,HPOP,72652280.97881,WHO Triple Billion Indicators
5805,2027,country,566,Nigeria,UHC,19766787.000800002,WHO Triple Billion Indicators
5806,2027,country,570,Niue,HEP,-103.88646068400001,WHO Triple Billion Indicators
5807,2027,country,570,Niue,HPOP,-123.397636726,WHO Triple Billion Indicators
5808,2027,country,570,Niue,UHC,74.188067018,WHO Triple Billion Indicators
5809,2027,country,807,North Macedonia,HEP,-255954.89430000004,WHO Triple Billion Indicators
5810,2027,country,807,North Macedonia,HPOP,267004.356821,WHO Triple Billion Indicators
5811,2027,country,807,North Macedonia,UHC,95239.58157428999,WHO Triple Billion Indicators
5812,2027,country,578,Norway,HEP,681327.9442,WHO Triple Billion Indicators
5813,2027,country,578,Norway,HPOP,261869.147354,WHO Triple Billion Indicators
5814,2027,country,578,Norway,UHC,502705.19581475,WHO Triple Billion Indicators
5815,2027,country,512,Oman,HEP,-787149.64869,WHO Triple Billion Indicators
5816,2027,country,512,Oman,HPOP,-85029.79951940001,WHO Triple Billion Indicators
5817,2027,country,512,Oman,UHC,7563.829154999989,WHO Triple Billion Indicators
5818,2027,country,586,Pakistan,HEP,27055255.535,WHO Triple Billion Indicators
5819,2027,country,586,Pakistan,HPOP,76036677.52803999,WHO Triple Billion Indicators
5820,2027,country,586,Pakistan,UHC,23530268.06386,WHO Triple Billion Indicators
5821,2027,country,585,Palau,HEP,-1257.9037981,WHO Triple Billion Indicators
5822,2027,country,585,Palau,HPOP,-1356.2625458060002,WHO Triple Billion Indicators
5823,2027,country,585,Palau,UHC,605.082800478,WHO Triple Billion Indicators
5824,2027,country,591,Panama,HEP,53669.5613,WHO Triple Billion Indicators
5825,2027,country,591,Panama,HPOP,377835.17298499995,WHO Triple Billion Indicators
5826,2027,country,591,Panama,UHC,480551.278272,WHO Triple Billion Indicators
5827,2027,country,598,Papua New Guinea,HEP,-1673354.0248000002,WHO Triple Billion Indicators
5828,2027,country,598,Papua New Guinea,HPOP,-22177.10286299997,WHO Triple Billion Indicators
5829,2027,country,598,Papua New Guinea,UHC,289174.769605,WHO Triple Billion Indicators
5830,2027,country,600,Paraguay,HEP,-951851.0322,WHO Triple Billion Indicators
5831,2027,country,600,Paraguay,HPOP,778033.9302800001,WHO Triple Billion Indicators
5832,2027,country,600,Paraguay,UHC,594561.2642549999,WHO Triple Billion Indicators
5833,2027,country,604,Peru,HEP,-9478153.061999999,WHO Triple Billion Indicators
5834,2027,country,604,Peru,HPOP,9602276.517122999,WHO Triple Billion Indicators
5835,2027,country,604,Peru,UHC,1217696.14607,WHO Triple Billion Indicators
5836,2027,country,608,Philippines,HEP,33830196.25400001,WHO Triple Billion Indicators
5837,2027,country,608,Philippines,HPOP,16502449.62904,WHO Triple Billion Indicators
5838,2027,country,608,Philippines,UHC,18103889.00644,WHO Triple Billion Indicators
5839,2027,country,616,Poland,HEP,6547556.382,WHO Triple Billion Indicators
5840,2027,country,616,Poland,HPOP,3487616.0523495004,WHO Triple Billion Indicators
5841,2027,country,616,Poland,UHC,3204720.7957429998,WHO Triple Billion Indicators
5842,2027,country,620,Portugal,HEP,1898967.4203899999,WHO Triple Billion Indicators
5843,2027,country,620,Portugal,HPOP,816789.60395,WHO Triple Billion Indicators
5844,2027,country,620,Portugal,UHC,739104.3637768999,WHO Triple Billion Indicators
5845,2027,country,634,Qatar,HEP,268654.86685,WHO Triple Billion Indicators
5846,2027,country,634,Qatar,HPOP,140383.99638109998,WHO Triple Billion Indicators
5847,2027,country,634,Qatar,UHC,93050.7883906,WHO Triple Billion Indicators
5848,2027,country,410,Republic of Korea,HEP,4410920.3943,WHO Triple Billion Indicators
5849,2027,country,410,Republic of Korea,HPOP,5773896.535603,WHO Triple Billion Indicators
5850,2027,country,410,Republic of Korea,UHC,3682219.786249,WHO Triple Billion Indicators
5851,2027,country,498,Republic of Moldova,HEP,185022.41954,WHO Triple Billion Indicators
5852,2027,country,498,Republic of Moldova,HPOP,293602.32073120004,WHO Triple Billion Indicators
5853,2027,country,498,Republic of Moldova,UHC,121934.91840899999,WHO Triple Billion Indicators
5854,2027,country,642,Romania,HEP,-5820308.22,WHO Triple Billion Indicators
5855,2027,country,642,Romania,HPOP,1958919.2011600002,WHO Triple Billion Indicators
5856,2027,country,642,Romania,UHC,83734.34506000007,WHO Triple Billion Indicators
5857,2027,country,643,Russian Federation,HEP,4673889.3791000005,WHO Triple Billion Indicators
5858,2027,country,643,Russian Federation,HPOP,-21149136.63125,WHO Triple Billion Indicators
5859,2027,country,643,Russian Federation,UHC,5727988.984906001,WHO Triple Billion Indicators
5860,2027,country,646,Rwanda,HEP,-697809.798,WHO Triple Billion Indicators
5861,2027,country,646,Rwanda,HPOP,3199162.2153000003,WHO Triple Billion Indicators
5862,2027,country,646,Rwanda,UHC,1963240.434203,WHO Triple Billion Indicators
5863,2027,country,659,Saint Kitts and Nevis,HEP,17137.67815,WHO Triple Billion Indicators
5864,2027,country,659,Saint Kitts and Nevis,HPOP,-2839.2482325359997,WHO Triple Billion Indicators
5865,2027,country,659,Saint Kitts and Nevis,UHC,5286.661657565,WHO Triple Billion Indicators
5866,2027,country,662,Saint Lucia,HEP,-7048.17074,WHO Triple Billion Indicators
5867,2027,country,662,Saint Lucia,HPOP,-10917.594975727001,WHO Triple Billion Indicators
5868,2027,country,662,Saint Lucia,UHC,5768.16638394,WHO Triple Billion Indicators
5869,2027,country,670,Saint Vincent and the Grenadines,HEP,24888.6297931,WHO Triple Billion Indicators
5870,2027,country,670,Saint Vincent and the Grenadines,HPOP,-9885.53899954,WHO Triple Billion Indicators
5871,2027,country,670,Saint Vincent and the Grenadines,UHC,10920.72055756,WHO Triple Billion Indicators
5872,2027,country,882,Samoa,HEP,-619.5619399999996,WHO Triple Billion Indicators
5873,2027,country,882,Samoa,HPOP,5675.374374919999,WHO Triple Billion Indicators
5874,2027,country,882,Samoa,UHC,16200.57625629,WHO Triple Billion Indicators
5875,2027,country,674,San Marino,HEP,-12581.037741,WHO Triple Billion Indicators
5876,2027,country,674,San Marino,HPOP,-9655.209424256,WHO Triple Billion Indicators
5877,2027,country,674,San Marino,UHC,-308.24628290199985,WHO Triple Billion Indicators
5878,2027,country,678,Sao Tome and Principe,HEP,9635.161154000001,WHO Triple Billion Indicators
5879,2027,country,678,Sao Tome and Principe,HPOP,27821.665693370003,WHO Triple Billion Indicators
5880,2027,country,678,Sao Tome and Principe,UHC,29514.9920108,WHO Triple Billion Indicators
5881,2027,country,682,Saudi Arabia,HEP,12384574.0274,WHO Triple Billion Indicators
5882,2027,country,682,Saudi Arabia,HPOP,877529.989571,WHO Triple Billion Indicators
5883,2027,country,682,Saudi Arabia,UHC,3580845.9311019997,WHO Triple Billion Indicators
5884,2027,country,686,Senegal,HEP,3813641.1455,WHO Triple Billion Indicators
5885,2027,country,686,Senegal,HPOP,-126850.23095669993,WHO Triple Billion Indicators
5886,2027,country,686,Senegal,UHC,2742618.61124,WHO Triple Billion Indicators
5887,2027,country,688,Serbia,HEP,-19341.190899999972,WHO Triple Billion Indicators
5888,2027,country,688,Serbia,HPOP,913543.12826,WHO Triple Billion Indicators
5889,2027,country,688,Serbia,UHC,-143293.66397400002,WHO Triple Billion Indicators
5890,2027,country,690,Seychelles,HEP,13132.472385899999,WHO Triple Billion Indicators
5891,2027,country,690,Seychelles,HPOP,-4772.90038152,WHO Triple Billion Indicators
5892,2027,country,690,Seychelles,UHC,16869.714459951,WHO Triple Billion Indicators
5893,2027,country,694,Sierra Leone,HEP,3467624.8754000003,WHO Triple Billion Indicators
5894,2027,country,694,Sierra Leone,HPOP,799654.4130607999,WHO Triple Billion Indicators
5895,2027,country,694,Sierra Leone,UHC,718612.370622,WHO Triple Billion Indicators
5896,2027,country,702,Singapore,HEP,508848.38769999996,WHO Triple Billion Indicators
5897,2027,country,702,Singapore,HPOP,-72975.73992280001,WHO Triple Billion Indicators
5898,2027,country,702,Singapore,UHC,654757.7231261,WHO Triple Billion Indicators
5899,2027,country,703,Slovakia,HEP,-485299.0309,WHO Triple Billion Indicators
5900,2027,country,703,Slovakia,HPOP,156952.53231320003,WHO Triple Billion Indicators
5901,2027,country,703,Slovakia,UHC,243077.6628618,WHO Triple Billion Indicators
5902,2027,country,705,Slovenia,HEP,-15355.83575000001,WHO Triple Billion Indicators
5903,2027,country,705,Slovenia,HPOP,297800.99178095994,WHO Triple Billion Indicators
5904,2027,country,705,Slovenia,UHC,136341.827343,WHO Triple Billion Indicators
5905,2027,country,90,Solomon Islands,HEP,247857.36710000003,WHO Triple Billion Indicators
5906,2027,country,90,Solomon Islands,HPOP,-22120.3065483,WHO Triple Billion Indicators
5907,2027,country,90,Solomon Islands,UHC,81403.588216,WHO Triple Billion Indicators
5908,2027,country,706,Somalia,HEP,1974793.2037,WHO Triple Billion Indicators
5909,2027,country,706,Somalia,HPOP,1895002.1600479998,WHO Triple Billion Indicators
5910,2027,country,706,Somalia,UHC,1506369.1275585,WHO Triple Billion Indicators
5911,2027,country,710,South Africa,HEP,11886897.141999999,WHO Triple Billion Indicators
5912,2027,country,710,South Africa,HPOP,4733483.010506,WHO Triple Billion Indicators
5913,2027,country,710,South Africa,UHC,7801169.570897,WHO Triple Billion Indicators
5914,2027,country,728,South Sudan,HEP,434653.9573,WHO Triple Billion Indicators
5915,2027,country,728,South Sudan,HPOP,-23776.100663000016,WHO Triple Billion Indicators
5916,2027,country,728,South Sudan,UHC,909332.652363,WHO Triple Billion Indicators
5917,2027,country,724,Spain,HEP,-2440974.9897,WHO Triple Billion Indicators
5918,2027,country,724,Spain,HPOP,4626163.1468549995,WHO Triple Billion Indicators
5919,2027,country,724,Spain,UHC,817422.1394250001,WHO Triple Billion Indicators
5920,2027,country,144,Sri Lanka,HEP,9256647.237399999,WHO Triple Billion Indicators
5921,2027,country,144,Sri Lanka,HPOP,1227467.49495,WHO Triple Billion Indicators
5922,2027,country,144,Sri Lanka,UHC,2762358.887567,WHO Triple Billion Indicators
5923,2027,country,729,Sudan,HEP,-14411887.540700002,WHO Triple Billion Indicators
5924,2027,country,729,Sudan,HPOP,10136170.650120001,WHO Triple Billion Indicators
5925,2027,country,729,Sudan,UHC,3107930.083712,WHO Triple Billion Indicators
5926,2027,country,740,Suriname,HEP,-366632.76658,WHO Triple Billion Indicators
5927,2027,country,740,Suriname,HPOP,-16906.761253200002,WHO Triple Billion Indicators
5928,2027,country,740,Suriname,UHC,9962.536415100003,WHO Triple Billion Indicators
5929,2027,country,752,Sweden,HEP,-773078.0045,WHO Triple Billion Indicators
5930,2027,country,752,Sweden,HPOP,958127.8368725,WHO Triple Billion Indicators
5931,2027,country,752,Sweden,UHC,315914.076255961,WHO Triple Billion Indicators
5932,2027,country,756,Switzerland,HEP,-996984.8993999999,WHO Triple Billion Indicators
5933,2027,country,756,Switzerland,HPOP,524115.27804400004,WHO Triple Billion Indicators
5934,2027,country,756,Switzerland,UHC,476200.46980153996,WHO Triple Billion Indicators
5935,2027,country,760,Syrian Arab Republic,HEP,-10314494.418,WHO Triple Billion Indicators
5936,2027,country,760,Syrian Arab Republic,HPOP,-1882857.508326,WHO Triple Billion Indicators
5937,2027,country,760,Syrian Arab Republic,UHC,2329251.3201898,WHO Triple Billion Indicators
5938,2027,country,762,Tajikistan,HEP,1615073.62581,WHO Triple Billion Indicators
5939,2027,country,762,Tajikistan,HPOP,2425876.9315009997,WHO Triple Billion Indicators
5940,2027,country,762,Tajikistan,UHC,1755946.692716,WHO Triple Billion Indicators
5941,2027,country,764,Thailand,HEP,11660865.860000001,WHO Triple Billion Indicators
5942,2027,country,764,Thailand,HPOP,6879737.930908999,WHO Triple Billion Indicators
5943,2027,country,764,Thailand,UHC,9608717.306364,WHO Triple Billion Indicators
5944,2027,country,626,Timor-Leste,HEP,759783.9079999999,WHO Triple Billion Indicators
5945,2027,country,626,Timor-Leste,HPOP,228471.38769680003,WHO Triple Billion Indicators
5946,2027,country,626,Timor-Leste,UHC,239265.5829717,WHO Triple Billion Indicators
5947,2027,country,768,Togo,HEP,3799942.82114,WHO Triple Billion Indicators
5948,2027,country,768,Togo,HPOP,1477811.4156499999,WHO Triple Billion Indicators
5949,2027,country,768,Togo,UHC,961967.62405,WHO Triple Billion Indicators
5950,2027,country,776,Tonga,HEP,20895.058385999997,WHO Triple Billion Indicators
5951,2027,country,776,Tonga,HPOP,1984.959703819999,WHO Triple Billion Indicators
5952,2027,country,776,Tonga,UHC,10124.51529883,WHO Triple Billion Indicators
5953,2027,country,780,Trinidad and Tobago,HEP,548028.05126,WHO Triple Billion Indicators
5954,2027,country,780,Trinidad and Tobago,HPOP,-57596.4513651,WHO Triple Billion Indicators
5955,2027,country,780,Trinidad and Tobago,UHC,167267.0157741,WHO Triple Billion Indicators
5956,2027,country,788,Tunisia,HEP,2239022.3406100003,WHO Triple Billion Indicators
5957,2027,country,788,Tunisia,HPOP,659858.0777050001,WHO Triple Billion Indicators
5958,2027,country,788,Tunisia,UHC,539758.0373234999,WHO Triple Billion Indicators
5959,2027,country,795,Turkmenistan,HEP,1378838.7955,WHO Triple Billion Indicators
5960,2027,country,795,Turkmenistan,HPOP,659738.8206694,WHO Triple Billion Indicators
5961,2027,country,795,Turkmenistan,UHC,451593.7130281,WHO Triple Billion Indicators
5962,2027,country,798,Tuvalu,HEP,1970.3656833500002,WHO Triple Billion Indicators
5963,2027,country,798,Tuvalu,HPOP,418.91271476599997,WHO Triple Billion Indicators
5964,2027,country,798,Tuvalu,UHC,948.991467146,WHO Triple Billion Indicators
5965,2027,country,792,Türkiye,HEP,8269167.875,WHO Triple Billion Indicators
5966,2027,country,792,Türkiye,HPOP,12705047.99224,WHO Triple Billion Indicators
5967,2027,country,792,Türkiye,UHC,9171839.133,WHO Triple Billion Indicators
5968,2027,country,800,Uganda,HEP,13573792.587000001,WHO Triple Billion Indicators
5969,2027,country,800,Uganda,HPOP,5179514.268789999,WHO Triple Billion Indicators
5970,2027,country,800,Uganda,UHC,6376334.3493,WHO Triple Billion Indicators
5971,2027,country,804,Ukraine,HEP,-8929287.968,WHO Triple Billion Indicators
5972,2027,country,804,Ukraine,HPOP,-230983.40733999992,WHO Triple Billion Indicators
5973,2027,country,804,Ukraine,UHC,-1473032.95355,WHO Triple Billion Indicators
5974,2027,country,784,United Arab Emirates,HEP,490787.3142,WHO Triple Billion Indicators
5975,2027,country,784,United Arab Emirates,HPOP,721628.11826,WHO Triple Billion Indicators
5976,2027,country,784,United Arab Emirates,UHC,639695.781351,WHO Triple Billion Indicators
5977,2027,country,826,United Kingdom of Great Britain and Northern Ireland,HEP,2131071.1637,WHO Triple Billion Indicators
5978,2027,country,826,United Kingdom of Great Britain and Northern Ireland,HPOP,5381246.08603,WHO Triple Billion Indicators
5979,2027,country,826,United Kingdom of Great Britain and Northern Ireland,UHC,4101160.964367,WHO Triple Billion Indicators
5980,2027,country,834,United Republic of Tanzania,HEP,21163926.732,WHO Triple Billion Indicators
5981,2027,country,834,United Republic of Tanzania,HPOP,12494046.172929,WHO Triple Billion Indicators
5982,2027,country,834,United Republic of Tanzania,UHC,10709416.865191,WHO Triple Billion Indicators
5983,2027,country,840,United States of America,HEP,9623058.0097,WHO Triple Billion Indicators
5984,2027,country,840,United States of America,HPOP,8971090.639960002,WHO Triple Billion Indicators
5985,2027,country,840,United States of America,UHC,19297664.48742,WHO Triple Billion Indicators
5986,2027,country,858,Uruguay,HEP,-1225492.0064,WHO Triple Billion Indicators
5987,2027,country,858,Uruguay,HPOP,-23112.660048999995,WHO Triple Billion Indicators
5988,2027,country,858,Uruguay,UHC,-305729.07078234997,WHO Triple Billion Indicators
5989,2027,country,860,Uzbekistan,HEP,18566766.5951,WHO Triple Billion Indicators
5990,2027,country,860,Uzbekistan,HPOP,3372946.16339,WHO Triple Billion Indicators
5991,2027,country,860,Uzbekistan,UHC,6993532.65742,WHO Triple Billion Indicators
5992,2027,country,548,Vanuatu,HEP,149471.68678,WHO Triple Billion Indicators
5993,2027,country,548,Vanuatu,HPOP,-26482.68217102,WHO Triple Billion Indicators
5994,2027,country,548,Vanuatu,UHC,30946.00489119,WHO Triple Billion Indicators
5995,2027,country,862,Venezuela (Bolivarian Republic of),HEP,1570304.7040000001,WHO Triple Billion Indicators
5996,2027,country,862,Venezuela (Bolivarian Republic of),HPOP,-282198.944467,WHO Triple Billion Indicators
5997,2027,country,862,Venezuela (Bolivarian Republic of),UHC,1799509.7643559999,WHO Triple Billion Indicators
5998,2027,country,704,Viet Nam,HEP,-22970732.09,WHO Triple Billion Indicators
5999,2027,country,704,Viet Nam,HPOP,15156791.476219999,WHO Triple Billion Indicators
6000,2027,country,704,Viet Nam,UHC,12113916.70136,WHO Triple Billion Indicators
6001,2027,country,887,Yemen,HEP,-4234414.7798,WHO Triple Billion Indicators
6002,2027,country,887,Yemen,HPOP,-1462125.2763460001,WHO Triple Billion Indicators
6003,2027,country,887,Yemen,UHC,2230756.1392699997,WHO Triple Billion Indicators
6004,2027,country,894,Zambia,HEP,4435845.018999999,WHO Triple Billion Indicators
6005,2027,country,894,Zambia,HPOP,500243.35363500006,WHO Triple Billion Indicators
6006,2027,country,894,Zambia,UHC,3513306.90295,WHO Triple Billion Indicators
6007,2027,country,716,Zimbabwe,HEP,4548502.462,WHO Triple Billion Indicators
6008,2027,country,716,Zimbabwe,HPOP,-447561.731361,WHO Triple Billion Indicators
6009,2027,country,716,Zimbabwe,UHC,2077423.44385543,WHO Triple Billion Indicators
6010,2027,global,1,World,HEP,843921004.043,WHO Triple Billion Indicators
6011,2027,global,1,World,HPOP,1755477323.011,WHO Triple Billion Indicators
6012,2027,global,1,World,UHC,716841417.26458,WHO Triple Billion Indicators
6013,2027,who_region,953,Africa,HEP,273111344.53,WHO Triple Billion Indicators
6014,2027,who_region,953,Africa,HPOP,159636047.6059,WHO Triple Billion Indicators
6015,2027,who_region,953,Africa,UHC,139303713.0247,WHO Triple Billion Indicators
6016,2027,who_region,954,Americas,HEP,-49949685.4,WHO Triple Billion Indicators
6017,2027,who_region,954,Americas,HPOP,78806207.70703,WHO Triple Billion Indicators
6018,2027,who_region,954,Americas,UHC,46968980.185100004,WHO Triple Billion Indicators
6019,2027,who_region,957,Eastern Mediterranean,HEP,24839399.59,WHO Triple Billion Indicators
6020,2027,who_region,957,Eastern Mediterranean,HPOP,101994903.06046,WHO Triple Billion Indicators
6021,2027,who_region,957,Eastern Mediterranean,UHC,60328564.6648,WHO Triple Billion Indicators
6022,2027,who_region,956,Europe,HEP,30733237.994999997,WHO Triple Billion Indicators
6023,2027,who_region,956,Europe,HPOP,56763328.782784,WHO Triple Billion Indicators
6024,2027,who_region,956,Europe,UHC,48308782.9888,WHO Triple Billion Indicators
6025,2027,who_region,955,South-East Asia,HEP,519309757.66,WHO Triple Billion Indicators
6026,2027,who_region,955,South-East Asia,HPOP,890104195.6413999,WHO Triple Billion Indicators
6027,2027,who_region,955,South-East Asia,UHC,302609809.479,WHO Triple Billion Indicators
6028,2027,who_region,958,Western Pacific,HEP,45876949.631,WHO Triple Billion Indicators
6029,2027,who_region,958,Western Pacific,HPOP,468172640.16191,WHO Triple Billion Indicators
6030,2027,who_region,958,Western Pacific,UHC,119321567.001,WHO Triple Billion Indicators
6031,2028,country,4,Afghanistan,HEP,11327935.615,WHO Triple Billion Indicators
6032,2028,country,4,Afghanistan,HPOP,13527034.354928,WHO Triple Billion Indicators
6033,2028,country,4,Afghanistan,UHC,1631284.5610200001,WHO Triple Billion Indicators
6034,2028,country,8,Albania,HEP,1193755.46732,WHO Triple Billion Indicators
6035,2028,country,8,Albania,HPOP,839451.6275985001,WHO Triple Billion Indicators
6036,2028,country,8,Albania,UHC,578015.483182,WHO Triple Billion Indicators
6037,2028,country,12,Algeria,HEP,-11693019.703,WHO Triple Billion Indicators
6038,2028,country,12,Algeria,HPOP,-5649058.05694,WHO Triple Billion Indicators
6039,2028,country,12,Algeria,UHC,1891983.9349769996,WHO Triple Billion Indicators
6040,2028,country,20,Andorra,HEP,19345.030550000003,WHO Triple Billion Indicators
6041,2028,country,20,Andorra,HPOP,-18284.369609441997,WHO Triple Billion Indicators
6042,2028,country,20,Andorra,UHC,7060.994029,WHO Triple Billion Indicators
6043,2028,country,24,Angola,HEP,2670854.124,WHO Triple Billion Indicators
6044,2028,country,24,Angola,HPOP,-2486975.3617800004,WHO Triple Billion Indicators
6045,2028,country,24,Angola,UHC,3842434.082908,WHO Triple Billion Indicators
6046,2028,country,28,Antigua and Barbuda,HEP,32201.025373,WHO Triple Billion Indicators
6047,2028,country,28,Antigua and Barbuda,HPOP,-15437.382814593999,WHO Triple Billion Indicators
6048,2028,country,28,Antigua and Barbuda,UHC,11371.983034611,WHO Triple Billion Indicators
6049,2028,country,32,Argentina,HEP,1195167.946,WHO Triple Billion Indicators
6050,2028,country,32,Argentina,HPOP,-1993595.1225900003,WHO Triple Billion Indicators
6051,2028,country,32,Argentina,UHC,3617528.612093,WHO Triple Billion Indicators
6052,2028,country,51,Armenia,HEP,170903.6082,WHO Triple Billion Indicators
6053,2028,country,51,Armenia,HPOP,158963.126684,WHO Triple Billion Indicators
6054,2028,country,51,Armenia,UHC,180608.58987807002,WHO Triple Billion Indicators
6055,2028,country,36,Australia,HEP,367430.0103000001,WHO Triple Billion Indicators
6056,2028,country,36,Australia,HPOP,-560766.6880540001,WHO Triple Billion Indicators
6057,2028,country,36,Australia,UHC,2618446.1736295302,WHO Triple Billion Indicators
6058,2028,country,40,Austria,HEP,2169702.49671,WHO Triple Billion Indicators
6059,2028,country,40,Austria,HPOP,976053.3986316001,WHO Triple Billion Indicators
6060,2028,country,40,Austria,UHC,1121004.90167933,WHO Triple Billion Indicators
6061,2028,country,31,Azerbaijan,HEP,78324.97469999996,WHO Triple Billion Indicators
6062,2028,country,31,Azerbaijan,HPOP,1376651.730433,WHO Triple Billion Indicators
6063,2028,country,31,Azerbaijan,UHC,1147455.986116,WHO Triple Billion Indicators
6064,2028,country,44,Bahamas,HEP,45578.39153,WHO Triple Billion Indicators
6065,2028,country,44,Bahamas,HPOP,-17259.11680395,WHO Triple Billion Indicators
6066,2028,country,44,Bahamas,UHC,22381.50828036,WHO Triple Billion Indicators
6067,2028,country,48,Bahrain,HEP,-153244.576995,WHO Triple Billion Indicators
6068,2028,country,48,Bahrain,HPOP,90680.27598750999,WHO Triple Billion Indicators
6069,2028,country,48,Bahrain,UHC,105633.61758045,WHO Triple Billion Indicators
6070,2028,country,50,Bangladesh,HEP,41816519.424,WHO Triple Billion Indicators
6071,2028,country,50,Bangladesh,HPOP,55698785.927480005,WHO Triple Billion Indicators
6072,2028,country,50,Bangladesh,UHC,19150239.73901,WHO Triple Billion Indicators
6073,2028,country,52,Barbados,HEP,5796.898869999997,WHO Triple Billion Indicators
6074,2028,country,52,Barbados,HPOP,-31118.87573993,WHO Triple Billion Indicators
6075,2028,country,52,Barbados,UHC,15754.985224,WHO Triple Billion Indicators
6076,2028,country,112,Belarus,HEP,415625.96888,WHO Triple Billion Indicators
6077,2028,country,112,Belarus,HPOP,65533.80633200004,WHO Triple Billion Indicators
6078,2028,country,112,Belarus,UHC,-219563.07687050002,WHO Triple Billion Indicators
6079,2028,country,56,Belgium,HEP,-4876733.26384,WHO Triple Billion Indicators
6080,2028,country,56,Belgium,HPOP,1413565.45322,WHO Triple Billion Indicators
6081,2028,country,56,Belgium,UHC,-523983.13704893005,WHO Triple Billion Indicators
6082,2028,country,84,Belize,HEP,122698.75915,WHO Triple Billion Indicators
6083,2028,country,84,Belize,HPOP,-29005.639532600002,WHO Triple Billion Indicators
6084,2028,country,84,Belize,UHC,43607.80489016,WHO Triple Billion Indicators
6085,2028,country,204,Benin,HEP,2698056.2207,WHO Triple Billion Indicators
6086,2028,country,204,Benin,HPOP,1811.9159950000194,WHO Triple Billion Indicators
6087,2028,country,204,Benin,UHC,1077337.388247,WHO Triple Billion Indicators
6088,2028,country,64,Bhutan,HEP,177657.98426599998,WHO Triple Billion Indicators
6089,2028,country,64,Bhutan,HPOP,310483.10721647,WHO Triple Billion Indicators
6090,2028,country,64,Bhutan,UHC,112187.908801,WHO Triple Billion Indicators
6091,2028,country,68,Bolivia (Plurinational State of),HEP,1312055.2100000004,WHO Triple Billion Indicators
6092,2028,country,68,Bolivia (Plurinational State of),HPOP,403750.46979500004,WHO Triple Billion Indicators
6093,2028,country,68,Bolivia (Plurinational State of),UHC,2161587.09044,WHO Triple Billion Indicators
6094,2028,country,70,Bosnia and Herzegovina,HEP,-28318.870800000033,WHO Triple Billion Indicators
6095,2028,country,70,Bosnia and Herzegovina,HPOP,575374.269815,WHO Triple Billion Indicators
6096,2028,country,70,Bosnia and Herzegovina,UHC,-41761.24087469999,WHO Triple Billion Indicators
6097,2028,country,72,Botswana,HEP,1225335.8413949998,WHO Triple Billion Indicators
6098,2028,country,72,Botswana,HPOP,159562.55785699998,WHO Triple Billion Indicators
6099,2028,country,72,Botswana,UHC,370313.159753,WHO Triple Billion Indicators
6100,2028,country,76,Brazil,HEP,-1700173.1800000006,WHO Triple Billion Indicators
6101,2028,country,76,Brazil,HPOP,25650494.48463,WHO Triple Billion Indicators
6102,2028,country,76,Brazil,UHC,1748358.390420001,WHO Triple Billion Indicators
6103,2028,country,96,Brunei Darussalam,HEP,53838.520317,WHO Triple Billion Indicators
6104,2028,country,96,Brunei Darussalam,HPOP,-31803.2826623,WHO Triple Billion Indicators
6105,2028,country,96,Brunei Darussalam,UHC,33882.784014571,WHO Triple Billion Indicators
6106,2028,country,100,Bulgaria,HEP,1412312.5230180002,WHO Triple Billion Indicators
6107,2028,country,100,Bulgaria,HPOP,1149699.89541309,WHO Triple Billion Indicators
6108,2028,country,100,Bulgaria,UHC,407124.45467050007,WHO Triple Billion Indicators
6109,2028,country,854,Burkina Faso,HEP,15366370.98156,WHO Triple Billion Indicators
6110,2028,country,854,Burkina Faso,HPOP,3308944.443666,WHO Triple Billion Indicators
6111,2028,country,854,Burkina Faso,UHC,3622465.659752,WHO Triple Billion Indicators
6112,2028,country,108,Burundi,HEP,6658309.65475,WHO Triple Billion Indicators
6113,2028,country,108,Burundi,HPOP,23620.25963340001,WHO Triple Billion Indicators
6114,2028,country,108,Burundi,UHC,1834711.8013075,WHO Triple Billion Indicators
6115,2028,country,132,Cabo Verde,HEP,228033.55164000002,WHO Triple Billion Indicators
6116,2028,country,132,Cabo Verde,HPOP,9438.508474970002,WHO Triple Billion Indicators
6117,2028,country,132,Cabo Verde,UHC,93220.60562270001,WHO Triple Billion Indicators
6118,2028,country,116,Cambodia,HEP,6424485.865100001,WHO Triple Billion Indicators
6119,2028,country,116,Cambodia,HPOP,6085249.227514,WHO Triple Billion Indicators
6120,2028,country,116,Cambodia,UHC,2749490.55675,WHO Triple Billion Indicators
6121,2028,country,120,Cameroon,HEP,3424542.4556,WHO Triple Billion Indicators
6122,2028,country,120,Cameroon,HPOP,-1602524.2847199999,WHO Triple Billion Indicators
6123,2028,country,120,Cameroon,UHC,3825103.274536,WHO Triple Billion Indicators
6124,2028,country,124,Canada,HEP,-759547.6100000001,WHO Triple Billion Indicators
6125,2028,country,124,Canada,HPOP,2912179.7452667,WHO Triple Billion Indicators
6126,2028,country,124,Canada,UHC,4118304.9218329997,WHO Triple Billion Indicators
6127,2028,country,140,Central African Republic,HEP,4701609.8236,WHO Triple Billion Indicators
6128,2028,country,140,Central African Republic,HPOP,-625532.404098,WHO Triple Billion Indicators
6129,2028,country,140,Central African Republic,UHC,697754.1322911801,WHO Triple Billion Indicators
6130,2028,country,148,Chad,HEP,7832492.2234,WHO Triple Billion Indicators
6131,2028,country,148,Chad,HPOP,1338630.71729,WHO Triple Billion Indicators
6132,2028,country,148,Chad,UHC,1574875.7499529999,WHO Triple Billion Indicators
6133,2028,country,152,Chile,HEP,2263438.2067,WHO Triple Billion Indicators
6134,2028,country,152,Chile,HPOP,460221.83849699993,WHO Triple Billion Indicators
6135,2028,country,152,Chile,UHC,309124.3867612999,WHO Triple Billion Indicators
6136,2028,country,156,China,HEP,16510294.459,WHO Triple Billion Indicators
6137,2028,country,156,China,HPOP,439283867.356,WHO Triple Billion Indicators
6138,2028,country,156,China,UHC,73684758.39797,WHO Triple Billion Indicators
6139,2028,country,170,Colombia,HEP,9960590.41311,WHO Triple Billion Indicators
6140,2028,country,170,Colombia,HPOP,3365349.8326000003,WHO Triple Billion Indicators
6141,2028,country,170,Colombia,UHC,6095103.606129999,WHO Triple Billion Indicators
6142,2028,country,174,Comoros,HEP,469895.21912,WHO Triple Billion Indicators
6143,2028,country,174,Comoros,HPOP,73073.10860660001,WHO Triple Billion Indicators
6144,2028,country,174,Comoros,UHC,124301.6079115,WHO Triple Billion Indicators
6145,2028,country,178,Congo,HEP,531906.3186,WHO Triple Billion Indicators
6146,2028,country,178,Congo,HPOP,795691.4712149999,WHO Triple Billion Indicators
6147,2028,country,178,Congo,UHC,614187.209727,WHO Triple Billion Indicators
6148,2028,country,184,Cook Islands,HEP,1294.5921664000002,WHO Triple Billion Indicators
6149,2028,country,184,Cook Islands,HPOP,-3706.593501936,WHO Triple Billion Indicators
6150,2028,country,184,Cook Islands,UHC,-62.125207949000085,WHO Triple Billion Indicators
6151,2028,country,188,Costa Rica,HEP,-564870.78322,WHO Triple Billion Indicators
6152,2028,country,188,Costa Rica,HPOP,138575.0241347,WHO Triple Billion Indicators
6153,2028,country,188,Costa Rica,UHC,285260.385137,WHO Triple Billion Indicators
6154,2028,country,191,Croatia,HEP,391105.70517000003,WHO Triple Billion Indicators
6155,2028,country,191,Croatia,HPOP,94305.77842724003,WHO Triple Billion Indicators
6156,2028,country,191,Croatia,UHC,146717.55413700003,WHO Triple Billion Indicators
6157,2028,country,192,Cuba,HEP,-946572.3117999999,WHO Triple Billion Indicators
6158,2028,country,192,Cuba,HPOP,358429.0506198,WHO Triple Billion Indicators
6159,2028,country,192,Cuba,UHC,-87574.55729809997,WHO Triple Billion Indicators
6160,2028,country,196,Cyprus,HEP,-192714.56832999998,WHO Triple Billion Indicators
6161,2028,country,196,Cyprus,HPOP,101931.5912652,WHO Triple Billion Indicators
6162,2028,country,196,Cyprus,UHC,117463.48305269999,WHO Triple Billion Indicators
6163,2028,country,203,Czechia,HEP,2540833.6611,WHO Triple Billion Indicators
6164,2028,country,203,Czechia,HPOP,1141780.2535872,WHO Triple Billion Indicators
6165,2028,country,203,Czechia,UHC,530917.0694057001,WHO Triple Billion Indicators
6166,2028,country,384,Côte d'Ivoire,HEP,8672973.148599999,WHO Triple Billion Indicators
6167,2028,country,384,Côte d'Ivoire,HPOP,5109120.504878,WHO Triple Billion Indicators
6168,2028,country,384,Côte d'Ivoire,UHC,3191752.4024,WHO Triple Billion Indicators
6169,2028,country,408,Democratic People's Republic of Korea,HEP,6214854.5325,WHO Triple Billion Indicators
6170,2028,country,408,Democratic People's Republic of Korea,HPOP,3760399.94118,WHO Triple Billion Indicators
6171,2028,country,408,Democratic People's Republic of Korea,UHC,2968918.7163088997,WHO Triple Billion Indicators
6172,2028,country,180,Democratic Republic of the Congo,HEP,44069279.774000004,WHO Triple Billion Indicators
6173,2028,country,180,Democratic Republic of the Congo,HPOP,-97973.86475000001,WHO Triple Billion Indicators
6174,2028,country,180,Democratic Republic of the Congo,UHC,14181743.29596,WHO Triple Billion Indicators
6175,2028,country,208,Denmark,HEP,221439.20233,WHO Triple Billion Indicators
6176,2028,country,208,Denmark,HPOP,550474.240082,WHO Triple Billion Indicators
6177,2028,country,208,Denmark,UHC,526034.737452201,WHO Triple Billion Indicators
6178,2028,country,262,Djibouti,HEP,201702.34546,WHO Triple Billion Indicators
6179,2028,country,262,Djibouti,HPOP,75644.27806699999,WHO Triple Billion Indicators
6180,2028,country,262,Djibouti,UHC,117250.3702993,WHO Triple Billion Indicators
6181,2028,country,212,Dominica,HEP,-16048.221819999999,WHO Triple Billion Indicators
6182,2028,country,212,Dominica,HPOP,-5602.295061309,WHO Triple Billion Indicators
6183,2028,country,212,Dominica,UHC,3334.77514806,WHO Triple Billion Indicators
6184,2028,country,214,Dominican Republic,HEP,4839700.9471,WHO Triple Billion Indicators
6185,2028,country,214,Dominican Republic,HPOP,-782719.536814,WHO Triple Billion Indicators
6186,2028,country,214,Dominican Republic,UHC,1450867.6359670002,WHO Triple Billion Indicators
6187,2028,country,218,Ecuador,HEP,-7938315.7426,WHO Triple Billion Indicators
6188,2028,country,218,Ecuador,HPOP,-348557.00259399996,WHO Triple Billion Indicators
6189,2028,country,218,Ecuador,UHC,1111928.185206,WHO Triple Billion Indicators
6190,2028,country,818,Egypt,HEP,7795155.66,WHO Triple Billion Indicators
6191,2028,country,818,Egypt,HPOP,-6446528.0091699995,WHO Triple Billion Indicators
6192,2028,country,818,Egypt,UHC,7506195.078793,WHO Triple Billion Indicators
6193,2028,country,222,El Salvador,HEP,-2006795.6822000002,WHO Triple Billion Indicators
6194,2028,country,222,El Salvador,HPOP,306963.60294099996,WHO Triple Billion Indicators
6195,2028,country,222,El Salvador,UHC,-27774.907674000016,WHO Triple Billion Indicators
6196,2028,country,226,Equatorial Guinea,HEP,1090054.20014,WHO Triple Billion Indicators
6197,2028,country,226,Equatorial Guinea,HPOP,-64455.96278849999,WHO Triple Billion Indicators
6198,2028,country,226,Equatorial Guinea,UHC,269269.094020738,WHO Triple Billion Indicators
6199,2028,country,232,Eritrea,HEP,3049760.5199999996,WHO Triple Billion Indicators
6200,2028,country,232,Eritrea,HPOP,117490.9320582,WHO Triple Billion Indicators
6201,2028,country,232,Eritrea,UHC,456883.07778798,WHO Triple Billion Indicators
6202,2028,country,233,Estonia,HEP,54894.547399999996,WHO Triple Billion Indicators
6203,2028,country,233,Estonia,HPOP,39770.297496499996,WHO Triple Billion Indicators
6204,2028,country,233,Estonia,UHC,30100.4332842,WHO Triple Billion Indicators
6205,2028,country,748,Eswatini,HEP,-363441.26587999996,WHO Triple Billion Indicators
6206,2028,country,748,Eswatini,HPOP,134150.29860200002,WHO Triple Billion Indicators
6207,2028,country,748,Eswatini,UHC,98390.10582260002,WHO Triple Billion Indicators
6208,2028,country,231,Ethiopia,HEP,47057861.8272,WHO Triple Billion Indicators
6209,2028,country,231,Ethiopia,HPOP,18868631.108400002,WHO Triple Billion Indicators
6210,2028,country,231,Ethiopia,UHC,18432963.20088,WHO Triple Billion Indicators
6211,2028,country,242,Fiji,HEP,-324738.19696,WHO Triple Billion Indicators
6212,2028,country,242,Fiji,HPOP,120875.62547671,WHO Triple Billion Indicators
6213,2028,country,242,Fiji,UHC,14031.931382700002,WHO Triple Billion Indicators
6214,2028,country,246,Finland,HEP,-328394.4218,WHO Triple Billion Indicators
6215,2028,country,246,Finland,HPOP,406803.14539013,WHO Triple Billion Indicators
6216,2028,country,246,Finland,UHC,97491.99439262,WHO Triple Billion Indicators
6217,2028,country,250,France,HEP,9587117.014999999,WHO Triple Billion Indicators
6218,2028,country,250,France,HPOP,7479552.64936,WHO Triple Billion Indicators
6219,2028,country,250,France,UHC,2796185.5765761,WHO Triple Billion Indicators
6220,2028,country,266,Gabon,HEP,289186.88565,WHO Triple Billion Indicators
6221,2028,country,266,Gabon,HPOP,3796.9845279999945,WHO Triple Billion Indicators
6222,2028,country,266,Gabon,UHC,233907.025944,WHO Triple Billion Indicators
6223,2028,country,270,Gambia,HEP,959660.1473499999,WHO Triple Billion Indicators
6224,2028,country,270,Gambia,HPOP,82904.12316079997,WHO Triple Billion Indicators
6225,2028,country,270,Gambia,UHC,348292.2794264,WHO Triple Billion Indicators
6226,2028,country,268,Georgia,HEP,-641996.8166999999,WHO Triple Billion Indicators
6227,2028,country,268,Georgia,HPOP,80258.582561,WHO Triple Billion Indicators
6228,2028,country,268,Georgia,UHC,-186529.48978479998,WHO Triple Billion Indicators
6229,2028,country,276,Germany,HEP,-9383251.4182,WHO Triple Billion Indicators
6230,2028,country,276,Germany,HPOP,11298772.470738001,WHO Triple Billion Indicators
6231,2028,country,276,Germany,UHC,588112.9013459994,WHO Triple Billion Indicators
6232,2028,country,288,Ghana,HEP,5342445.4792,WHO Triple Billion Indicators
6233,2028,country,288,Ghana,HPOP,13629527.831190001,WHO Triple Billion Indicators
6234,2028,country,288,Ghana,UHC,5164739.353328,WHO Triple Billion Indicators
6235,2028,country,300,Greece,HEP,3199838.59287,WHO Triple Billion Indicators
6236,2028,country,300,Greece,HPOP,1468603.6761427,WHO Triple Billion Indicators
6237,2028,country,300,Greece,UHC,838626.6935020001,WHO Triple Billion Indicators
6238,2028,country,308,Grenada,HEP,-41469.56951,WHO Triple Billion Indicators
6239,2028,country,308,Grenada,HPOP,-14187.10305518,WHO Triple Billion Indicators
6240,2028,country,308,Grenada,UHC,2917.304010519999,WHO Triple Billion Indicators
6241,2028,country,320,Guatemala,HEP,-9387095.9214,WHO Triple Billion Indicators
6242,2028,country,320,Guatemala,HPOP,1923997.939262,WHO Triple Billion Indicators
6243,2028,country,320,Guatemala,UHC,941477.066894,WHO Triple Billion Indicators
6244,2028,country,324,Guinea,HEP,-1013964.9386,WHO Triple Billion Indicators
6245,2028,country,324,Guinea,HPOP,-446273.86149999994,WHO Triple Billion Indicators
6246,2028,country,324,Guinea,UHC,1444681.603575,WHO Triple Billion Indicators
6247,2028,country,624,Guinea-Bissau,HEP,95147.6288,WHO Triple Billion Indicators
6248,2028,country,624,Guinea-Bissau,HPOP,265737.8038148,WHO Triple Billion Indicators
6249,2028,country,624,Guinea-Bissau,UHC,171941.348204,WHO Triple Billion Indicators
6250,2028,country,328,Guyana,HEP,-31819.732135000002,WHO Triple Billion Indicators
6251,2028,country,328,Guyana,HPOP,22289.463489890015,WHO Triple Billion Indicators
6252,2028,country,328,Guyana,UHC,84871.14856019999,WHO Triple Billion Indicators
6253,2028,country,332,Haiti,HEP,4940913.461399999,WHO Triple Billion Indicators
6254,2028,country,332,Haiti,HPOP,-92725.388511,WHO Triple Billion Indicators
6255,2028,country,332,Haiti,UHC,1293187.398859,WHO Triple Billion Indicators
6256,2028,country,340,Honduras,HEP,3544362.942,WHO Triple Billion Indicators
6257,2028,country,340,Honduras,HPOP,1920108.032898,WHO Triple Billion Indicators
6258,2028,country,340,Honduras,UHC,1713631.5078830002,WHO Triple Billion Indicators
6259,2028,country,348,Hungary,HEP,1050491.82022,WHO Triple Billion Indicators
6260,2028,country,348,Hungary,HPOP,1347131.95835,WHO Triple Billion Indicators
6261,2028,country,348,Hungary,UHC,927461.105757,WHO Triple Billion Indicators
6262,2028,country,352,Iceland,HEP,-80979.71277000001,WHO Triple Billion Indicators
6263,2028,country,352,Iceland,HPOP,17444.02464377,WHO Triple Billion Indicators
6264,2028,country,352,Iceland,UHC,17788.872525752002,WHO Triple Billion Indicators
6265,2028,country,356,India,HEP,408674442.04999995,WHO Triple Billion Indicators
6266,2028,country,356,India,HPOP,790549221.6866,WHO Triple Billion Indicators
6267,2028,country,356,India,UHC,228556871.87100002,WHO Triple Billion Indicators
6268,2028,country,360,Indonesia,HEP,54977487.422,WHO Triple Billion Indicators
6269,2028,country,360,Indonesia,HPOP,34075807.28859,WHO Triple Billion Indicators
6270,2028,country,360,Indonesia,UHC,56269339.6211,WHO Triple Billion Indicators
6271,2028,country,364,Iran (Islamic Republic of),HEP,3676955.7001,WHO Triple Billion Indicators
6272,2028,country,364,Iran (Islamic Republic of),HPOP,-3709924.1277980004,WHO Triple Billion Indicators
6273,2028,country,364,Iran (Islamic Republic of),UHC,10015079.77743,WHO Triple Billion Indicators
6274,2028,country,368,Iraq,HEP,-17359787.5959,WHO Triple Billion Indicators
6275,2028,country,368,Iraq,HPOP,5701745.283225,WHO Triple Billion Indicators
6276,2028,country,368,Iraq,UHC,2157702.1766689997,WHO Triple Billion Indicators
6277,2028,country,372,Ireland,HEP,157956.6322,WHO Triple Billion Indicators
6278,2028,country,372,Ireland,HPOP,365089.09361000004,WHO Triple Billion Indicators
6279,2028,country,372,Ireland,UHC,305819.27092270006,WHO Triple Billion Indicators
6280,2028,country,376,Israel,HEP,-1139873.78708,WHO Triple Billion Indicators
6281,2028,country,376,Israel,HPOP,941011.136377,WHO Triple Billion Indicators
6282,2028,country,376,Israel,UHC,1339780.6749715,WHO Triple Billion Indicators
6283,2028,country,380,Italy,HEP,366834.927,WHO Triple Billion Indicators
6284,2028,country,380,Italy,HPOP,4297054.919416999,WHO Triple Billion Indicators
6285,2028,country,380,Italy,UHC,1505234.8433594098,WHO Triple Billion Indicators
6286,2028,country,388,Jamaica,HEP,424335.6999,WHO Triple Billion Indicators
6287,2028,country,388,Jamaica,HPOP,-410595.648428,WHO Triple Billion Indicators
6288,2028,country,388,Jamaica,UHC,239411.88241830003,WHO Triple Billion Indicators
6289,2028,country,392,Japan,HEP,10655760.758,WHO Triple Billion Indicators
6290,2028,country,392,Japan,HPOP,8615695.44605,WHO Triple Billion Indicators
6291,2028,country,392,Japan,UHC,-760692.9322799998,WHO Triple Billion Indicators
6292,2028,country,400,Jordan,HEP,419372.81220000004,WHO Triple Billion Indicators
6293,2028,country,400,Jordan,HPOP,1008710.3094426,WHO Triple Billion Indicators
6294,2028,country,400,Jordan,UHC,888673.0287540001,WHO Triple Billion Indicators
6295,2028,country,398,Kazakhstan,HEP,3136390.2361000003,WHO Triple Billion Indicators
6296,2028,country,398,Kazakhstan,HPOP,1379916.7301,WHO Triple Billion Indicators
6297,2028,country,398,Kazakhstan,UHC,2531096.542888,WHO Triple Billion Indicators
6298,2028,country,404,Kenya,HEP,16400392.5418,WHO Triple Billion Indicators
6299,2028,country,404,Kenya,HPOP,15826255.660876999,WHO Triple Billion Indicators
6300,2028,country,404,Kenya,UHC,6931972.89336,WHO Triple Billion Indicators
6301,2028,country,296,Kiribati,HEP,40286.826595,WHO Triple Billion Indicators
6302,2028,country,296,Kiribati,HPOP,25771.252124934002,WHO Triple Billion Indicators
6303,2028,country,296,Kiribati,UHC,15354.90343872,WHO Triple Billion Indicators
6304,2028,country,414,Kuwait,HEP,2127443.907085,WHO Triple Billion Indicators
6305,2028,country,414,Kuwait,HPOP,285221.1798876,WHO Triple Billion Indicators
6306,2028,country,414,Kuwait,UHC,423288.91145799996,WHO Triple Billion Indicators
6307,2028,country,417,Kyrgyzstan,HEP,-3267152.728,WHO Triple Billion Indicators
6308,2028,country,417,Kyrgyzstan,HPOP,1473276.73308,WHO Triple Billion Indicators
6309,2028,country,417,Kyrgyzstan,UHC,665671.306927,WHO Triple Billion Indicators
6310,2028,country,418,Lao People's Democratic Republic,HEP,3769027.711,WHO Triple Billion Indicators
6311,2028,country,418,Lao People's Democratic Republic,HPOP,309230.477822,WHO Triple Billion Indicators
6312,2028,country,418,Lao People's Democratic Republic,UHC,1180091.535715,WHO Triple Billion Indicators
6313,2028,country,428,Latvia,HEP,-238601.34136,WHO Triple Billion Indicators
6314,2028,country,428,Latvia,HPOP,264477.0795774,WHO Triple Billion Indicators
6315,2028,country,428,Latvia,UHC,4492.948049400016,WHO Triple Billion Indicators
6316,2028,country,422,Lebanon,HEP,1468197.3479400002,WHO Triple Billion Indicators
6317,2028,country,422,Lebanon,HPOP,-8006.7835452000145,WHO Triple Billion Indicators
6318,2028,country,422,Lebanon,UHC,126800.35994099999,WHO Triple Billion Indicators
6319,2028,country,426,Lesotho,HEP,-261860.16489999997,WHO Triple Billion Indicators
6320,2028,country,426,Lesotho,HPOP,546272.0352055,WHO Triple Billion Indicators
6321,2028,country,426,Lesotho,UHC,203883.765341,WHO Triple Billion Indicators
6322,2028,country,430,Liberia,HEP,1403545.1770000001,WHO Triple Billion Indicators
6323,2028,country,430,Liberia,HPOP,-564828.7610150999,WHO Triple Billion Indicators
6324,2028,country,430,Liberia,UHC,880839.200603,WHO Triple Billion Indicators
6325,2028,country,434,Libya,HEP,659267.6879999998,WHO Triple Billion Indicators
6326,2028,country,434,Libya,HPOP,-261835.04061199998,WHO Triple Billion Indicators
6327,2028,country,434,Libya,UHC,199719.4870821,WHO Triple Billion Indicators
6328,2028,country,440,Lithuania,HEP,257941.16698,WHO Triple Billion Indicators
6329,2028,country,440,Lithuania,HPOP,316742.774669,WHO Triple Billion Indicators
6330,2028,country,440,Lithuania,UHC,101726.16624199998,WHO Triple Billion Indicators
6331,2028,country,442,Luxembourg,HEP,46467.577327,WHO Triple Billion Indicators
6332,2028,country,442,Luxembourg,HPOP,72456.84095510001,WHO Triple Billion Indicators
6333,2028,country,442,Luxembourg,UHC,65596.956064908,WHO Triple Billion Indicators
6334,2028,country,450,Madagascar,HEP,17269653.027999997,WHO Triple Billion Indicators
6335,2028,country,450,Madagascar,HPOP,5159209.71875,WHO Triple Billion Indicators
6336,2028,country,450,Madagascar,UHC,3526828.0438231,WHO Triple Billion Indicators
6337,2028,country,454,Malawi,HEP,5279088.529159999,WHO Triple Billion Indicators
6338,2028,country,454,Malawi,HPOP,6214249.15629,WHO Triple Billion Indicators
6339,2028,country,454,Malawi,UHC,3441818.4454,WHO Triple Billion Indicators
6340,2028,country,458,Malaysia,HEP,-10599264.678,WHO Triple Billion Indicators
6341,2028,country,458,Malaysia,HPOP,-709025.052505,WHO Triple Billion Indicators
6342,2028,country,458,Malaysia,UHC,2466396.596927,WHO Triple Billion Indicators
6343,2028,country,462,Maldives,HEP,170465.75374299998,WHO Triple Billion Indicators
6344,2028,country,462,Maldives,HPOP,-9801.375567,WHO Triple Billion Indicators
6345,2028,country,462,Maldives,UHC,47172.88589605,WHO Triple Billion Indicators
6346,2028,country,466,Mali,HEP,-1923858.1035,WHO Triple Billion Indicators
6347,2028,country,466,Mali,HPOP,1861619.812044,WHO Triple Billion Indicators
6348,2028,country,466,Mali,UHC,2683636.150563,WHO Triple Billion Indicators
6349,2028,country,470,Malta,HEP,123188.13645,WHO Triple Billion Indicators
6350,2028,country,470,Malta,HPOP,846.8281064099981,WHO Triple Billion Indicators
6351,2028,country,470,Malta,UHC,64609.102488299,WHO Triple Billion Indicators
6352,2028,country,584,Marshall Islands,HEP,-11158.20118,WHO Triple Billion Indicators
6353,2028,country,584,Marshall Islands,HPOP,-1725.0065700710002,WHO Triple Billion Indicators
6354,2028,country,584,Marshall Islands,UHC,67.48836326899993,WHO Triple Billion Indicators
6355,2028,country,478,Mauritania,HEP,2255899.8222,WHO Triple Billion Indicators
6356,2028,country,478,Mauritania,HPOP,84431.10024050005,WHO Triple Billion Indicators
6357,2028,country,478,Mauritania,UHC,450838.583266,WHO Triple Billion Indicators
6358,2028,country,480,Mauritius,HEP,-448112.57113,WHO Triple Billion Indicators
6359,2028,country,480,Mauritius,HPOP,-19417.541676900004,WHO Triple Billion Indicators
6360,2028,country,480,Mauritius,UHC,-14787.386912099993,WHO Triple Billion Indicators
6361,2028,country,484,Mexico,HEP,-62690784.378,WHO Triple Billion Indicators
6362,2028,country,484,Mexico,HPOP,28876788.392769996,WHO Triple Billion Indicators
6363,2028,country,484,Mexico,UHC,1595586.9308000007,WHO Triple Billion Indicators
6364,2028,country,583,Micronesia (Federated States of),HEP,50896.23059399999,WHO Triple Billion Indicators
6365,2028,country,583,Micronesia (Federated States of),HPOP,-5004.224238561,WHO Triple Billion Indicators
6366,2028,country,583,Micronesia (Federated States of),UHC,13800.75504068,WHO Triple Billion Indicators
6367,2028,country,492,Monaco,HEP,-5972.842901,WHO Triple Billion Indicators
6368,2028,country,492,Monaco,HPOP,-12097.861614828,WHO Triple Billion Indicators
6369,2028,country,492,Monaco,UHC,-86.29995895299996,WHO Triple Billion Indicators
6370,2028,country,496,Mongolia,HEP,-1497280.96399,WHO Triple Billion Indicators
6371,2028,country,496,Mongolia,HPOP,974823.3546740001,WHO Triple Billion Indicators
6372,2028,country,496,Mongolia,UHC,-77733.97086100001,WHO Triple Billion Indicators
6373,2028,country,499,Montenegro,HEP,34919.258799999996,WHO Triple Billion Indicators
6374,2028,country,499,Montenegro,HPOP,149569.09530736998,WHO Triple Billion Indicators
6375,2028,country,499,Montenegro,UHC,31594.9468649,WHO Triple Billion Indicators
6376,2028,country,504,Morocco,HEP,-191957.32390000013,WHO Triple Billion Indicators
6377,2028,country,504,Morocco,HPOP,6030581.002799001,WHO Triple Billion Indicators
6378,2028,country,504,Morocco,UHC,1567150.21378,WHO Triple Billion Indicators
6379,2028,country,508,Mozambique,HEP,16750977.3796,WHO Triple Billion Indicators
6380,2028,country,508,Mozambique,HPOP,2363442.8807900003,WHO Triple Billion Indicators
6381,2028,country,508,Mozambique,UHC,5542515.561802,WHO Triple Billion Indicators
6382,2028,country,104,Myanmar,HEP,-8476457.059,WHO Triple Billion Indicators
6383,2028,country,104,Myanmar,HPOP,25658418.352760002,WHO Triple Billion Indicators
6384,2028,country,104,Myanmar,UHC,4194876.6844,WHO Triple Billion Indicators
6385,2028,country,516,Namibia,HEP,353164.2845999999,WHO Triple Billion Indicators
6386,2028,country,516,Namibia,HPOP,111837.565642,WHO Triple Billion Indicators
6387,2028,country,516,Namibia,UHC,457838.653766,WHO Triple Billion Indicators
6388,2028,country,520,Nauru,HEP,-422.8881309,WHO Triple Billion Indicators
6389,2028,country,520,Nauru,HPOP,-90.51492512000004,WHO Triple Billion Indicators
6390,2028,country,520,Nauru,UHC,958.448743321,WHO Triple Billion Indicators
6391,2028,country,524,Nepal,HEP,20009905.3598,WHO Triple Billion Indicators
6392,2028,country,524,Nepal,HPOP,9475209.196,WHO Triple Billion Indicators
6393,2028,country,524,Nepal,UHC,5321769.26186,WHO Triple Billion Indicators
6394,2028,country,528,Netherlands (Kingdom of the),HEP,-4039403.6847,WHO Triple Billion Indicators
6395,2028,country,528,Netherlands (Kingdom of the),HPOP,1641954.2476415,WHO Triple Billion Indicators
6396,2028,country,528,Netherlands (Kingdom of the),UHC,317931.03302100004,WHO Triple Billion Indicators
6397,2028,country,554,New Zealand,HEP,75527.19003,WHO Triple Billion Indicators
6398,2028,country,554,New Zealand,HPOP,288202.063003,WHO Triple Billion Indicators
6399,2028,country,554,New Zealand,UHC,520767.7374152,WHO Triple Billion Indicators
6400,2028,country,558,Nicaragua,HEP,1715100.1330000001,WHO Triple Billion Indicators
6401,2028,country,558,Nicaragua,HPOP,775276.4002860001,WHO Triple Billion Indicators
6402,2028,country,558,Nicaragua,UHC,855349.588274,WHO Triple Billion Indicators
6403,2028,country,562,Niger,HEP,6960162.262,WHO Triple Billion Indicators
6404,2028,country,562,Niger,HPOP,1250668.344562,WHO Triple Billion Indicators
6405,2028,country,562,Niger,UHC,4081228.259267,WHO Triple Billion Indicators
6406,2028,country,566,Nigeria,HEP,12247097.889,WHO Triple Billion Indicators
6407,2028,country,566,Nigeria,HPOP,81917953.50529,WHO Triple Billion Indicators
6408,2028,country,566,Nigeria,UHC,22302357.3377,WHO Triple Billion Indicators
6409,2028,country,570,Niue,HEP,-115.97709153999999,WHO Triple Billion Indicators
6410,2028,country,570,Niue,HPOP,-140.078917503,WHO Triple Billion Indicators
6411,2028,country,570,Niue,UHC,73.740536917,WHO Triple Billion Indicators
6412,2028,country,807,North Macedonia,HEP,-274323.5419,WHO Triple Billion Indicators
6413,2028,country,807,North Macedonia,HPOP,278682.105791,WHO Triple Billion Indicators
6414,2028,country,807,North Macedonia,UHC,102810.76693930001,WHO Triple Billion Indicators
6415,2028,country,578,Norway,HEP,704531.5007000001,WHO Triple Billion Indicators
6416,2028,country,578,Norway,HPOP,277783.77084899996,WHO Triple Billion Indicators
6417,2028,country,578,Norway,UHC,550004.95130008,WHO Triple Billion Indicators
6418,2028,country,512,Oman,HEP,-773204.48019,WHO Triple Billion Indicators
6419,2028,country,512,Oman,HPOP,-106220.31411090001,WHO Triple Billion Indicators
6420,2028,country,512,Oman,UHC,30446.093774000015,WHO Triple Billion Indicators
6421,2028,country,586,Pakistan,HEP,27890707.838,WHO Triple Billion Indicators
6422,2028,country,586,Pakistan,HPOP,80516652.80089,WHO Triple Billion Indicators
6423,2028,country,586,Pakistan,UHC,26815810.392580003,WHO Triple Billion Indicators
6424,2028,country,585,Palau,HEP,-1422.6972817,WHO Triple Billion Indicators
6425,2028,country,585,Palau,HPOP,-1322.9716330190004,WHO Triple Billion Indicators
6426,2028,country,585,Palau,UHC,651.4160910840001,WHO Triple Billion Indicators
6427,2028,country,591,Panama,HEP,57345.70720000006,WHO Triple Billion Indicators
6428,2028,country,591,Panama,HPOP,399597.23312200006,WHO Triple Billion Indicators
6429,2028,country,591,Panama,UHC,527388.543247,WHO Triple Billion Indicators
6430,2028,country,598,Papua New Guinea,HEP,-1732965.5537999999,WHO Triple Billion Indicators
6431,2028,country,598,Papua New Guinea,HPOP,-35399.555046,WHO Triple Billion Indicators
6432,2028,country,598,Papua New Guinea,UHC,324296.697856,WHO Triple Billion Indicators
6433,2028,country,600,Paraguay,HEP,-1032143.3396000001,WHO Triple Billion Indicators
6434,2028,country,600,Paraguay,HPOP,846154.6132300001,WHO Triple Billion Indicators
6435,2028,country,600,Paraguay,UHC,647535.205804,WHO Triple Billion Indicators
6436,2028,country,604,Peru,HEP,-10215655.776999999,WHO Triple Billion Indicators
6437,2028,country,604,Peru,HPOP,10181872.216911,WHO Triple Billion Indicators
6438,2028,country,604,Peru,UHC,1364699.8141100002,WHO Triple Billion Indicators
6439,2028,country,608,Philippines,HEP,35999075.850999996,WHO Triple Billion Indicators
6440,2028,country,608,Philippines,HPOP,17938723.20275,WHO Triple Billion Indicators
6441,2028,country,608,Philippines,UHC,19990012.287890002,WHO Triple Billion Indicators
6442,2028,country,616,Poland,HEP,6236224.635000002,WHO Triple Billion Indicators
6443,2028,country,616,Poland,HPOP,3666588.2655038005,WHO Triple Billion Indicators
6444,2028,country,616,Poland,UHC,3339173.466813,WHO Triple Billion Indicators
6445,2028,country,620,Portugal,HEP,1978592.6860000002,WHO Triple Billion Indicators
6446,2028,country,620,Portugal,HPOP,857759.5299674,WHO Triple Billion Indicators
6447,2028,country,620,Portugal,UHC,792275.1186099,WHO Triple Billion Indicators
6448,2028,country,634,Qatar,HEP,270376.12646999996,WHO Triple Billion Indicators
6449,2028,country,634,Qatar,HPOP,115135.89025000001,WHO Triple Billion Indicators
6450,2028,country,634,Qatar,UHC,105943.15861970001,WHO Triple Billion Indicators
6451,2028,country,410,Republic of Korea,HEP,4472885.0939,WHO Triple Billion Indicators
6452,2028,country,410,Republic of Korea,HPOP,6140363.045146,WHO Triple Billion Indicators
6453,2028,country,410,Republic of Korea,UHC,3992903.063351,WHO Triple Billion Indicators
6454,2028,country,498,Republic of Moldova,HEP,184736.43876,WHO Triple Billion Indicators
6455,2028,country,498,Republic of Moldova,HPOP,328165.2218233,WHO Triple Billion Indicators
6456,2028,country,498,Republic of Moldova,UHC,133485.135406,WHO Triple Billion Indicators
6457,2028,country,642,Romania,HEP,-6724365.895,WHO Triple Billion Indicators
6458,2028,country,642,Romania,HPOP,1954326.3768100003,WHO Triple Billion Indicators
6459,2028,country,642,Romania,UHC,58162.339829999866,WHO Triple Billion Indicators
6460,2028,country,643,Russian Federation,HEP,4479055.3799,WHO Triple Billion Indicators
6461,2028,country,643,Russian Federation,HPOP,-23454364.476030003,WHO Triple Billion Indicators
6462,2028,country,643,Russian Federation,UHC,6986550.297495,WHO Triple Billion Indicators
6463,2028,country,646,Rwanda,HEP,-894956.0178,WHO Triple Billion Indicators
6464,2028,country,646,Rwanda,HPOP,3682887.61529,WHO Triple Billion Indicators
6465,2028,country,646,Rwanda,UHC,2208587.2627961,WHO Triple Billion Indicators
6466,2028,country,659,Saint Kitts and Nevis,HEP,17685.803993,WHO Triple Billion Indicators
6467,2028,country,659,Saint Kitts and Nevis,HPOP,-3185.9134655159996,WHO Triple Billion Indicators
6468,2028,country,659,Saint Kitts and Nevis,UHC,5714.751648483,WHO Triple Billion Indicators
6469,2028,country,662,Saint Lucia,HEP,-7296.4810990000005,WHO Triple Billion Indicators
6470,2028,country,662,Saint Lucia,HPOP,-12126.507897245,WHO Triple Billion Indicators
6471,2028,country,662,Saint Lucia,UHC,5933.2915219,WHO Triple Billion Indicators
6472,2028,country,670,Saint Vincent and the Grenadines,HEP,25040.516340100003,WHO Triple Billion Indicators
6473,2028,country,670,Saint Vincent and the Grenadines,HPOP,-11259.80818784,WHO Triple Billion Indicators
6474,2028,country,670,Saint Vincent and the Grenadines,UHC,11846.683919539999,WHO Triple Billion Indicators
6475,2028,country,882,Samoa,HEP,-1920.6667699999962,WHO Triple Billion Indicators
6476,2028,country,882,Samoa,HPOP,6709.30925281,WHO Triple Billion Indicators
6477,2028,country,882,Samoa,UHC,17820.9442609,WHO Triple Billion Indicators
6478,2028,country,674,San Marino,HEP,-13128.606289,WHO Triple Billion Indicators
6479,2028,country,674,San Marino,HPOP,-9482.950187348,WHO Triple Billion Indicators
6480,2028,country,674,San Marino,UHC,-343.8160971819999,WHO Triple Billion Indicators
6481,2028,country,678,Sao Tome and Principe,HEP,8950.625076999999,WHO Triple Billion Indicators
6482,2028,country,678,Sao Tome and Principe,HPOP,32021.57054261,WHO Triple Billion Indicators
6483,2028,country,678,Sao Tome and Principe,UHC,32834.8983541,WHO Triple Billion Indicators
6484,2028,country,682,Saudi Arabia,HEP,12544347.0906,WHO Triple Billion Indicators
6485,2028,country,682,Saudi Arabia,HPOP,718915.678679,WHO Triple Billion Indicators
6486,2028,country,682,Saudi Arabia,UHC,3835952.5665778304,WHO Triple Billion Indicators
6487,2028,country,686,Senegal,HEP,4087210.4647,WHO Triple Billion Indicators
6488,2028,country,686,Senegal,HPOP,-210093.85465919995,WHO Triple Billion Indicators
6489,2028,country,686,Senegal,UHC,3061299.53243,WHO Triple Billion Indicators
6490,2028,country,688,Serbia,HEP,-31818.78899999999,WHO Triple Billion Indicators
6491,2028,country,688,Serbia,HPOP,967514.2025,WHO Triple Billion Indicators
6492,2028,country,688,Serbia,UHC,-134344.27847500003,WHO Triple Billion Indicators
6493,2028,country,690,Seychelles,HEP,13738.3256966,WHO Triple Billion Indicators
6494,2028,country,690,Seychelles,HPOP,-5226.87451617,WHO Triple Billion Indicators
6495,2028,country,690,Seychelles,UHC,17888.325653877,WHO Triple Billion Indicators
6496,2028,country,694,Sierra Leone,HEP,3735415.3487000004,WHO Triple Billion Indicators
6497,2028,country,694,Sierra Leone,HPOP,896360.955249,WHO Triple Billion Indicators
6498,2028,country,694,Sierra Leone,UHC,825802.1068960001,WHO Triple Billion Indicators
6499,2028,country,702,Singapore,HEP,519585.7338,WHO Triple Billion Indicators
6500,2028,country,702,Singapore,HPOP,-97469.6429432,WHO Triple Billion Indicators
6501,2028,country,702,Singapore,UHC,708919.7979232,WHO Triple Billion Indicators
6502,2028,country,703,Slovakia,HEP,-572350.2713,WHO Triple Billion Indicators
6503,2028,country,703,Slovakia,HPOP,133354.50474020003,WHO Triple Billion Indicators
6504,2028,country,703,Slovakia,UHC,251144.9241763,WHO Triple Billion Indicators
6505,2028,country,705,Slovenia,HEP,-40907.065509999986,WHO Triple Billion Indicators
6506,2028,country,705,Slovenia,HPOP,322418.8687923,WHO Triple Billion Indicators
6507,2028,country,705,Slovenia,UHC,140880.052318,WHO Triple Billion Indicators
6508,2028,country,90,Solomon Islands,HEP,269242.681,WHO Triple Billion Indicators
6509,2028,country,90,Solomon Islands,HPOP,-25519.41453251,WHO Triple Billion Indicators
6510,2028,country,90,Solomon Islands,UHC,89627.364061634,WHO Triple Billion Indicators
6511,2028,country,706,Somalia,HEP,2130192.558,WHO Triple Billion Indicators
6512,2028,country,706,Somalia,HPOP,2154986.411655,WHO Triple Billion Indicators
6513,2028,country,706,Somalia,UHC,1738034.1528212,WHO Triple Billion Indicators
6514,2028,country,710,South Africa,HEP,12449452.266,WHO Triple Billion Indicators
6515,2028,country,710,South Africa,HPOP,5039926.5719003,WHO Triple Billion Indicators
6516,2028,country,710,South Africa,UHC,8528313.00069,WHO Triple Billion Indicators
6517,2028,country,728,South Sudan,HEP,512202.9741,WHO Triple Billion Indicators
6518,2028,country,728,South Sudan,HPOP,-53189.39549400005,WHO Triple Billion Indicators
6519,2028,country,728,South Sudan,UHC,1045380.17243,WHO Triple Billion Indicators
6520,2028,country,724,Spain,HEP,-3007765.3576400005,WHO Triple Billion Indicators
6521,2028,country,724,Spain,HPOP,4932219.302082,WHO Triple Billion Indicators
6522,2028,country,724,Spain,UHC,806904.2930699999,WHO Triple Billion Indicators
6523,2028,country,144,Sri Lanka,HEP,9778498.8486,WHO Triple Billion Indicators
6524,2028,country,144,Sri Lanka,HPOP,1366335.352453,WHO Triple Billion Indicators
6525,2028,country,144,Sri Lanka,UHC,2935112.223175,WHO Triple Billion Indicators
6526,2028,country,729,Sudan,HEP,-15844679.7505,WHO Triple Billion Indicators
6527,2028,country,729,Sudan,HPOP,10969302.33884,WHO Triple Billion Indicators
6528,2028,country,729,Sudan,UHC,3501946.304133,WHO Triple Billion Indicators
6529,2028,country,740,Suriname,HEP,-385004.01227999997,WHO Triple Billion Indicators
6530,2028,country,740,Suriname,HPOP,-19545.9263091,WHO Triple Billion Indicators
6531,2028,country,740,Suriname,UHC,12713.980373400002,WHO Triple Billion Indicators
6532,2028,country,752,Sweden,HEP,-987904.130278,WHO Triple Billion Indicators
6533,2028,country,752,Sweden,HPOP,1016064.430586,WHO Triple Billion Indicators
6534,2028,country,752,Sweden,UHC,267733.20875183,WHO Triple Billion Indicators
6535,2028,country,756,Switzerland,HEP,-1225855.893,WHO Triple Billion Indicators
6536,2028,country,756,Switzerland,HPOP,563123.37325,WHO Triple Billion Indicators
6537,2028,country,756,Switzerland,UHC,484180.35445419996,WHO Triple Billion Indicators
6538,2028,country,760,Syrian Arab Republic,HEP,-11427624.298999999,WHO Triple Billion Indicators
6539,2028,country,760,Syrian Arab Republic,HPOP,-2090139.514322,WHO Triple Billion Indicators
6540,2028,country,760,Syrian Arab Republic,UHC,2564478.4156388,WHO Triple Billion Indicators
6541,2028,country,762,Tajikistan,HEP,1694772.35656,WHO Triple Billion Indicators
6542,2028,country,762,Tajikistan,HPOP,2587591.385715,WHO Triple Billion Indicators
6543,2028,country,762,Tajikistan,UHC,1937509.791939,WHO Triple Billion Indicators
6544,2028,country,764,Thailand,HEP,12025739.912999999,WHO Triple Billion Indicators
6545,2028,country,764,Thailand,HPOP,7323393.979203,WHO Triple Billion Indicators
6546,2028,country,764,Thailand,UHC,10281384.3923,WHO Triple Billion Indicators
6547,2028,country,626,Timor-Leste,HEP,794891.2982,WHO Triple Billion Indicators
6548,2028,country,626,Timor-Leste,HPOP,261670.5188107,WHO Triple Billion Indicators
6549,2028,country,626,Timor-Leste,UHC,262934.217935,WHO Triple Billion Indicators
6550,2028,country,768,Togo,HEP,4101896.20596,WHO Triple Billion Indicators
6551,2028,country,768,Togo,HPOP,1718322.0602970002,WHO Triple Billion Indicators
6552,2028,country,768,Togo,UHC,1087866.310648,WHO Triple Billion Indicators
6553,2028,country,776,Tonga,HEP,21543.424231999998,WHO Triple Billion Indicators
6554,2028,country,776,Tonga,HPOP,1652.9194038600008,WHO Triple Billion Indicators
6555,2028,country,776,Tonga,UHC,11014.69427622,WHO Triple Billion Indicators
6556,2028,country,780,Trinidad and Tobago,HEP,573291.84722,WHO Triple Billion Indicators
6557,2028,country,780,Trinidad and Tobago,HPOP,-65859.205054839,WHO Triple Billion Indicators
6558,2028,country,780,Trinidad and Tobago,UHC,181894.9595366,WHO Triple Billion Indicators
6559,2028,country,788,Tunisia,HEP,2380172.08599,WHO Triple Billion Indicators
6560,2028,country,788,Tunisia,HPOP,693515.433772,WHO Triple Billion Indicators
6561,2028,country,788,Tunisia,UHC,581623.8462200001,WHO Triple Billion Indicators
6562,2028,country,795,Turkmenistan,HEP,1458226.4501,WHO Triple Billion Indicators
6563,2028,country,795,Turkmenistan,HPOP,678856.7959447,WHO Triple Billion Indicators
6564,2028,country,795,Turkmenistan,UHC,485229.0383523,WHO Triple Billion Indicators
6565,2028,country,798,Tuvalu,HEP,2056.38968929,WHO Triple Billion Indicators
6566,2028,country,798,Tuvalu,HPOP,468.8801516,WHO Triple Billion Indicators
6567,2028,country,798,Tuvalu,UHC,1045.352733732,WHO Triple Billion Indicators
6568,2028,country,792,Türkiye,HEP,8383977.268999999,WHO Triple Billion Indicators
6569,2028,country,792,Türkiye,HPOP,13327642.81752,WHO Triple Billion Indicators
6570,2028,country,792,Türkiye,UHC,9956330.1504,WHO Triple Billion Indicators
6571,2028,country,800,Uganda,HEP,14518636.638,WHO Triple Billion Indicators
6572,2028,country,800,Uganda,HPOP,6001069.1276722,WHO Triple Billion Indicators
6573,2028,country,800,Uganda,UHC,7124982.52754,WHO Triple Billion Indicators
6574,2028,country,804,Ukraine,HEP,-9995738.128,WHO Triple Billion Indicators
6575,2028,country,804,Ukraine,HPOP,-549931.21054,WHO Triple Billion Indicators
6576,2028,country,804,Ukraine,UHC,-1493938.3044899998,WHO Triple Billion Indicators
6577,2028,country,784,United Arab Emirates,HEP,521480.08571,WHO Triple Billion Indicators
6578,2028,country,784,United Arab Emirates,HPOP,770921.736406,WHO Triple Billion Indicators
6579,2028,country,784,United Arab Emirates,UHC,700845.0825201,WHO Triple Billion Indicators
6580,2028,country,826,United Kingdom of Great Britain and Northern Ireland,HEP,2109552.1991999997,WHO Triple Billion Indicators
6581,2028,country,826,United Kingdom of Great Britain and Northern Ireland,HPOP,5663522.981360001,WHO Triple Billion Indicators
6582,2028,country,826,United Kingdom of Great Britain and Northern Ireland,UHC,4313837.309972,WHO Triple Billion Indicators
6583,2028,country,834,United Republic of Tanzania,HEP,22661363.865000002,WHO Triple Billion Indicators
6584,2028,country,834,United Republic of Tanzania,HPOP,14389740.304013,WHO Triple Billion Indicators
6585,2028,country,834,United Republic of Tanzania,UHC,11999009.691105999,WHO Triple Billion Indicators
6586,2028,country,840,United States of America,HEP,9957737.2957,WHO Triple Billion Indicators
6587,2028,country,840,United States of America,HPOP,9380498.187470999,WHO Triple Billion Indicators
6588,2028,country,840,United States of America,UHC,21139273.13362,WHO Triple Billion Indicators
6589,2028,country,858,Uruguay,HEP,-1378157.8689199998,WHO Triple Billion Indicators
6590,2028,country,858,Uruguay,HPOP,-42057.217053999986,WHO Triple Billion Indicators
6591,2028,country,858,Uruguay,UHC,-330085.2700536,WHO Triple Billion Indicators
6592,2028,country,860,Uzbekistan,HEP,19309188.3698,WHO Triple Billion Indicators
6593,2028,country,860,Uzbekistan,HPOP,3385385.3637299994,WHO Triple Billion Indicators
6594,2028,country,860,Uzbekistan,UHC,7480500.70183,WHO Triple Billion Indicators
6595,2028,country,548,Vanuatu,HEP,156795.18483,WHO Triple Billion Indicators
6596,2028,country,548,Vanuatu,HPOP,-29346.9094471,WHO Triple Billion Indicators
6597,2028,country,548,Vanuatu,UHC,33775.063770140005,WHO Triple Billion Indicators
6598,2028,country,862,Venezuela (Bolivarian Republic of),HEP,1728761.662,WHO Triple Billion Indicators
6599,2028,country,862,Venezuela (Bolivarian Republic of),HPOP,-589630.2280210002,WHO Triple Billion Indicators
6600,2028,country,862,Venezuela (Bolivarian Republic of),UHC,2066986.4776400002,WHO Triple Billion Indicators
6601,2028,country,704,Viet Nam,HEP,-25313837.020999998,WHO Triple Billion Indicators
6602,2028,country,704,Viet Nam,HPOP,15495165.28906,WHO Triple Billion Indicators
6603,2028,country,704,Viet Nam,UHC,13137516.9485,WHO Triple Billion Indicators
6604,2028,country,887,Yemen,HEP,-4887964.6897,WHO Triple Billion Indicators
6605,2028,country,887,Yemen,HPOP,-1696216.5654220001,WHO Triple Billion Indicators
6606,2028,country,887,Yemen,UHC,2503716.81363,WHO Triple Billion Indicators
6607,2028,country,894,Zambia,HEP,4817512.702000001,WHO Triple Billion Indicators
6608,2028,country,894,Zambia,HPOP,685767.214169,WHO Triple Billion Indicators
6609,2028,country,894,Zambia,UHC,3916376.69981,WHO Triple Billion Indicators
6610,2028,country,716,Zimbabwe,HEP,4836139.069850001,WHO Triple Billion Indicators
6611,2028,country,716,Zimbabwe,HPOP,-511528.881047,WHO Triple Billion Indicators
6612,2028,country,716,Zimbabwe,UHC,2300668.44902371,WHO Triple Billion Indicators
6613,2028,global,1,World,HEP,869073558.9250001,WHO Triple Billion Indicators
6614,2028,global,1,World,HPOP,1851782101.3047,WHO Triple Billion Indicators
6615,2028,global,1,World,UHC,779904213.61066,WHO Triple Billion Indicators
6616,2028,who_region,953,Africa,HEP,290497062.67,WHO Triple Billion Indicators
6617,2028,who_region,953,Africa,HPOP,179367088.6444,WHO Triple Billion Indicators
6618,2028,who_region,953,Africa,UHC,156201229.8894,WHO Triple Billion Indicators
6619,2028,who_region,954,Americas,HEP,-56339947.75000001,WHO Triple Billion Indicators
6620,2028,who_region,954,Americas,HPOP,83438078.58894,WHO Triple Billion Indicators
6621,2028,who_region,954,Americas,UHC,53239499.204399996,WHO Triple Billion Indicators
6622,2028,who_region,957,Eastern Mediterranean,HEP,22774844.159999996,WHO Triple Billion Indicators
6623,2028,who_region,957,Eastern Mediterranean,HPOP,108340176.62703,WHO Triple Billion Indicators
6624,2028,who_region,957,Eastern Mediterranean,UHC,67117574.4122,WHO Triple Billion Indicators
6625,2028,who_region,956,Europe,HEP,26070694.692999996,WHO Triple Billion Indicators
6626,2028,who_region,956,Europe,HPOP,58381355.883513,WHO Triple Billion Indicators
6627,2028,who_region,956,Europe,UHC,52477886.88780001,WHO Triple Billion Indicators
6628,2028,who_region,955,South-East Asia,HEP,546164005.57,WHO Triple Billion Indicators
6629,2028,who_region,955,South-East Asia,HPOP,928469924.0749,WHO Triple Billion Indicators
6630,2028,who_region,955,South-East Asia,UHC,330100807.559,WHO Triple Billion Indicators
6631,2028,who_region,958,Western Pacific,HEP,39906899.69499999,WHO Triple Billion Indicators
6632,2028,who_region,958,Western Pacific,HPOP,493785477.6098,WHO Triple Billion Indicators
6633,2028,who_region,958,Western Pacific,UHC,120767215.6512,WHO Triple Billion Indicators
6634,2029,country,4,Afghanistan,HEP,12246497.787999999,WHO Triple Billion Indicators
6635,2029,country,4,Afghanistan,HPOP,14368661.693546,WHO Triple Billion Indicators
6636,2029,country,4,Afghanistan,UHC,1742251.63641,WHO Triple Billion Indicators
6637,2029,country,8,Albania,HEP,1204879.46604,WHO Triple Billion Indicators
6638,2029,country,8,Albania,HPOP,892059.0123678,WHO Triple Billion Indicators
6639,2029,country,8,Albania,UHC,627982.008251,WHO Triple Billion Indicators
6640,2029,country,12,Algeria,HEP,-13003598.217,WHO Triple Billion Indicators
6641,2029,country,12,Algeria,HPOP,-6133789.74031,WHO Triple Billion Indicators
6642,2029,country,12,Algeria,UHC,1986411.409323,WHO Triple Billion Indicators
6643,2029,country,20,Andorra,HEP,20930.370518,WHO Triple Billion Indicators
6644,2029,country,20,Andorra,HPOP,-19183.68158072,WHO Triple Billion Indicators
6645,2029,country,20,Andorra,UHC,7525.78477447,WHO Triple Billion Indicators
6646,2029,country,24,Angola,HEP,2727381.119,WHO Triple Billion Indicators
6647,2029,country,24,Angola,HPOP,-2773661.5091199996,WHO Triple Billion Indicators
6648,2029,country,24,Angola,UHC,4252889.306092001,WHO Triple Billion Indicators
6649,2029,country,28,Antigua and Barbuda,HEP,34414.1548059,WHO Triple Billion Indicators
6650,2029,country,28,Antigua and Barbuda,HPOP,-16748.046859823,WHO Triple Billion Indicators
6651,2029,country,28,Antigua and Barbuda,UHC,12105.725311713999,WHO Triple Billion Indicators
6652,2029,country,32,Argentina,HEP,1369423.6560000004,WHO Triple Billion Indicators
6653,2029,country,32,Argentina,HPOP,-2260839.05102,WHO Triple Billion Indicators
6654,2029,country,32,Argentina,UHC,4013167.828789,WHO Triple Billion Indicators
6655,2029,country,51,Armenia,HEP,168559.16038,WHO Triple Billion Indicators
6656,2029,country,51,Armenia,HPOP,157428.29106,WHO Triple Billion Indicators
6657,2029,country,51,Armenia,UHC,198541.55955746002,WHO Triple Billion Indicators
6658,2029,country,36,Australia,HEP,260457.3402000001,WHO Triple Billion Indicators
6659,2029,country,36,Australia,HPOP,-593871.3126500002,WHO Triple Billion Indicators
6660,2029,country,36,Australia,UHC,2810243.3632835303,WHO Triple Billion Indicators
6661,2029,country,40,Austria,HEP,2301628.9372300003,WHO Triple Billion Indicators
6662,2029,country,40,Austria,HPOP,1046834.1539085001,WHO Triple Billion Indicators
6663,2029,country,40,Austria,UHC,1186489.43905858,WHO Triple Billion Indicators
6664,2029,country,31,Azerbaijan,HEP,-428.0834000000614,WHO Triple Billion Indicators
6665,2029,country,31,Azerbaijan,HPOP,1466443.794944,WHO Triple Billion Indicators
6666,2029,country,31,Azerbaijan,UHC,1197778.726704,WHO Triple Billion Indicators
6667,2029,country,44,Bahamas,HEP,46709.77667,WHO Triple Billion Indicators
6668,2029,country,44,Bahamas,HPOP,-21153.89942004,WHO Triple Billion Indicators
6669,2029,country,44,Bahamas,UHC,24261.486848589997,WHO Triple Billion Indicators
6670,2029,country,48,Bahrain,HEP,-187356.03413600003,WHO Triple Billion Indicators
6671,2029,country,48,Bahrain,HPOP,94890.06027258,WHO Triple Billion Indicators
6672,2029,country,48,Bahrain,UHC,108493.25849739401,WHO Triple Billion Indicators
6673,2029,country,50,Bangladesh,HEP,44273965.932,WHO Triple Billion Indicators
6674,2029,country,50,Bangladesh,HPOP,59606104.19455,WHO Triple Billion Indicators
6675,2029,country,50,Bangladesh,UHC,21398306.926429998,WHO Triple Billion Indicators
6676,2029,country,52,Barbados,HEP,2996.637340000001,WHO Triple Billion Indicators
6677,2029,country,52,Barbados,HPOP,-35612.57944016,WHO Triple Billion Indicators
6678,2029,country,52,Barbados,UHC,16966.024594,WHO Triple Billion Indicators
6679,2029,country,112,Belarus,HEP,410153.73963,WHO Triple Billion Indicators
6680,2029,country,112,Belarus,HPOP,37071.41315799997,WHO Triple Billion Indicators
6681,2029,country,112,Belarus,UHC,-260001.8552216,WHO Triple Billion Indicators
6682,2029,country,56,Belgium,HEP,-5238068.881800001,WHO Triple Billion Indicators
6683,2029,country,56,Belgium,HPOP,1484343.504619,WHO Triple Billion Indicators
6684,2029,country,56,Belgium,UHC,-570982.90934007,WHO Triple Billion Indicators
6685,2029,country,84,Belize,HEP,132169.63559,WHO Triple Billion Indicators
6686,2029,country,84,Belize,HPOP,-31346.3442042,WHO Triple Billion Indicators
6687,2029,country,84,Belize,UHC,48567.073685949996,WHO Triple Billion Indicators
6688,2029,country,204,Benin,HEP,2919167.61,WHO Triple Billion Indicators
6689,2029,country,204,Benin,HPOP,10365.321752000038,WHO Triple Billion Indicators
6690,2029,country,204,Benin,UHC,1191243.2630629998,WHO Triple Billion Indicators
6691,2029,country,64,Bhutan,HEP,178096.966205,WHO Triple Billion Indicators
6692,2029,country,64,Bhutan,HPOP,324668.77636307,WHO Triple Billion Indicators
6693,2029,country,64,Bhutan,UHC,120004.102708,WHO Triple Billion Indicators
6694,2029,country,68,Bolivia (Plurinational State of),HEP,1432479.4605999999,WHO Triple Billion Indicators
6695,2029,country,68,Bolivia (Plurinational State of),HPOP,385030.29439000017,WHO Triple Billion Indicators
6696,2029,country,68,Bolivia (Plurinational State of),UHC,2341933.15112,WHO Triple Billion Indicators
6697,2029,country,70,Bosnia and Herzegovina,HEP,-45809.294399999955,WHO Triple Billion Indicators
6698,2029,country,70,Bosnia and Herzegovina,HPOP,598282.341603,WHO Triple Billion Indicators
6699,2029,country,70,Bosnia and Herzegovina,UHC,-39856.479635500014,WHO Triple Billion Indicators
6700,2029,country,72,Botswana,HEP,1299782.1864739999,WHO Triple Billion Indicators
6701,2029,country,72,Botswana,HPOP,170450.015644,WHO Triple Billion Indicators
6702,2029,country,72,Botswana,UHC,410393.58941563003,WHO Triple Billion Indicators
6703,2029,country,76,Brazil,HEP,-3108551.2579999994,WHO Triple Billion Indicators
6704,2029,country,76,Brazil,HPOP,26753181.26804,WHO Triple Billion Indicators
6705,2029,country,76,Brazil,UHC,2629023.72681,WHO Triple Billion Indicators
6706,2029,country,96,Brunei Darussalam,HEP,57511.53492600001,WHO Triple Billion Indicators
6707,2029,country,96,Brunei Darussalam,HPOP,-35995.9342454,WHO Triple Billion Indicators
6708,2029,country,96,Brunei Darussalam,UHC,37292.61151403,WHO Triple Billion Indicators
6709,2029,country,100,Bulgaria,HEP,1477181.11791,WHO Triple Billion Indicators
6710,2029,country,100,Bulgaria,HPOP,1218577.261314,WHO Triple Billion Indicators
6711,2029,country,100,Bulgaria,UHC,403292.14573600003,WHO Triple Billion Indicators
6712,2029,country,854,Burkina Faso,HEP,15995073.35907,WHO Triple Billion Indicators
6713,2029,country,854,Burkina Faso,HPOP,3667232.411953,WHO Triple Billion Indicators
6714,2029,country,854,Burkina Faso,UHC,3992157.36056,WHO Triple Billion Indicators
6715,2029,country,108,Burundi,HEP,7003032.599669999,WHO Triple Billion Indicators
6716,2029,country,108,Burundi,HPOP,13422.195909899976,WHO Triple Billion Indicators
6717,2029,country,108,Burundi,UHC,2046425.3864051,WHO Triple Billion Indicators
6718,2029,country,132,Cabo Verde,HEP,242302.08879000004,WHO Triple Billion Indicators
6719,2029,country,132,Cabo Verde,HPOP,7859.857680670003,WHO Triple Billion Indicators
6720,2029,country,132,Cabo Verde,UHC,101230.7674152,WHO Triple Billion Indicators
6721,2029,country,116,Cambodia,HEP,6829475.705,WHO Triple Billion Indicators
6722,2029,country,116,Cambodia,HPOP,6294335.842893,WHO Triple Billion Indicators
6723,2029,country,116,Cambodia,UHC,2992223.9800400003,WHO Triple Billion Indicators
6724,2029,country,120,Cameroon,HEP,3630845.2868999997,WHO Triple Billion Indicators
6725,2029,country,120,Cameroon,HPOP,-1931811.1859499998,WHO Triple Billion Indicators
6726,2029,country,120,Cameroon,UHC,4240412.9465,WHO Triple Billion Indicators
6727,2029,country,124,Canada,HEP,-843714.73,WHO Triple Billion Indicators
6728,2029,country,124,Canada,HPOP,3130123.355545,WHO Triple Billion Indicators
6729,2029,country,124,Canada,UHC,4441708.572923,WHO Triple Billion Indicators
6730,2029,country,140,Central African Republic,HEP,4978149.9694,WHO Triple Billion Indicators
6731,2029,country,140,Central African Republic,HPOP,-721529.4771360001,WHO Triple Billion Indicators
6732,2029,country,140,Central African Republic,UHC,780393.32464256,WHO Triple Billion Indicators
6733,2029,country,148,Chad,HEP,8424959.5816,WHO Triple Billion Indicators
6734,2029,country,148,Chad,HPOP,1309897.7607000002,WHO Triple Billion Indicators
6735,2029,country,148,Chad,UHC,1775505.146401,WHO Triple Billion Indicators
6736,2029,country,152,Chile,HEP,2387026.4351999997,WHO Triple Billion Indicators
6737,2029,country,152,Chile,HPOP,462849.97418299987,WHO Triple Billion Indicators
6738,2029,country,152,Chile,UHC,457889.71791759995,WHO Triple Billion Indicators
6739,2029,country,156,China,HEP,11814553.470000003,WHO Triple Billion Indicators
6740,2029,country,156,China,HPOP,456050633.951,WHO Triple Billion Indicators
6741,2029,country,156,China,UHC,70500998.36655,WHO Triple Billion Indicators
6742,2029,country,170,Colombia,HEP,10466577.472939,WHO Triple Billion Indicators
6743,2029,country,170,Colombia,HPOP,3519377.05388,WHO Triple Billion Indicators
6744,2029,country,170,Colombia,UHC,6681599.607369999,WHO Triple Billion Indicators
6745,2029,country,174,Comoros,HEP,502793.6572000001,WHO Triple Billion Indicators
6746,2029,country,174,Comoros,HPOP,79654.0721934,WHO Triple Billion Indicators
6747,2029,country,174,Comoros,UHC,136088.3852529,WHO Triple Billion Indicators
6748,2029,country,178,Congo,HEP,526983.4897,WHO Triple Billion Indicators
6749,2029,country,178,Congo,HPOP,879151.899431,WHO Triple Billion Indicators
6750,2029,country,178,Congo,UHC,661369.606769,WHO Triple Billion Indicators
6751,2029,country,184,Cook Islands,HEP,1526.2376080999998,WHO Triple Billion Indicators
6752,2029,country,184,Cook Islands,HPOP,-3926.358597811,WHO Triple Billion Indicators
6753,2029,country,184,Cook Islands,UHC,-65.62132789,WHO Triple Billion Indicators
6754,2029,country,188,Costa Rica,HEP,-639400.4481699999,WHO Triple Billion Indicators
6755,2029,country,188,Costa Rica,HPOP,141335.6600196,WHO Triple Billion Indicators
6756,2029,country,188,Costa Rica,UHC,306496.723777,WHO Triple Billion Indicators
6757,2029,country,191,Croatia,HEP,401303.22337,WHO Triple Billion Indicators
6758,2029,country,191,Croatia,HPOP,75118.89933357005,WHO Triple Billion Indicators
6759,2029,country,191,Croatia,UHC,154077.983707,WHO Triple Billion Indicators
6760,2029,country,192,Cuba,HEP,-1069919.24405,WHO Triple Billion Indicators
6761,2029,country,192,Cuba,HPOP,354032.0927423,WHO Triple Billion Indicators
6762,2029,country,192,Cuba,UHC,-103572.81721770007,WHO Triple Billion Indicators
6763,2029,country,196,Cyprus,HEP,-216321.36740999998,WHO Triple Billion Indicators
6764,2029,country,196,Cyprus,HPOP,107830.3081105,WHO Triple Billion Indicators
6765,2029,country,196,Cyprus,UHC,122457.4999871,WHO Triple Billion Indicators
6766,2029,country,203,Czechia,HEP,2652712.3118000003,WHO Triple Billion Indicators
6767,2029,country,203,Czechia,HPOP,1174700.5134299,WHO Triple Billion Indicators
6768,2029,country,203,Czechia,UHC,557153.7914493,WHO Triple Billion Indicators
6769,2029,country,384,Côte d'Ivoire,HEP,9169349.6676,WHO Triple Billion Indicators
6770,2029,country,384,Côte d'Ivoire,HPOP,5480637.198759999,WHO Triple Billion Indicators
6771,2029,country,384,Côte d'Ivoire,UHC,3604061.990235,WHO Triple Billion Indicators
6772,2029,country,408,Democratic People's Republic of Korea,HEP,6540574.1362,WHO Triple Billion Indicators
6773,2029,country,408,Democratic People's Republic of Korea,HPOP,4121810.876729,WHO Triple Billion Indicators
6774,2029,country,408,Democratic People's Republic of Korea,UHC,3261972.5462721,WHO Triple Billion Indicators
6775,2029,country,180,Democratic Republic of the Congo,HEP,46672647.481000006,WHO Triple Billion Indicators
6776,2029,country,180,Democratic Republic of the Congo,HPOP,-79336.56017700025,WHO Triple Billion Indicators
6777,2029,country,180,Democratic Republic of the Congo,UHC,15667318.9637,WHO Triple Billion Indicators
6778,2029,country,208,Denmark,HEP,212316.41689,WHO Triple Billion Indicators
6779,2029,country,208,Denmark,HPOP,590327.573023,WHO Triple Billion Indicators
6780,2029,country,208,Denmark,UHC,554720.326349155,WHO Triple Billion Indicators
6781,2029,country,262,Djibouti,HEP,217111.80947,WHO Triple Billion Indicators
6782,2029,country,262,Djibouti,HPOP,84233.557776,WHO Triple Billion Indicators
6783,2029,country,262,Djibouti,UHC,132833.2124553,WHO Triple Billion Indicators
6784,2029,country,212,Dominica,HEP,-18428.801592,WHO Triple Billion Indicators
6785,2029,country,212,Dominica,HPOP,-6135.292117440001,WHO Triple Billion Indicators
6786,2029,country,212,Dominica,UHC,3456.5356060100003,WHO Triple Billion Indicators
6787,2029,country,214,Dominican Republic,HEP,5084025.8383,WHO Triple Billion Indicators
6788,2029,country,214,Dominican Republic,HPOP,-874707.9517089999,WHO Triple Billion Indicators
6789,2029,country,214,Dominican Republic,UHC,1579688.2136960002,WHO Triple Billion Indicators
6790,2029,country,218,Ecuador,HEP,-8717830.1446,WHO Triple Billion Indicators
6791,2029,country,218,Ecuador,HPOP,-364897.65151,WHO Triple Billion Indicators
6792,2029,country,218,Ecuador,UHC,1148045.417316,WHO Triple Billion Indicators
6793,2029,country,818,Egypt,HEP,7666811.666999999,WHO Triple Billion Indicators
6794,2029,country,818,Egypt,HPOP,-7031877.422367,WHO Triple Billion Indicators
6795,2029,country,818,Egypt,UHC,8039798.890630001,WHO Triple Billion Indicators
6796,2029,country,222,El Salvador,HEP,-2128663.6867,WHO Triple Billion Indicators
6797,2029,country,222,El Salvador,HPOP,300021.054092,WHO Triple Billion Indicators
6798,2029,country,222,El Salvador,UHC,-10960.591186000012,WHO Triple Billion Indicators
6799,2029,country,226,Equatorial Guinea,HEP,1166555.70679,WHO Triple Billion Indicators
6800,2029,country,226,Equatorial Guinea,HPOP,-78988.27045440002,WHO Triple Billion Indicators
6801,2029,country,226,Equatorial Guinea,UHC,299444.60891679,WHO Triple Billion Indicators
6802,2029,country,232,Eritrea,HEP,3139568.6459999997,WHO Triple Billion Indicators
6803,2029,country,232,Eritrea,HPOP,134412.85316870004,WHO Triple Billion Indicators
6804,2029,country,232,Eritrea,UHC,508310.39444971,WHO Triple Billion Indicators
6805,2029,country,233,Estonia,HEP,53166.40689,WHO Triple Billion Indicators
6806,2029,country,233,Estonia,HPOP,41477.31969990001,WHO Triple Billion Indicators
6807,2029,country,233,Estonia,UHC,31724.3588915,WHO Triple Billion Indicators
6808,2029,country,748,Eswatini,HEP,-370229.01657,WHO Triple Billion Indicators
6809,2029,country,748,Eswatini,HPOP,145488.332461,WHO Triple Billion Indicators
6810,2029,country,748,Eswatini,UHC,108266.15055729999,WHO Triple Billion Indicators
6811,2029,country,231,Ethiopia,HEP,49289902.7996,WHO Triple Billion Indicators
6812,2029,country,231,Ethiopia,HPOP,21082858.86671,WHO Triple Billion Indicators
6813,2029,country,231,Ethiopia,UHC,20494023.401979998,WHO Triple Billion Indicators
6814,2029,country,242,Fiji,HEP,-353721.9481999999,WHO Triple Billion Indicators
6815,2029,country,242,Fiji,HPOP,130099.2649186,WHO Triple Billion Indicators
6816,2029,country,242,Fiji,UHC,15731.677537,WHO Triple Billion Indicators
6817,2029,country,246,Finland,HEP,-366131.1878,WHO Triple Billion Indicators
6818,2029,country,246,Finland,HPOP,417990.14490048,WHO Triple Billion Indicators
6819,2029,country,246,Finland,UHC,106949.64678713102,WHO Triple Billion Indicators
6820,2029,country,250,France,HEP,10084601.376,WHO Triple Billion Indicators
6821,2029,country,250,France,HPOP,7913331.442849999,WHO Triple Billion Indicators
6822,2029,country,250,France,UHC,3071733.3278631,WHO Triple Billion Indicators
6823,2029,country,266,Gabon,HEP,299802.84402,WHO Triple Billion Indicators
6824,2029,country,266,Gabon,HPOP,-738.9737560000167,WHO Triple Billion Indicators
6825,2029,country,266,Gabon,UHC,260794.47676599998,WHO Triple Billion Indicators
6826,2029,country,270,Gambia,HEP,1043850.49138,WHO Triple Billion Indicators
6827,2029,country,270,Gambia,HPOP,103620.5338789,WHO Triple Billion Indicators
6828,2029,country,270,Gambia,UHC,388422.748378,WHO Triple Billion Indicators
6829,2029,country,268,Georgia,HEP,-617202.7156,WHO Triple Billion Indicators
6830,2029,country,268,Georgia,HPOP,65054.045526999966,WHO Triple Billion Indicators
6831,2029,country,268,Georgia,UHC,-202350.35627049996,WHO Triple Billion Indicators
6832,2029,country,276,Germany,HEP,-11058754.024,WHO Triple Billion Indicators
6833,2029,country,276,Germany,HPOP,12082045.397307,WHO Triple Billion Indicators
6834,2029,country,276,Germany,UHC,322910.79975850007,WHO Triple Billion Indicators
6835,2029,country,288,Ghana,HEP,5738501.135600001,WHO Triple Billion Indicators
6836,2029,country,288,Ghana,HPOP,14901248.15224,WHO Triple Billion Indicators
6837,2029,country,288,Ghana,UHC,5791217.244806,WHO Triple Billion Indicators
6838,2029,country,300,Greece,HEP,3353757.17997,WHO Triple Billion Indicators
6839,2029,country,300,Greece,HPOP,1543300.1774815002,WHO Triple Billion Indicators
6840,2029,country,300,Greece,UHC,901826.5570370001,WHO Triple Billion Indicators
6841,2029,country,308,Grenada,HEP,-42236.88316,WHO Triple Billion Indicators
6842,2029,country,308,Grenada,HPOP,-15510.562587999999,WHO Triple Billion Indicators
6843,2029,country,308,Grenada,UHC,3493.44968976,WHO Triple Billion Indicators
6844,2029,country,320,Guatemala,HEP,-9996923.936999999,WHO Triple Billion Indicators
6845,2029,country,320,Guatemala,HPOP,2066660.8461149998,WHO Triple Billion Indicators
6846,2029,country,320,Guatemala,UHC,1010176.2236029999,WHO Triple Billion Indicators
6847,2029,country,324,Guinea,HEP,-1171216.5849000001,WHO Triple Billion Indicators
6848,2029,country,324,Guinea,HPOP,-501444.47919000004,WHO Triple Billion Indicators
6849,2029,country,324,Guinea,UHC,1581624.81915,WHO Triple Billion Indicators
6850,2029,country,624,Guinea-Bissau,HEP,110442.75278,WHO Triple Billion Indicators
6851,2029,country,624,Guinea-Bissau,HPOP,302209.1369603,WHO Triple Billion Indicators
6852,2029,country,624,Guinea-Bissau,UHC,194431.39718499998,WHO Triple Billion Indicators
6853,2029,country,328,Guyana,HEP,-47808.753769,WHO Triple Billion Indicators
6854,2029,country,328,Guyana,HPOP,20602.52102709001,WHO Triple Billion Indicators
6855,2029,country,328,Guyana,UHC,88859.96462449999,WHO Triple Billion Indicators
6856,2029,country,332,Haiti,HEP,5243682.5617,WHO Triple Billion Indicators
6857,2029,country,332,Haiti,HPOP,-110846.23429200001,WHO Triple Billion Indicators
6858,2029,country,332,Haiti,UHC,1419105.933447,WHO Triple Billion Indicators
6859,2029,country,340,Honduras,HEP,3571055.7959999996,WHO Triple Billion Indicators
6860,2029,country,340,Honduras,HPOP,2108924.732217,WHO Triple Billion Indicators
6861,2029,country,340,Honduras,UHC,1863867.4456260002,WHO Triple Billion Indicators
6862,2029,country,348,Hungary,HEP,1099400.3464300002,WHO Triple Billion Indicators
6863,2029,country,348,Hungary,HPOP,1407747.3226599998,WHO Triple Billion Indicators
6864,2029,country,348,Hungary,UHC,983234.0348874,WHO Triple Billion Indicators
6865,2029,country,352,Iceland,HEP,-92487.2305,WHO Triple Billion Indicators
6866,2029,country,352,Iceland,HPOP,17835.24570164,WHO Triple Billion Indicators
6867,2029,country,352,Iceland,UHC,17416.000479561997,WHO Triple Billion Indicators
6868,2029,country,356,India,HEP,426315216.7800001,WHO Triple Billion Indicators
6869,2029,country,356,India,HPOP,812687349.15,WHO Triple Billion Indicators
6870,2029,country,356,India,UHC,243805073.998,WHO Triple Billion Indicators
6871,2029,country,360,Indonesia,HEP,57966652.951000005,WHO Triple Billion Indicators
6872,2029,country,360,Indonesia,HPOP,33455322.980856005,WHO Triple Billion Indicators
6873,2029,country,360,Indonesia,UHC,61844690.947,WHO Triple Billion Indicators
6874,2029,country,364,Iran (Islamic Republic of),HEP,3721206.6392,WHO Triple Billion Indicators
6875,2029,country,364,Iran (Islamic Republic of),HPOP,-4092682.9966669995,WHO Triple Billion Indicators
6876,2029,country,364,Iran (Islamic Republic of),UHC,10617022.69414,WHO Triple Billion Indicators
6877,2029,country,368,Iraq,HEP,-18858598.6855,WHO Triple Billion Indicators
6878,2029,country,368,Iraq,HPOP,6188394.076912999,WHO Triple Billion Indicators
6879,2029,country,368,Iraq,UHC,2379204.765162,WHO Triple Billion Indicators
6880,2029,country,372,Ireland,HEP,167810.89517000003,WHO Triple Billion Indicators
6881,2029,country,372,Ireland,HPOP,346212.31238099997,WHO Triple Billion Indicators
6882,2029,country,372,Ireland,UHC,318153.9273024,WHO Triple Billion Indicators
6883,2029,country,376,Israel,HEP,-1372827.30661,WHO Triple Billion Indicators
6884,2029,country,376,Israel,HPOP,998507.7838270001,WHO Triple Billion Indicators
6885,2029,country,376,Israel,UHC,1410578.38678516,WHO Triple Billion Indicators
6886,2029,country,380,Italy,HEP,595681.1650000003,WHO Triple Billion Indicators
6887,2029,country,380,Italy,HPOP,4441426.845474,WHO Triple Billion Indicators
6888,2029,country,380,Italy,UHC,1760524.07111861,WHO Triple Billion Indicators
6889,2029,country,388,Jamaica,HEP,438685.35479999986,WHO Triple Billion Indicators
6890,2029,country,388,Jamaica,HPOP,-455518.7327381,WHO Triple Billion Indicators
6891,2029,country,388,Jamaica,UHC,255677.06750970002,WHO Triple Billion Indicators
6892,2029,country,392,Japan,HEP,10762429.873,WHO Triple Billion Indicators
6893,2029,country,392,Japan,HPOP,9209640.42645,WHO Triple Billion Indicators
6894,2029,country,392,Japan,UHC,-1097935.3652600006,WHO Triple Billion Indicators
6895,2029,country,400,Jordan,HEP,552970.3539999998,WHO Triple Billion Indicators
6896,2029,country,400,Jordan,HPOP,1096438.1998982402,WHO Triple Billion Indicators
6897,2029,country,400,Jordan,UHC,944036.039209,WHO Triple Billion Indicators
6898,2029,country,398,Kazakhstan,HEP,3306963.5255000005,WHO Triple Billion Indicators
6899,2029,country,398,Kazakhstan,HPOP,1434633.0243199999,WHO Triple Billion Indicators
6900,2029,country,398,Kazakhstan,UHC,2827016.27379,WHO Triple Billion Indicators
6901,2029,country,404,Kenya,HEP,17628261.8567,WHO Triple Billion Indicators
6902,2029,country,404,Kenya,HPOP,17604791.074768003,WHO Triple Billion Indicators
6903,2029,country,404,Kenya,UHC,7732616.09512,WHO Triple Billion Indicators
6904,2029,country,296,Kiribati,HEP,42547.58421,WHO Triple Billion Indicators
6905,2029,country,296,Kiribati,HPOP,29240.280266055997,WHO Triple Billion Indicators
6906,2029,country,296,Kiribati,UHC,16582.86389434,WHO Triple Billion Indicators
6907,2029,country,414,Kuwait,HEP,2137227.652783,WHO Triple Billion Indicators
6908,2029,country,414,Kuwait,HPOP,298005.8899424,WHO Triple Billion Indicators
6909,2029,country,414,Kuwait,UHC,448308.189568,WHO Triple Billion Indicators
6910,2029,country,417,Kyrgyzstan,HEP,-3355042.7810000004,WHO Triple Billion Indicators
6911,2029,country,417,Kyrgyzstan,HPOP,1593037.2286009998,WHO Triple Billion Indicators
6912,2029,country,417,Kyrgyzstan,UHC,719756.956902,WHO Triple Billion Indicators
6913,2029,country,418,Lao People's Democratic Republic,HEP,4042926.7202,WHO Triple Billion Indicators
6914,2029,country,418,Lao People's Democratic Republic,HPOP,372083.8403169999,WHO Triple Billion Indicators
6915,2029,country,418,Lao People's Democratic Republic,UHC,1287836.903421,WHO Triple Billion Indicators
6916,2029,country,428,Latvia,HEP,-283542.35806,WHO Triple Billion Indicators
6917,2029,country,428,Latvia,HPOP,283134.779536,WHO Triple Billion Indicators
6918,2029,country,428,Latvia,UHC,2535.872727400005,WHO Triple Billion Indicators
6919,2029,country,422,Lebanon,HEP,1533625.8082100002,WHO Triple Billion Indicators
6920,2029,country,422,Lebanon,HPOP,-5606.911297700004,WHO Triple Billion Indicators
6921,2029,country,422,Lebanon,UHC,142845.64496300003,WHO Triple Billion Indicators
6922,2029,country,426,Lesotho,HEP,-223733.42580000003,WHO Triple Billion Indicators
6923,2029,country,426,Lesotho,HPOP,603165.7219932,WHO Triple Billion Indicators
6924,2029,country,426,Lesotho,UHC,218839.972644,WHO Triple Billion Indicators
6925,2029,country,430,Liberia,HEP,1502832.5951,WHO Triple Billion Indicators
6926,2029,country,430,Liberia,HPOP,-641962.5231184,WHO Triple Billion Indicators
6927,2029,country,430,Liberia,UHC,986549.575715,WHO Triple Billion Indicators
6928,2029,country,434,Libya,HEP,643476.101,WHO Triple Billion Indicators
6929,2029,country,434,Libya,HPOP,-313153.52008499997,WHO Triple Billion Indicators
6930,2029,country,434,Libya,UHC,231868.71735273005,WHO Triple Billion Indicators
6931,2029,country,440,Lithuania,HEP,263973.96411,WHO Triple Billion Indicators
6932,2029,country,440,Lithuania,HPOP,328908.228636,WHO Triple Billion Indicators
6933,2029,country,440,Lithuania,UHC,103030.255818,WHO Triple Billion Indicators
6934,2029,country,442,Luxembourg,HEP,40505.128122,WHO Triple Billion Indicators
6935,2029,country,442,Luxembourg,HPOP,74710.7749258,WHO Triple Billion Indicators
6936,2029,country,442,Luxembourg,UHC,69402.420280153,WHO Triple Billion Indicators
6937,2029,country,450,Madagascar,HEP,18432597.546000004,WHO Triple Billion Indicators
6938,2029,country,450,Madagascar,HPOP,5722260.113839,WHO Triple Billion Indicators
6939,2029,country,450,Madagascar,UHC,3962907.8235911,WHO Triple Billion Indicators
6940,2029,country,454,Malawi,HEP,5572369.12942,WHO Triple Billion Indicators
6941,2029,country,454,Malawi,HPOP,6800880.73013,WHO Triple Billion Indicators
6942,2029,country,454,Malawi,UHC,3823721.32778,WHO Triple Billion Indicators
6943,2029,country,458,Malaysia,HEP,-12341841.6106,WHO Triple Billion Indicators
6944,2029,country,458,Malaysia,HPOP,-869279.9263299999,WHO Triple Billion Indicators
6945,2029,country,458,Malaysia,UHC,2548799.204232,WHO Triple Billion Indicators
6946,2029,country,462,Maldives,HEP,182538.91751199996,WHO Triple Billion Indicators
6947,2029,country,462,Maldives,HPOP,-11244.441508,WHO Triple Billion Indicators
6948,2029,country,462,Maldives,UHC,51571.41084575,WHO Triple Billion Indicators
6949,2029,country,466,Mali,HEP,-2212261.6853,WHO Triple Billion Indicators
6950,2029,country,466,Mali,HPOP,2060061.2230950003,WHO Triple Billion Indicators
6951,2029,country,466,Mali,UHC,2996737.231955,WHO Triple Billion Indicators
6952,2029,country,470,Malta,HEP,127735.02629000001,WHO Triple Billion Indicators
6953,2029,country,470,Malta,HPOP,-4325.407496020001,WHO Triple Billion Indicators
6954,2029,country,470,Malta,UHC,67676.632980699,WHO Triple Billion Indicators
6955,2029,country,584,Marshall Islands,HEP,-11096.00373,WHO Triple Billion Indicators
6956,2029,country,584,Marshall Islands,HPOP,-1922.6219081689999,WHO Triple Billion Indicators
6957,2029,country,584,Marshall Islands,UHC,284.504055426,WHO Triple Billion Indicators
6958,2029,country,478,Mauritania,HEP,2426072.55611,WHO Triple Billion Indicators
6959,2029,country,478,Mauritania,HPOP,92123.55485640003,WHO Triple Billion Indicators
6960,2029,country,478,Mauritania,UHC,515428.277042,WHO Triple Billion Indicators
6961,2029,country,480,Mauritius,HEP,-483001.72323999996,WHO Triple Billion Indicators
6962,2029,country,480,Mauritius,HPOP,-21435.070848000003,WHO Triple Billion Indicators
6963,2029,country,480,Mauritius,UHC,-15286.163806300003,WHO Triple Billion Indicators
6964,2029,country,484,Mexico,HEP,-68943822.707,WHO Triple Billion Indicators
6965,2029,country,484,Mexico,HPOP,30741907.50829,WHO Triple Billion Indicators
6966,2029,country,484,Mexico,UHC,1784859.2884000004,WHO Triple Billion Indicators
6967,2029,country,583,Micronesia (Federated States of),HEP,53529.235389,WHO Triple Billion Indicators
6968,2029,country,583,Micronesia (Federated States of),HPOP,-5626.262326023,WHO Triple Billion Indicators
6969,2029,country,583,Micronesia (Federated States of),UHC,14882.688261320001,WHO Triple Billion Indicators
6970,2029,country,492,Monaco,HEP,-6960.550924,WHO Triple Billion Indicators
6971,2029,country,492,Monaco,HPOP,-12129.254057823,WHO Triple Billion Indicators
6972,2029,country,492,Monaco,UHC,-114.75782023299996,WHO Triple Billion Indicators
6973,2029,country,496,Mongolia,HEP,-1672624.6106,WHO Triple Billion Indicators
6974,2029,country,496,Mongolia,HPOP,1040466.578048,WHO Triple Billion Indicators
6975,2029,country,496,Mongolia,UHC,-82951.62600500001,WHO Triple Billion Indicators
6976,2029,country,499,Montenegro,HEP,38858.85260999999,WHO Triple Billion Indicators
6977,2029,country,499,Montenegro,HPOP,159692.94463498998,WHO Triple Billion Indicators
6978,2029,country,499,Montenegro,UHC,33474.274684539996,WHO Triple Billion Indicators
6979,2029,country,504,Morocco,HEP,-387950.8919399999,WHO Triple Billion Indicators
6980,2029,country,504,Morocco,HPOP,6761629.348167,WHO Triple Billion Indicators
6981,2029,country,504,Morocco,UHC,1599391.93077,WHO Triple Billion Indicators
6982,2029,country,508,Mozambique,HEP,17271349.8482,WHO Triple Billion Indicators
6983,2029,country,508,Mozambique,HPOP,2558143.6959299995,WHO Triple Billion Indicators
6984,2029,country,508,Mozambique,UHC,6114514.276095,WHO Triple Billion Indicators
6985,2029,country,104,Myanmar,HEP,-9407467.692,WHO Triple Billion Indicators
6986,2029,country,104,Myanmar,HPOP,27517945.099632997,WHO Triple Billion Indicators
6987,2029,country,104,Myanmar,UHC,4417920.9908300005,WHO Triple Billion Indicators
6988,2029,country,516,Namibia,HEP,408091.43799999997,WHO Triple Billion Indicators
6989,2029,country,516,Namibia,HPOP,123312.960981,WHO Triple Billion Indicators
6990,2029,country,516,Namibia,UHC,499820.916316,WHO Triple Billion Indicators
6991,2029,country,520,Nauru,HEP,-338.0679677,WHO Triple Billion Indicators
6992,2029,country,520,Nauru,HPOP,-117.25160537000002,WHO Triple Billion Indicators
6993,2029,country,520,Nauru,UHC,1049.449326458,WHO Triple Billion Indicators
6994,2029,country,524,Nepal,HEP,21238024.7484,WHO Triple Billion Indicators
6995,2029,country,524,Nepal,HPOP,10248199.48219,WHO Triple Billion Indicators
6996,2029,country,524,Nepal,UHC,5782785.94009,WHO Triple Billion Indicators
6997,2029,country,528,Netherlands (Kingdom of the),HEP,-4606082.0378,WHO Triple Billion Indicators
6998,2029,country,528,Netherlands (Kingdom of the),HPOP,1745002.520926,WHO Triple Billion Indicators
6999,2029,country,528,Netherlands (Kingdom of the),UHC,284050.5269040001,WHO Triple Billion Indicators
7000,2029,country,554,New Zealand,HEP,83658.91603,WHO Triple Billion Indicators
7001,2029,country,554,New Zealand,HPOP,299417.553449,WHO Triple Billion Indicators
7002,2029,country,554,New Zealand,UHC,556239.639409,WHO Triple Billion Indicators
7003,2029,country,558,Nicaragua,HEP,1765507.11847,WHO Triple Billion Indicators
7004,2029,country,558,Nicaragua,HPOP,837957.4927246,WHO Triple Billion Indicators
7005,2029,country,558,Nicaragua,UHC,921195.9539859999,WHO Triple Billion Indicators
7006,2029,country,562,Niger,HEP,7042207.802999999,WHO Triple Billion Indicators
7007,2029,country,562,Niger,HPOP,1380198.000492,WHO Triple Billion Indicators
7008,2029,country,562,Niger,UHC,4564266.473552001,WHO Triple Billion Indicators
7009,2029,country,566,Nigeria,HEP,14312797.105999999,WHO Triple Billion Indicators
7010,2029,country,566,Nigeria,HPOP,90923003.45893,WHO Triple Billion Indicators
7011,2029,country,566,Nigeria,UHC,24851765.8541,WHO Triple Billion Indicators
7012,2029,country,570,Niue,HEP,-125.67420479600001,WHO Triple Billion Indicators
7013,2029,country,570,Niue,HPOP,-156.445061168,WHO Triple Billion Indicators
7014,2029,country,570,Niue,UHC,74.79233491100001,WHO Triple Billion Indicators
7015,2029,country,807,North Macedonia,HEP,-297532.7648,WHO Triple Billion Indicators
7016,2029,country,807,North Macedonia,HPOP,290665.339078,WHO Triple Billion Indicators
7017,2029,country,807,North Macedonia,UHC,107922.57927730001,WHO Triple Billion Indicators
7018,2029,country,578,Norway,HEP,725435.6864,WHO Triple Billion Indicators
7019,2029,country,578,Norway,HPOP,289940.526924,WHO Triple Billion Indicators
7020,2029,country,578,Norway,UHC,593835.10673676,WHO Triple Billion Indicators
7021,2029,country,512,Oman,HEP,-779340.86355,WHO Triple Billion Indicators
7022,2029,country,512,Oman,HPOP,-126205.92942680002,WHO Triple Billion Indicators
7023,2029,country,512,Oman,UHC,51323.005141999995,WHO Triple Billion Indicators
7024,2029,country,586,Pakistan,HEP,28605725.645999998,WHO Triple Billion Indicators
7025,2029,country,586,Pakistan,HPOP,84850096.67261,WHO Triple Billion Indicators
7026,2029,country,586,Pakistan,UHC,30143797.98368,WHO Triple Billion Indicators
7027,2029,country,585,Palau,HEP,-1547.7431554,WHO Triple Billion Indicators
7028,2029,country,585,Palau,HPOP,-1237.8253163020004,WHO Triple Billion Indicators
7029,2029,country,585,Palau,UHC,706.36232562,WHO Triple Billion Indicators
7030,2029,country,591,Panama,HEP,54998.95900000003,WHO Triple Billion Indicators
7031,2029,country,591,Panama,HPOP,415672.06736100005,WHO Triple Billion Indicators
7032,2029,country,591,Panama,UHC,572975.254443,WHO Triple Billion Indicators
7033,2029,country,598,Papua New Guinea,HEP,-1788097.1131000002,WHO Triple Billion Indicators
7034,2029,country,598,Papua New Guinea,HPOP,-46757.06300400004,WHO Triple Billion Indicators
7035,2029,country,598,Papua New Guinea,UHC,360267.296189,WHO Triple Billion Indicators
7036,2029,country,600,Paraguay,HEP,-1082881.1636,WHO Triple Billion Indicators
7037,2029,country,600,Paraguay,HPOP,909865.58087,WHO Triple Billion Indicators
7038,2029,country,600,Paraguay,UHC,701829.548686,WHO Triple Billion Indicators
7039,2029,country,604,Peru,HEP,-10942635.491,WHO Triple Billion Indicators
7040,2029,country,604,Peru,HPOP,10687141.85635,WHO Triple Billion Indicators
7041,2029,country,604,Peru,UHC,1520159.23969,WHO Triple Billion Indicators
7042,2029,country,608,Philippines,HEP,38028440.235999994,WHO Triple Billion Indicators
7043,2029,country,608,Philippines,HPOP,19294499.88946,WHO Triple Billion Indicators
7044,2029,country,608,Philippines,UHC,21777470.2621,WHO Triple Billion Indicators
7045,2029,country,616,Poland,HEP,5993676.804,WHO Triple Billion Indicators
7046,2029,country,616,Poland,HPOP,3795794.780307,WHO Triple Billion Indicators
7047,2029,country,616,Poland,UHC,3489731.004313,WHO Triple Billion Indicators
7048,2029,country,620,Portugal,HEP,2058655.3580600002,WHO Triple Billion Indicators
7049,2029,country,620,Portugal,HPOP,901238.752811,WHO Triple Billion Indicators
7050,2029,country,620,Portugal,UHC,841537.0599999,WHO Triple Billion Indicators
7051,2029,country,634,Qatar,HEP,281242.90256,WHO Triple Billion Indicators
7052,2029,country,634,Qatar,HPOP,90962.71527280001,WHO Triple Billion Indicators
7053,2029,country,634,Qatar,UHC,118862.02768760001,WHO Triple Billion Indicators
7054,2029,country,410,Republic of Korea,HEP,4599450.2244,WHO Triple Billion Indicators
7055,2029,country,410,Republic of Korea,HPOP,6484231.36615,WHO Triple Billion Indicators
7056,2029,country,410,Republic of Korea,UHC,4281428.267177,WHO Triple Billion Indicators
7057,2029,country,498,Republic of Moldova,HEP,187955.0628,WHO Triple Billion Indicators
7058,2029,country,498,Republic of Moldova,HPOP,368368.283285,WHO Triple Billion Indicators
7059,2029,country,498,Republic of Moldova,UHC,142837.65513399997,WHO Triple Billion Indicators
7060,2029,country,642,Romania,HEP,-7634399.797,WHO Triple Billion Indicators
7061,2029,country,642,Romania,HPOP,1932734.7441200002,WHO Triple Billion Indicators
7062,2029,country,642,Romania,UHC,35667.62566000006,WHO Triple Billion Indicators
7063,2029,country,643,Russian Federation,HEP,4516556.997,WHO Triple Billion Indicators
7064,2029,country,643,Russian Federation,HPOP,-25523197.093270004,WHO Triple Billion Indicators
7065,2029,country,643,Russian Federation,UHC,8007458.2171,WHO Triple Billion Indicators
7066,2029,country,646,Rwanda,HEP,-989650.6761,WHO Triple Billion Indicators
7067,2029,country,646,Rwanda,HPOP,4163333.6889799996,WHO Triple Billion Indicators
7068,2029,country,646,Rwanda,UHC,2449188.0908729997,WHO Triple Billion Indicators
7069,2029,country,659,Saint Kitts and Nevis,HEP,18055.698124000002,WHO Triple Billion Indicators
7070,2029,country,659,Saint Kitts and Nevis,HPOP,-3484.5129487140002,WHO Triple Billion Indicators
7071,2029,country,659,Saint Kitts and Nevis,UHC,6120.295688019,WHO Triple Billion Indicators
7072,2029,country,662,Saint Lucia,HEP,-7584.043955000001,WHO Triple Billion Indicators
7073,2029,country,662,Saint Lucia,HPOP,-13513.971715983,WHO Triple Billion Indicators
7074,2029,country,662,Saint Lucia,UHC,5976.816759699999,WHO Triple Billion Indicators
7075,2029,country,670,Saint Vincent and the Grenadines,HEP,26443.832628300002,WHO Triple Billion Indicators
7076,2029,country,670,Saint Vincent and the Grenadines,HPOP,-12627.73802981,WHO Triple Billion Indicators
7077,2029,country,670,Saint Vincent and the Grenadines,UHC,12938.62869144,WHO Triple Billion Indicators
7078,2029,country,882,Samoa,HEP,-178.37862000000314,WHO Triple Billion Indicators
7079,2029,country,882,Samoa,HPOP,7643.08296313,WHO Triple Billion Indicators
7080,2029,country,882,Samoa,UHC,19305.076706400003,WHO Triple Billion Indicators
7081,2029,country,674,San Marino,HEP,-13689.83434,WHO Triple Billion Indicators
7082,2029,country,674,San Marino,HPOP,-9420.533530313001,WHO Triple Billion Indicators
7083,2029,country,674,San Marino,UHC,-361.1044994619999,WHO Triple Billion Indicators
7084,2029,country,678,Sao Tome and Principe,HEP,8432.818903,WHO Triple Billion Indicators
7085,2029,country,678,Sao Tome and Principe,HPOP,36245.700970080004,WHO Triple Billion Indicators
7086,2029,country,678,Sao Tome and Principe,UHC,36144.0422612,WHO Triple Billion Indicators
7087,2029,country,682,Saudi Arabia,HEP,12679932.0439,WHO Triple Billion Indicators
7088,2029,country,682,Saudi Arabia,HPOP,561783.037849,WHO Triple Billion Indicators
7089,2029,country,682,Saudi Arabia,UHC,4067552.1720108,WHO Triple Billion Indicators
7090,2029,country,686,Senegal,HEP,4361635.633599999,WHO Triple Billion Indicators
7091,2029,country,686,Senegal,HPOP,-336228.0029174,WHO Triple Billion Indicators
7092,2029,country,686,Senegal,UHC,3385496.24403,WHO Triple Billion Indicators
7093,2029,country,688,Serbia,HEP,-51666.496499999965,WHO Triple Billion Indicators
7094,2029,country,688,Serbia,HPOP,1016102.9193450001,WHO Triple Billion Indicators
7095,2029,country,688,Serbia,UHC,-127534.16192600003,WHO Triple Billion Indicators
7096,2029,country,690,Seychelles,HEP,14537.66886516,WHO Triple Billion Indicators
7097,2029,country,690,Seychelles,HPOP,-5623.6190905799995,WHO Triple Billion Indicators
7098,2029,country,690,Seychelles,UHC,18862.67731858,WHO Triple Billion Indicators
7099,2029,country,694,Sierra Leone,HEP,3982198.4873,WHO Triple Billion Indicators
7100,2029,country,694,Sierra Leone,HPOP,1005855.3297320001,WHO Triple Billion Indicators
7101,2029,country,694,Sierra Leone,UHC,934743.7346910001,WHO Triple Billion Indicators
7102,2029,country,702,Singapore,HEP,530051.9823,WHO Triple Billion Indicators
7103,2029,country,702,Singapore,HPOP,-126961.286742,WHO Triple Billion Indicators
7104,2029,country,702,Singapore,UHC,759314.206627,WHO Triple Billion Indicators
7105,2029,country,703,Slovakia,HEP,-682383.4578,WHO Triple Billion Indicators
7106,2029,country,703,Slovakia,HPOP,111320.33312740002,WHO Triple Billion Indicators
7107,2029,country,703,Slovakia,UHC,255513.6756589,WHO Triple Billion Indicators
7108,2029,country,705,Slovenia,HEP,-65599.94116,WHO Triple Billion Indicators
7109,2029,country,705,Slovenia,HPOP,343051.203849,WHO Triple Billion Indicators
7110,2029,country,705,Slovenia,UHC,144341.7344184,WHO Triple Billion Indicators
7111,2029,country,90,Solomon Islands,HEP,292012.6619,WHO Triple Billion Indicators
7112,2029,country,90,Solomon Islands,HPOP,-29178.682077309997,WHO Triple Billion Indicators
7113,2029,country,90,Solomon Islands,UHC,98145.0931042,WHO Triple Billion Indicators
7114,2029,country,706,Somalia,HEP,2300833.1148,WHO Triple Billion Indicators
7115,2029,country,706,Somalia,HPOP,2419889.846133,WHO Triple Billion Indicators
7116,2029,country,706,Somalia,UHC,1985315.7787688,WHO Triple Billion Indicators
7117,2029,country,710,South Africa,HEP,12974763.179,WHO Triple Billion Indicators
7118,2029,country,710,South Africa,HPOP,5328320.558537001,WHO Triple Billion Indicators
7119,2029,country,710,South Africa,UHC,9244889.14517,WHO Triple Billion Indicators
7120,2029,country,728,South Sudan,HEP,515220.268,WHO Triple Billion Indicators
7121,2029,country,728,South Sudan,HPOP,-89372.91449899998,WHO Triple Billion Indicators
7122,2029,country,728,South Sudan,UHC,1170289.368275,WHO Triple Billion Indicators
7123,2029,country,724,Spain,HEP,-3644541.7340999995,WHO Triple Billion Indicators
7124,2029,country,724,Spain,HPOP,5260420.0484981,WHO Triple Billion Indicators
7125,2029,country,724,Spain,UHC,761366.647923,WHO Triple Billion Indicators
7126,2029,country,144,Sri Lanka,HEP,10238868.3684,WHO Triple Billion Indicators
7127,2029,country,144,Sri Lanka,HPOP,1478585.83402,WHO Triple Billion Indicators
7128,2029,country,144,Sri Lanka,UHC,3088739.192535,WHO Triple Billion Indicators
7129,2029,country,729,Sudan,HEP,-17315853.372,WHO Triple Billion Indicators
7130,2029,country,729,Sudan,HPOP,11713277.71941,WHO Triple Billion Indicators
7131,2029,country,729,Sudan,UHC,3874086.5472719995,WHO Triple Billion Indicators
7132,2029,country,740,Suriname,HEP,-401847.3490800001,WHO Triple Billion Indicators
7133,2029,country,740,Suriname,HPOP,-22821.82526609,WHO Triple Billion Indicators
7134,2029,country,740,Suriname,UHC,15306.8418911,WHO Triple Billion Indicators
7135,2029,country,752,Sweden,HEP,-1222373.0884999998,WHO Triple Billion Indicators
7136,2029,country,752,Sweden,HPOP,1076058.920653,WHO Triple Billion Indicators
7137,2029,country,752,Sweden,UHC,208095.6909000599,WHO Triple Billion Indicators
7138,2029,country,756,Switzerland,HEP,-1483575.7629,WHO Triple Billion Indicators
7139,2029,country,756,Switzerland,HPOP,605466.960932,WHO Triple Billion Indicators
7140,2029,country,756,Switzerland,UHC,482338.25899299997,WHO Triple Billion Indicators
7141,2029,country,760,Syrian Arab Republic,HEP,-12309155.179000001,WHO Triple Billion Indicators
7142,2029,country,760,Syrian Arab Republic,HPOP,-2296768.0209609997,WHO Triple Billion Indicators
7143,2029,country,760,Syrian Arab Republic,UHC,2795048.4933559997,WHO Triple Billion Indicators
7144,2029,country,762,Tajikistan,HEP,1781047.41743,WHO Triple Billion Indicators
7145,2029,country,762,Tajikistan,HPOP,2770948.279526,WHO Triple Billion Indicators
7146,2029,country,762,Tajikistan,UHC,2111759.06279,WHO Triple Billion Indicators
7147,2029,country,764,Thailand,HEP,12322926.829,WHO Triple Billion Indicators
7148,2029,country,764,Thailand,HPOP,7692840.618414001,WHO Triple Billion Indicators
7149,2029,country,764,Thailand,UHC,10820448.79652,WHO Triple Billion Indicators
7150,2029,country,626,Timor-Leste,HEP,821060.4214,WHO Triple Billion Indicators
7151,2029,country,626,Timor-Leste,HPOP,295283.84236999997,WHO Triple Billion Indicators
7152,2029,country,626,Timor-Leste,UHC,285739.206249,WHO Triple Billion Indicators
7153,2029,country,768,Togo,HEP,4359165.98599,WHO Triple Billion Indicators
7154,2029,country,768,Togo,HPOP,1961127.338316,WHO Triple Billion Indicators
7155,2029,country,768,Togo,UHC,1213550.615308,WHO Triple Billion Indicators
7156,2029,country,776,Tonga,HEP,22212.555374,WHO Triple Billion Indicators
7157,2029,country,776,Tonga,HPOP,1239.1371572299993,WHO Triple Billion Indicators
7158,2029,country,776,Tonga,UHC,11891.10988324,WHO Triple Billion Indicators
7159,2029,country,780,Trinidad and Tobago,HEP,600290.5670700001,WHO Triple Billion Indicators
7160,2029,country,780,Trinidad and Tobago,HPOP,-74036.63065477001,WHO Triple Billion Indicators
7161,2029,country,780,Trinidad and Tobago,UHC,196855.0152766,WHO Triple Billion Indicators
7162,2029,country,788,Tunisia,HEP,2489107.3699499997,WHO Triple Billion Indicators
7163,2029,country,788,Tunisia,HPOP,721883.3059660001,WHO Triple Billion Indicators
7164,2029,country,788,Tunisia,UHC,620560.5516932999,WHO Triple Billion Indicators
7165,2029,country,795,Turkmenistan,HEP,1518451.5085999998,WHO Triple Billion Indicators
7166,2029,country,795,Turkmenistan,HPOP,689500.0875067001,WHO Triple Billion Indicators
7167,2029,country,795,Turkmenistan,UHC,515470.6882311,WHO Triple Billion Indicators
7168,2029,country,798,Tuvalu,HEP,2266.97693197,WHO Triple Billion Indicators
7169,2029,country,798,Tuvalu,HPOP,512.650720818,WHO Triple Billion Indicators
7170,2029,country,798,Tuvalu,UHC,1146.333599215,WHO Triple Billion Indicators
7171,2029,country,792,Türkiye,HEP,8136340.697,WHO Triple Billion Indicators
7172,2029,country,792,Türkiye,HPOP,13867316.55897,WHO Triple Billion Indicators
7173,2029,country,792,Türkiye,UHC,10599054.420799999,WHO Triple Billion Indicators
7174,2029,country,800,Uganda,HEP,15525587.049,WHO Triple Billion Indicators
7175,2029,country,800,Uganda,HPOP,6895622.628787,WHO Triple Billion Indicators
7176,2029,country,800,Uganda,UHC,7863582.3175800005,WHO Triple Billion Indicators
7177,2029,country,804,Ukraine,HEP,-11050313.203,WHO Triple Billion Indicators
7178,2029,country,804,Ukraine,HPOP,-853809.0121299997,WHO Triple Billion Indicators
7179,2029,country,804,Ukraine,UHC,-1541836.7035100001,WHO Triple Billion Indicators
7180,2029,country,784,United Arab Emirates,HEP,531534.53421,WHO Triple Billion Indicators
7181,2029,country,784,United Arab Emirates,HPOP,819262.3808360001,WHO Triple Billion Indicators
7182,2029,country,784,United Arab Emirates,UHC,757797.2559085999,WHO Triple Billion Indicators
7183,2029,country,826,United Kingdom of Great Britain and Northern Ireland,HEP,2038904.7898,WHO Triple Billion Indicators
7184,2029,country,826,United Kingdom of Great Britain and Northern Ireland,HPOP,5944249.66995,WHO Triple Billion Indicators
7185,2029,country,826,United Kingdom of Great Britain and Northern Ireland,UHC,4446285.32958,WHO Triple Billion Indicators
7186,2029,country,834,United Republic of Tanzania,HEP,24080483.455,WHO Triple Billion Indicators
7187,2029,country,834,United Republic of Tanzania,HPOP,16231956.066732999,WHO Triple Billion Indicators
7188,2029,country,834,United Republic of Tanzania,UHC,13331093.703867,WHO Triple Billion Indicators
7189,2029,country,840,United States of America,HEP,10212383.4439,WHO Triple Billion Indicators
7190,2029,country,840,United States of America,HPOP,9685615.271840002,WHO Triple Billion Indicators
7191,2029,country,840,United States of America,UHC,22898682.83384,WHO Triple Billion Indicators
7192,2029,country,858,Uruguay,HEP,-1519812.3472399998,WHO Triple Billion Indicators
7193,2029,country,858,Uruguay,HPOP,-58720.520658000016,WHO Triple Billion Indicators
7194,2029,country,858,Uruguay,UHC,-354607.3981492,WHO Triple Billion Indicators
7195,2029,country,860,Uzbekistan,HEP,19915831.175300002,WHO Triple Billion Indicators
7196,2029,country,860,Uzbekistan,HPOP,3351731.93272,WHO Triple Billion Indicators
7197,2029,country,860,Uzbekistan,UHC,7936933.0848,WHO Triple Billion Indicators
7198,2029,country,548,Vanuatu,HEP,163379.50549,WHO Triple Billion Indicators
7199,2029,country,548,Vanuatu,HPOP,-32181.24638352,WHO Triple Billion Indicators
7200,2029,country,548,Vanuatu,UHC,36445.104566669994,WHO Triple Billion Indicators
7201,2029,country,862,Venezuela (Bolivarian Republic of),HEP,1843211.6600000001,WHO Triple Billion Indicators
7202,2029,country,862,Venezuela (Bolivarian Republic of),HPOP,-907762.32577696,WHO Triple Billion Indicators
7203,2029,country,862,Venezuela (Bolivarian Republic of),UHC,2306315.82983,WHO Triple Billion Indicators
7204,2029,country,704,Viet Nam,HEP,-27222597.378,WHO Triple Billion Indicators
7205,2029,country,704,Viet Nam,HPOP,15616845.15507,WHO Triple Billion Indicators
7206,2029,country,704,Viet Nam,UHC,14089738.1924,WHO Triple Billion Indicators
7207,2029,country,887,Yemen,HEP,-5409167.67948,WHO Triple Billion Indicators
7208,2029,country,887,Yemen,HPOP,-1933425.0645460002,WHO Triple Billion Indicators
7209,2029,country,887,Yemen,UHC,2783797.5154600004,WHO Triple Billion Indicators
7210,2029,country,894,Zambia,HEP,5265855.104,WHO Triple Billion Indicators
7211,2029,country,894,Zambia,HPOP,863923.457883,WHO Triple Billion Indicators
7212,2029,country,894,Zambia,UHC,4339880.00949,WHO Triple Billion Indicators
7213,2029,country,716,Zimbabwe,HEP,5079856.07302,WHO Triple Billion Indicators
7214,2029,country,716,Zimbabwe,HPOP,-572057.785552,WHO Triple Billion Indicators
7215,2029,country,716,Zimbabwe,UHC,2518281.80682826,WHO Triple Billion Indicators
7216,2029,global,1,World,HEP,889083635.328,WHO Triple Billion Indicators
7217,2029,global,1,World,HPOP,1930695009.3109,WHO Triple Billion Indicators
7218,2029,global,1,World,UHC,837528202.9149,WHO Triple Billion Indicators
7219,2029,who_region,953,Africa,HEP,307191716.76,WHO Triple Billion Indicators
7220,2029,who_region,953,Africa,HPOP,198754853.7539,WHO Triple Billion Indicators
7221,2029,who_region,953,Africa,UHC,173230320.0919,WHO Triple Billion Indicators
7222,2029,who_region,954,Americas,HEP,-64781922.92,WHO Triple Billion Indicators
7223,2029,who_region,954,Americas,HPOP,87234014.75694999,WHO Triple Billion Indicators
7224,2029,who_region,954,Americas,UHC,58820164.635800004,WHO Triple Billion Indicators
7225,2029,who_region,957,Eastern Mediterranean,HEP,20359880.72,WHO Triple Billion Indicators
7226,2029,who_region,957,Eastern Mediterranean,HPOP,114269688.63066,WHO Triple Billion Indicators
7227,2029,who_region,957,Eastern Mediterranean,UHC,73584196.3117,WHO Triple Billion Indicators
7228,2029,who_region,956,Europe,HEP,21449240.209000003,WHO Triple Billion Indicators
7229,2029,who_region,956,Europe,HPOP,59935908.968784,WHO Triple Billion Indicators
7230,2029,who_region,956,Europe,UHC,55979123.104499996,WHO Triple Billion Indicators
7231,2029,who_region,955,South-East Asia,HEP,570670458.3100001,WHO Triple Billion Indicators
7232,2029,who_region,955,South-East Asia,HPOP,957416866.4912,WHO Triple Billion Indicators
7233,2029,who_region,955,South-East Asia,UHC,354877254.064,WHO Triple Billion Indicators
7234,2029,who_region,958,Western Pacific,HEP,34194262.229,WHO Triple Billion Indicators
7235,2029,who_region,958,Western Pacific,HPOP,513083676.8300399,WHO Triple Billion Indicators
7236,2029,who_region,958,Western Pacific,UHC,121037144.75060001,WHO Triple Billion Indicators
7237,2030,country,4,Afghanistan,HEP,13175955.612,WHO Triple Billion Indicators
7238,2030,country,4,Afghanistan,HPOP,15204942.936840001,WHO Triple Billion Indicators
7239,2030,country,4,Afghanistan,UHC,1836999.0499200001,WHO Triple Billion Indicators
7240,2030,country,8,Albania,HEP,1211827.62643,WHO Triple Billion Indicators
7241,2030,country,8,Albania,HPOP,939410.6737738,WHO Triple Billion Indicators
7242,2030,country,8,Albania,UHC,678867.07699,WHO Triple Billion Indicators
7243,2030,country,12,Algeria,HEP,-14066501.330999998,WHO Triple Billion Indicators
7244,2030,country,12,Algeria,HPOP,-6617800.85495,WHO Triple Billion Indicators
7245,2030,country,12,Algeria,UHC,2087887.070756,WHO Triple Billion Indicators
7246,2030,country,20,Andorra,HEP,22416.021365000004,WHO Triple Billion Indicators
7247,2030,country,20,Andorra,HPOP,-19338.42536181,WHO Triple Billion Indicators
7248,2030,country,20,Andorra,UHC,7976.60149167,WHO Triple Billion Indicators
7249,2030,country,24,Angola,HEP,2808780.71,WHO Triple Billion Indicators
7250,2030,country,24,Angola,HPOP,-3052622.93394,WHO Triple Billion Indicators
7251,2030,country,24,Angola,UHC,4670069.985479,WHO Triple Billion Indicators
7252,2030,country,28,Antigua and Barbuda,HEP,36769.050539,WHO Triple Billion Indicators
7253,2030,country,28,Antigua and Barbuda,HPOP,-18076.060122352,WHO Triple Billion Indicators
7254,2030,country,28,Antigua and Barbuda,UHC,12954.372973762,WHO Triple Billion Indicators
7255,2030,country,32,Argentina,HEP,1509516.2189999996,WHO Triple Billion Indicators
7256,2030,country,32,Argentina,HPOP,-2559265.8198800003,WHO Triple Billion Indicators
7257,2030,country,32,Argentina,UHC,4394118.26282,WHO Triple Billion Indicators
7258,2030,country,51,Armenia,HEP,164846.61187999998,WHO Triple Billion Indicators
7259,2030,country,51,Armenia,HPOP,158340.66259000002,WHO Triple Billion Indicators
7260,2030,country,51,Armenia,UHC,215432.15632250003,WHO Triple Billion Indicators
7261,2030,country,36,Australia,HEP,73201.73100000009,WHO Triple Billion Indicators
7262,2030,country,36,Australia,HPOP,-624448.9208020001,WHO Triple Billion Indicators
7263,2030,country,36,Australia,UHC,2976606.20782053,WHO Triple Billion Indicators
7264,2030,country,40,Austria,HEP,2457240.744131,WHO Triple Billion Indicators
7265,2030,country,40,Austria,HPOP,1121006.1687961,WHO Triple Billion Indicators
7266,2030,country,40,Austria,UHC,1248427.1566444,WHO Triple Billion Indicators
7267,2030,country,31,Azerbaijan,HEP,-65983.4179,WHO Triple Billion Indicators
7268,2030,country,31,Azerbaijan,HPOP,1540611.6072650002,WHO Triple Billion Indicators
7269,2030,country,31,Azerbaijan,UHC,1243994.599938,WHO Triple Billion Indicators
7270,2030,country,44,Bahamas,HEP,50450.838,WHO Triple Billion Indicators
7271,2030,country,44,Bahamas,HPOP,-24698.445555410002,WHO Triple Billion Indicators
7272,2030,country,44,Bahamas,UHC,26446.39975932,WHO Triple Billion Indicators
7273,2030,country,48,Bahrain,HEP,-209374.64498499996,WHO Triple Billion Indicators
7274,2030,country,48,Bahrain,HPOP,100420.60841255002,WHO Triple Billion Indicators
7275,2030,country,48,Bahrain,UHC,113504.690727546,WHO Triple Billion Indicators
7276,2030,country,50,Bangladesh,HEP,46401015.626,WHO Triple Billion Indicators
7277,2030,country,50,Bangladesh,HPOP,62959889.43767,WHO Triple Billion Indicators
7278,2030,country,50,Bangladesh,UHC,23530941.802160002,WHO Triple Billion Indicators
7279,2030,country,52,Barbados,HEP,1288.6548800000019,WHO Triple Billion Indicators
7280,2030,country,52,Barbados,HPOP,-40039.75435797,WHO Triple Billion Indicators
7281,2030,country,52,Barbados,UHC,18079.1815504,WHO Triple Billion Indicators
7282,2030,country,112,Belarus,HEP,404125.36317,WHO Triple Billion Indicators
7283,2030,country,112,Belarus,HPOP,14213.26864199998,WHO Triple Billion Indicators
7284,2030,country,112,Belarus,UHC,-301738.84293379996,WHO Triple Billion Indicators
7285,2030,country,56,Belgium,HEP,-5656665.66292,WHO Triple Billion Indicators
7286,2030,country,56,Belgium,HPOP,1542563.2120150002,WHO Triple Billion Indicators
7287,2030,country,56,Belgium,UHC,-629329.1545840199,WHO Triple Billion Indicators
7288,2030,country,84,Belize,HEP,141201.23208,WHO Triple Billion Indicators
7289,2030,country,84,Belize,HPOP,-33546.6300647,WHO Triple Billion Indicators
7290,2030,country,84,Belize,UHC,53284.8647719,WHO Triple Billion Indicators
7291,2030,country,204,Benin,HEP,3127332.7621999998,WHO Triple Billion Indicators
7292,2030,country,204,Benin,HPOP,23191.350385999984,WHO Triple Billion Indicators
7293,2030,country,204,Benin,UHC,1303788.390427,WHO Triple Billion Indicators
7294,2030,country,64,Bhutan,HEP,180805.192788,WHO Triple Billion Indicators
7295,2030,country,64,Bhutan,HPOP,334621.79912457,WHO Triple Billion Indicators
7296,2030,country,64,Bhutan,UHC,127962.840735,WHO Triple Billion Indicators
7297,2030,country,68,Bolivia (Plurinational State of),HEP,1537676.3468999998,WHO Triple Billion Indicators
7298,2030,country,68,Bolivia (Plurinational State of),HPOP,351524.512101,WHO Triple Billion Indicators
7299,2030,country,68,Bolivia (Plurinational State of),UHC,2525902.36536,WHO Triple Billion Indicators
7300,2030,country,70,Bosnia and Herzegovina,HEP,-42854.19709999999,WHO Triple Billion Indicators
7301,2030,country,70,Bosnia and Herzegovina,HPOP,615166.704689,WHO Triple Billion Indicators
7302,2030,country,70,Bosnia and Herzegovina,UHC,-40558.54383899999,WHO Triple Billion Indicators
7303,2030,country,72,Botswana,HEP,1371479.553632,WHO Triple Billion Indicators
7304,2030,country,72,Botswana,HPOP,180692.287527,WHO Triple Billion Indicators
7305,2030,country,72,Botswana,UHC,446575.26536821,WHO Triple Billion Indicators
7306,2030,country,76,Brazil,HEP,-4282202.608999999,WHO Triple Billion Indicators
7307,2030,country,76,Brazil,HPOP,27902034.968094,WHO Triple Billion Indicators
7308,2030,country,76,Brazil,UHC,3381097.6504900027,WHO Triple Billion Indicators
7309,2030,country,96,Brunei Darussalam,HEP,61853.49836600001,WHO Triple Billion Indicators
7310,2030,country,96,Brunei Darussalam,HPOP,-40303.893409,WHO Triple Billion Indicators
7311,2030,country,96,Brunei Darussalam,UHC,40997.984079308,WHO Triple Billion Indicators
7312,2030,country,100,Bulgaria,HEP,1542764.64224,WHO Triple Billion Indicators
7313,2030,country,100,Bulgaria,HPOP,1288345.530515,WHO Triple Billion Indicators
7314,2030,country,100,Bulgaria,UHC,397250.155342,WHO Triple Billion Indicators
7315,2030,country,854,Burkina Faso,HEP,16511506.798479998,WHO Triple Billion Indicators
7316,2030,country,854,Burkina Faso,HPOP,4050612.97571,WHO Triple Billion Indicators
7317,2030,country,854,Burkina Faso,UHC,4358603.18256,WHO Triple Billion Indicators
7318,2030,country,108,Burundi,HEP,7324439.85278,WHO Triple Billion Indicators
7319,2030,country,108,Burundi,HPOP,6488.510500499961,WHO Triple Billion Indicators
7320,2030,country,108,Burundi,UHC,2250835.5308051,WHO Triple Billion Indicators
7321,2030,country,132,Cabo Verde,HEP,254939.80786,WHO Triple Billion Indicators
7322,2030,country,132,Cabo Verde,HPOP,6390.65975742,WHO Triple Billion Indicators
7323,2030,country,132,Cabo Verde,UHC,108721.5142593,WHO Triple Billion Indicators
7324,2030,country,116,Cambodia,HEP,7156125.8447,WHO Triple Billion Indicators
7325,2030,country,116,Cambodia,HPOP,6431675.287681,WHO Triple Billion Indicators
7326,2030,country,116,Cambodia,UHC,3226985.42533,WHO Triple Billion Indicators
7327,2030,country,120,Cameroon,HEP,3754097.2856,WHO Triple Billion Indicators
7328,2030,country,120,Cameroon,HPOP,-2262940.07362,WHO Triple Billion Indicators
7329,2030,country,120,Cameroon,UHC,4649117.25328,WHO Triple Billion Indicators
7330,2030,country,124,Canada,HEP,-1101098.2260000003,WHO Triple Billion Indicators
7331,2030,country,124,Canada,HPOP,3338474.477155,WHO Triple Billion Indicators
7332,2030,country,124,Canada,UHC,4691490.466243,WHO Triple Billion Indicators
7333,2030,country,140,Central African Republic,HEP,5185986.8174,WHO Triple Billion Indicators
7334,2030,country,140,Central African Republic,HPOP,-817709.776316,WHO Triple Billion Indicators
7335,2030,country,140,Central African Republic,UHC,860957.5872037001,WHO Triple Billion Indicators
7336,2030,country,148,Chad,HEP,8943118.5962,WHO Triple Billion Indicators
7337,2030,country,148,Chad,HPOP,1255265.42996,WHO Triple Billion Indicators
7338,2030,country,148,Chad,UHC,1981865.402607,WHO Triple Billion Indicators
7339,2030,country,152,Chile,HEP,2519987.1161,WHO Triple Billion Indicators
7340,2030,country,152,Chile,HPOP,453703.59657099994,WHO Triple Billion Indicators
7341,2030,country,152,Chile,UHC,602498.9249879001,WHO Triple Billion Indicators
7342,2030,country,156,China,HEP,6965340.209000006,WHO Triple Billion Indicators
7343,2030,country,156,China,HPOP,473704737.02400005,WHO Triple Billion Indicators
7344,2030,country,156,China,UHC,66370219.73022,WHO Triple Billion Indicators
7345,2030,country,170,Colombia,HEP,10942829.2364,WHO Triple Billion Indicators
7346,2030,country,170,Colombia,HPOP,3652803.44746,WHO Triple Billion Indicators
7347,2030,country,170,Colombia,UHC,7242540.65472,WHO Triple Billion Indicators
7348,2030,country,174,Comoros,HEP,535593.34609,WHO Triple Billion Indicators
7349,2030,country,174,Comoros,HPOP,85808.0775494,WHO Triple Billion Indicators
7350,2030,country,174,Comoros,UHC,148283.7481268,WHO Triple Billion Indicators
7351,2030,country,178,Congo,HEP,535952.0771,WHO Triple Billion Indicators
7352,2030,country,178,Congo,HPOP,959136.322058,WHO Triple Billion Indicators
7353,2030,country,178,Congo,UHC,714531.52717,WHO Triple Billion Indicators
7354,2030,country,184,Cook Islands,HEP,1676.8610642,WHO Triple Billion Indicators
7355,2030,country,184,Cook Islands,HPOP,-4052.2971826649996,WHO Triple Billion Indicators
7356,2030,country,184,Cook Islands,UHC,-32.0459006939999,WHO Triple Billion Indicators
7357,2030,country,188,Costa Rica,HEP,-717196.8066,WHO Triple Billion Indicators
7358,2030,country,188,Costa Rica,HPOP,143604.40150180002,WHO Triple Billion Indicators
7359,2030,country,188,Costa Rica,UHC,321988.762818,WHO Triple Billion Indicators
7360,2030,country,191,Croatia,HEP,419374.58995,WHO Triple Billion Indicators
7361,2030,country,191,Croatia,HPOP,59937.68719660002,WHO Triple Billion Indicators
7362,2030,country,191,Croatia,UHC,163301.195895,WHO Triple Billion Indicators
7363,2030,country,192,Cuba,HEP,-980851.7879900001,WHO Triple Billion Indicators
7364,2030,country,192,Cuba,HPOP,340507.2642335999,WHO Triple Billion Indicators
7365,2030,country,192,Cuba,UHC,-79454.94554599997,WHO Triple Billion Indicators
7366,2030,country,196,Cyprus,HEP,-240575.36647999997,WHO Triple Billion Indicators
7367,2030,country,196,Cyprus,HPOP,113424.8331999,WHO Triple Billion Indicators
7368,2030,country,196,Cyprus,UHC,126145.9984243,WHO Triple Billion Indicators
7369,2030,country,203,Czechia,HEP,2743167.7393,WHO Triple Billion Indicators
7370,2030,country,203,Czechia,HPOP,1205703.6781056,WHO Triple Billion Indicators
7371,2030,country,203,Czechia,UHC,576241.6572185,WHO Triple Billion Indicators
7372,2030,country,384,Côte d'Ivoire,HEP,9637033.9296,WHO Triple Billion Indicators
7373,2030,country,384,Côte d'Ivoire,HPOP,5821355.819009,WHO Triple Billion Indicators
7374,2030,country,384,Côte d'Ivoire,UHC,4038201.40662526,WHO Triple Billion Indicators
7375,2030,country,408,Democratic People's Republic of Korea,HEP,6854567.14,WHO Triple Billion Indicators
7376,2030,country,408,Democratic People's Republic of Korea,HPOP,4470600.604824,WHO Triple Billion Indicators
7377,2030,country,408,Democratic People's Republic of Korea,UHC,3549035.6275311997,WHO Triple Billion Indicators
7378,2030,country,180,Democratic Republic of the Congo,HEP,48564565.365,WHO Triple Billion Indicators
7379,2030,country,180,Democratic Republic of the Congo,HPOP,-8810.452750000426,WHO Triple Billion Indicators
7380,2030,country,180,Democratic Republic of the Congo,UHC,17112755.3141,WHO Triple Billion Indicators
7381,2030,country,208,Denmark,HEP,211184.59332,WHO Triple Billion Indicators
7382,2030,country,208,Denmark,HPOP,630965.0983684,WHO Triple Billion Indicators
7383,2030,country,208,Denmark,UHC,578992.115045592,WHO Triple Billion Indicators
7384,2030,country,262,Djibouti,HEP,232807.84828,WHO Triple Billion Indicators
7385,2030,country,262,Djibouti,HPOP,92176.98460299999,WHO Triple Billion Indicators
7386,2030,country,262,Djibouti,UHC,148800.1156935,WHO Triple Billion Indicators
7387,2030,country,212,Dominica,HEP,-20615.622237,WHO Triple Billion Indicators
7388,2030,country,212,Dominica,HPOP,-6824.78877109,WHO Triple Billion Indicators
7389,2030,country,212,Dominica,UHC,3564.82380165,WHO Triple Billion Indicators
7390,2030,country,214,Dominican Republic,HEP,5331454.6061,WHO Triple Billion Indicators
7391,2030,country,214,Dominican Republic,HPOP,-969827.2392324001,WHO Triple Billion Indicators
7392,2030,country,214,Dominican Republic,UHC,1720290.7752730001,WHO Triple Billion Indicators
7393,2030,country,218,Ecuador,HEP,-9379289.6596,WHO Triple Billion Indicators
7394,2030,country,218,Ecuador,HPOP,-390226.136195,WHO Triple Billion Indicators
7395,2030,country,218,Ecuador,UHC,1180451.404396,WHO Triple Billion Indicators
7396,2030,country,818,Egypt,HEP,7334975.412999999,WHO Triple Billion Indicators
7397,2030,country,818,Egypt,HPOP,-7534912.390019,WHO Triple Billion Indicators
7398,2030,country,818,Egypt,UHC,8550363.04141,WHO Triple Billion Indicators
7399,2030,country,222,El Salvador,HEP,-2138960.3137,WHO Triple Billion Indicators
7400,2030,country,222,El Salvador,HPOP,280316.649254,WHO Triple Billion Indicators
7401,2030,country,222,El Salvador,UHC,2423.0854419999887,WHO Triple Billion Indicators
7402,2030,country,226,Equatorial Guinea,HEP,1233094.77663,WHO Triple Billion Indicators
7403,2030,country,226,Equatorial Guinea,HPOP,-92692.3721999,WHO Triple Billion Indicators
7404,2030,country,226,Equatorial Guinea,UHC,328644.94922114996,WHO Triple Billion Indicators
7405,2030,country,232,Eritrea,HEP,3209536.046,WHO Triple Billion Indicators
7406,2030,country,232,Eritrea,HPOP,151242.39784000002,WHO Triple Billion Indicators
7407,2030,country,232,Eritrea,UHC,558032.65990934,WHO Triple Billion Indicators
7408,2030,country,233,Estonia,HEP,50752.573449999996,WHO Triple Billion Indicators
7409,2030,country,233,Estonia,HPOP,45292.6593528,WHO Triple Billion Indicators
7410,2030,country,233,Estonia,UHC,32963.855591,WHO Triple Billion Indicators
7411,2030,country,748,Eswatini,HEP,-372566.27188,WHO Triple Billion Indicators
7412,2030,country,748,Eswatini,HPOP,155662.22313,WHO Triple Billion Indicators
7413,2030,country,748,Eswatini,UHC,118921.81802280001,WHO Triple Billion Indicators
7414,2030,country,231,Ethiopia,HEP,51225543.484699994,WHO Triple Billion Indicators
7415,2030,country,231,Ethiopia,HPOP,23388800.603189997,WHO Triple Billion Indicators
7416,2030,country,231,Ethiopia,UHC,22546325.32694,WHO Triple Billion Indicators
7417,2030,country,242,Fiji,HEP,-380559.69291,WHO Triple Billion Indicators
7418,2030,country,242,Fiji,HPOP,138612.2161965,WHO Triple Billion Indicators
7419,2030,country,242,Fiji,UHC,17875.5869568,WHO Triple Billion Indicators
7420,2030,country,246,Finland,HEP,-401509.64,WHO Triple Billion Indicators
7421,2030,country,246,Finland,HPOP,426468.15923252,WHO Triple Billion Indicators
7422,2030,country,246,Finland,UHC,116946.936631038,WHO Triple Billion Indicators
7423,2030,country,250,France,HEP,10563618.015,WHO Triple Billion Indicators
7424,2030,country,250,France,HPOP,8349357.3127,WHO Triple Billion Indicators
7425,2030,country,250,France,UHC,3339269.5684041,WHO Triple Billion Indicators
7426,2030,country,266,Gabon,HEP,322204.04675,WHO Triple Billion Indicators
7427,2030,country,266,Gabon,HPOP,-6617.8615986999985,WHO Triple Billion Indicators
7428,2030,country,266,Gabon,UHC,289405.660228,WHO Triple Billion Indicators
7429,2030,country,270,Gambia,HEP,1113706.004,WHO Triple Billion Indicators
7430,2030,country,270,Gambia,HPOP,123310.5201738,WHO Triple Billion Indicators
7431,2030,country,270,Gambia,UHC,428558.62021500006,WHO Triple Billion Indicators
7432,2030,country,268,Georgia,HEP,-590880.4919,WHO Triple Billion Indicators
7433,2030,country,268,Georgia,HPOP,51595.10780499996,WHO Triple Billion Indicators
7434,2030,country,268,Georgia,UHC,-214224.8897814,WHO Triple Billion Indicators
7435,2030,country,276,Germany,HEP,-12843720.914599998,WHO Triple Billion Indicators
7436,2030,country,276,Germany,HPOP,12832237.589739999,WHO Triple Billion Indicators
7437,2030,country,276,Germany,UHC,10980.659028199734,WHO Triple Billion Indicators
7438,2030,country,288,Ghana,HEP,6132762.0356,WHO Triple Billion Indicators
7439,2030,country,288,Ghana,HPOP,16171260.08093,WHO Triple Billion Indicators
7440,2030,country,288,Ghana,UHC,6404096.34574,WHO Triple Billion Indicators
7441,2030,country,300,Greece,HEP,3485360.7599899997,WHO Triple Billion Indicators
7442,2030,country,300,Greece,HPOP,1620783.2782438,WHO Triple Billion Indicators
7443,2030,country,300,Greece,UHC,957324.360257,WHO Triple Billion Indicators
7444,2030,country,308,Grenada,HEP,-42772.25867,WHO Triple Billion Indicators
7445,2030,country,308,Grenada,HPOP,-17133.66035443,WHO Triple Billion Indicators
7446,2030,country,308,Grenada,UHC,3938.22150397,WHO Triple Billion Indicators
7447,2030,country,320,Guatemala,HEP,-10483916.39,WHO Triple Billion Indicators
7448,2030,country,320,Guatemala,HPOP,2191270.485759,WHO Triple Billion Indicators
7449,2030,country,320,Guatemala,UHC,1091605.332494,WHO Triple Billion Indicators
7450,2030,country,324,Guinea,HEP,-1284853.5148,WHO Triple Billion Indicators
7451,2030,country,324,Guinea,HPOP,-572145.24979,WHO Triple Billion Indicators
7452,2030,country,324,Guinea,UHC,1724502.60378,WHO Triple Billion Indicators
7453,2030,country,624,Guinea-Bissau,HEP,114859.95072,WHO Triple Billion Indicators
7454,2030,country,624,Guinea-Bissau,HPOP,339665.4236538,WHO Triple Billion Indicators
7455,2030,country,624,Guinea-Bissau,UHC,216556.20278599998,WHO Triple Billion Indicators
7456,2030,country,328,Guyana,HEP,-41603.49412,WHO Triple Billion Indicators
7457,2030,country,328,Guyana,HPOP,18195.441430620012,WHO Triple Billion Indicators
7458,2030,country,328,Guyana,UHC,95934.24411099999,WHO Triple Billion Indicators
7459,2030,country,332,Haiti,HEP,5519336.3241,WHO Triple Billion Indicators
7460,2030,country,332,Haiti,HPOP,-131318.16179800002,WHO Triple Billion Indicators
7461,2030,country,332,Haiti,UHC,1540519.904077,WHO Triple Billion Indicators
7462,2030,country,340,Honduras,HEP,3672168.5959999994,WHO Triple Billion Indicators
7463,2030,country,340,Honduras,HPOP,2297355.578098,WHO Triple Billion Indicators
7464,2030,country,340,Honduras,UHC,2012940.842269,WHO Triple Billion Indicators
7465,2030,country,348,Hungary,HEP,1158942.86427,WHO Triple Billion Indicators
7466,2030,country,348,Hungary,HPOP,1464099.44941,WHO Triple Billion Indicators
7467,2030,country,348,Hungary,UHC,1039394.9901506,WHO Triple Billion Indicators
7468,2030,country,352,Iceland,HEP,-104533.09432,WHO Triple Billion Indicators
7469,2030,country,352,Iceland,HPOP,18317.8542014,WHO Triple Billion Indicators
7470,2030,country,352,Iceland,UHC,17121.650035057002,WHO Triple Billion Indicators
7471,2030,country,356,India,HEP,442100724.93000007,WHO Triple Billion Indicators
7472,2030,country,356,India,HPOP,829240921.7398,WHO Triple Billion Indicators
7473,2030,country,356,India,UHC,258585901.314,WHO Triple Billion Indicators
7474,2030,country,360,Indonesia,HEP,60916017.861999996,WHO Triple Billion Indicators
7475,2030,country,360,Indonesia,HPOP,32225234.417220004,WHO Triple Billion Indicators
7476,2030,country,360,Indonesia,UHC,67343510.8666,WHO Triple Billion Indicators
7477,2030,country,364,Iran (Islamic Republic of),HEP,3973382.4248,WHO Triple Billion Indicators
7478,2030,country,364,Iran (Islamic Republic of),HPOP,-4482876.89153,WHO Triple Billion Indicators
7479,2030,country,364,Iran (Islamic Republic of),UHC,11103727.88047,WHO Triple Billion Indicators
7480,2030,country,368,Iraq,HEP,-19885067.7964,WHO Triple Billion Indicators
7481,2030,country,368,Iraq,HPOP,6640385.844006999,WHO Triple Billion Indicators
7482,2030,country,368,Iraq,UHC,2631948.497368,WHO Triple Billion Indicators
7483,2030,country,372,Ireland,HEP,177841.7745,WHO Triple Billion Indicators
7484,2030,country,372,Ireland,HPOP,329199.732451,WHO Triple Billion Indicators
7485,2030,country,372,Ireland,UHC,329280.6438136,WHO Triple Billion Indicators
7486,2030,country,376,Israel,HEP,-1624986.4697100003,WHO Triple Billion Indicators
7487,2030,country,376,Israel,HPOP,1053588.3415050001,WHO Triple Billion Indicators
7488,2030,country,376,Israel,UHC,1476170.175519678,WHO Triple Billion Indicators
7489,2030,country,380,Italy,HEP,286573.08700000006,WHO Triple Billion Indicators
7490,2030,country,380,Italy,HPOP,4562744.017039,WHO Triple Billion Indicators
7491,2030,country,380,Italy,UHC,1888378.33619608,WHO Triple Billion Indicators
7492,2030,country,388,Jamaica,HEP,447141.3855999999,WHO Triple Billion Indicators
7493,2030,country,388,Jamaica,HPOP,-500447.2418949999,WHO Triple Billion Indicators
7494,2030,country,388,Jamaica,UHC,271412.6542617,WHO Triple Billion Indicators
7495,2030,country,392,Japan,HEP,10782778.262,WHO Triple Billion Indicators
7496,2030,country,392,Japan,HPOP,9745645.18888,WHO Triple Billion Indicators
7497,2030,country,392,Japan,UHC,-1446685.2128999995,WHO Triple Billion Indicators
7498,2030,country,400,Jordan,HEP,623025.2848,WHO Triple Billion Indicators
7499,2030,country,400,Jordan,HPOP,1156772.4645842998,WHO Triple Billion Indicators
7500,2030,country,400,Jordan,UHC,1005720.005688,WHO Triple Billion Indicators
7501,2030,country,398,Kazakhstan,HEP,3365264.4202,WHO Triple Billion Indicators
7502,2030,country,398,Kazakhstan,HPOP,1484317.79661,WHO Triple Billion Indicators
7503,2030,country,398,Kazakhstan,UHC,3093036.27211,WHO Triple Billion Indicators
7504,2030,country,404,Kenya,HEP,18831532.3996,WHO Triple Billion Indicators
7505,2030,country,404,Kenya,HPOP,19352967.829188,WHO Triple Billion Indicators
7506,2030,country,404,Kenya,UHC,8558088.2464,WHO Triple Billion Indicators
7507,2030,country,296,Kiribati,HEP,44275.831591,WHO Triple Billion Indicators
7508,2030,country,296,Kiribati,HPOP,32684.205060884,WHO Triple Billion Indicators
7509,2030,country,296,Kiribati,UHC,17838.43510452,WHO Triple Billion Indicators
7510,2030,country,414,Kuwait,HEP,2142210.869487,WHO Triple Billion Indicators
7511,2030,country,414,Kuwait,HPOP,312744.2658034,WHO Triple Billion Indicators
7512,2030,country,414,Kuwait,UHC,471396.993254,WHO Triple Billion Indicators
7513,2030,country,417,Kyrgyzstan,HEP,-3461403.329,WHO Triple Billion Indicators
7514,2030,country,417,Kyrgyzstan,HPOP,1698414.8731940002,WHO Triple Billion Indicators
7515,2030,country,417,Kyrgyzstan,UHC,762147.0074059999,WHO Triple Billion Indicators
7516,2030,country,418,Lao People's Democratic Republic,HEP,4291897.5924,WHO Triple Billion Indicators
7517,2030,country,418,Lao People's Democratic Republic,HPOP,429207.842809,WHO Triple Billion Indicators
7518,2030,country,418,Lao People's Democratic Republic,UHC,1386148.384205,WHO Triple Billion Indicators
7519,2030,country,428,Latvia,HEP,-326099.66845,WHO Triple Billion Indicators
7520,2030,country,428,Latvia,HPOP,299563.2299243,WHO Triple Billion Indicators
7521,2030,country,428,Latvia,UHC,1177.233365399985,WHO Triple Billion Indicators
7522,2030,country,422,Lebanon,HEP,1587768.73823,WHO Triple Billion Indicators
7523,2030,country,422,Lebanon,HPOP,-2877.2897893999907,WHO Triple Billion Indicators
7524,2030,country,422,Lebanon,UHC,160309.08131200002,WHO Triple Billion Indicators
7525,2030,country,426,Lesotho,HEP,-181346.51799999998,WHO Triple Billion Indicators
7526,2030,country,426,Lesotho,HPOP,658345.4073793,WHO Triple Billion Indicators
7527,2030,country,426,Lesotho,UHC,234510.30329500002,WHO Triple Billion Indicators
7528,2030,country,430,Liberia,HEP,1611080.773,WHO Triple Billion Indicators
7529,2030,country,430,Liberia,HPOP,-717587.8965327,WHO Triple Billion Indicators
7530,2030,country,430,Liberia,UHC,1091425.700559,WHO Triple Billion Indicators
7531,2030,country,434,Libya,HEP,655632.6060000001,WHO Triple Billion Indicators
7532,2030,country,434,Libya,HPOP,-360517.71602,WHO Triple Billion Indicators
7533,2030,country,434,Libya,UHC,268037.8656141,WHO Triple Billion Indicators
7534,2030,country,440,Lithuania,HEP,267666.06101,WHO Triple Billion Indicators
7535,2030,country,440,Lithuania,HPOP,336243.063231,WHO Triple Billion Indicators
7536,2030,country,440,Lithuania,UHC,102586.07595199998,WHO Triple Billion Indicators
7537,2030,country,442,Luxembourg,HEP,47428.951097,WHO Triple Billion Indicators
7538,2030,country,442,Luxembourg,HPOP,76528.1820706,WHO Triple Billion Indicators
7539,2030,country,442,Luxembourg,UHC,75978.989646135,WHO Triple Billion Indicators
7540,2030,country,450,Madagascar,HEP,19515585.827999998,WHO Triple Billion Indicators
7541,2030,country,450,Madagascar,HPOP,6294276.905637,WHO Triple Billion Indicators
7542,2030,country,450,Madagascar,UHC,4410279.2958751,WHO Triple Billion Indicators
7543,2030,country,454,Malawi,HEP,5893957.86615,WHO Triple Billion Indicators
7544,2030,country,454,Malawi,HPOP,7340731.278639999,WHO Triple Billion Indicators
7545,2030,country,454,Malawi,UHC,4197716.3677900005,WHO Triple Billion Indicators
7546,2030,country,458,Malaysia,HEP,-13829285.9925,WHO Triple Billion Indicators
7547,2030,country,458,Malaysia,HPOP,-1023042.8078899999,WHO Triple Billion Indicators
7548,2030,country,458,Malaysia,UHC,2649137.5091150003,WHO Triple Billion Indicators
7549,2030,country,462,Maldives,HEP,193496.34646099998,WHO Triple Billion Indicators
7550,2030,country,462,Maldives,HPOP,-12492.002493600003,WHO Triple Billion Indicators
7551,2030,country,462,Maldives,UHC,56294.80378172,WHO Triple Billion Indicators
7552,2030,country,466,Mali,HEP,-2433089.4836999997,WHO Triple Billion Indicators
7553,2030,country,466,Mali,HPOP,2252966.7258590003,WHO Triple Billion Indicators
7554,2030,country,466,Mali,UHC,3331793.89278,WHO Triple Billion Indicators
7555,2030,country,470,Malta,HEP,132228.56563000003,WHO Triple Billion Indicators
7556,2030,country,470,Malta,HPOP,-9648.339418399997,WHO Triple Billion Indicators
7557,2030,country,470,Malta,UHC,71073.728037371,WHO Triple Billion Indicators
7558,2030,country,584,Marshall Islands,HEP,-11034.21629,WHO Triple Billion Indicators
7559,2030,country,584,Marshall Islands,HPOP,-2126.291070535,WHO Triple Billion Indicators
7560,2030,country,584,Marshall Islands,UHC,491.35510735000014,WHO Triple Billion Indicators
7561,2030,country,478,Mauritania,HEP,2584595.87277,WHO Triple Billion Indicators
7562,2030,country,478,Mauritania,HPOP,99248.35497620005,WHO Triple Billion Indicators
7563,2030,country,478,Mauritania,UHC,579886.970758,WHO Triple Billion Indicators
7564,2030,country,480,Mauritius,HEP,-514155.4499499999,WHO Triple Billion Indicators
7565,2030,country,480,Mauritius,HPOP,-23821.789596500003,WHO Triple Billion Indicators
7566,2030,country,480,Mauritius,UHC,-15486.216921499998,WHO Triple Billion Indicators
7567,2030,country,484,Mexico,HEP,-75828604.405,WHO Triple Billion Indicators
7568,2030,country,484,Mexico,HPOP,32481819.81021,WHO Triple Billion Indicators
7569,2030,country,484,Mexico,UHC,1900435.6346999994,WHO Triple Billion Indicators
7570,2030,country,583,Micronesia (Federated States of),HEP,56456.813897,WHO Triple Billion Indicators
7571,2030,country,583,Micronesia (Federated States of),HPOP,-6125.31342505,WHO Triple Billion Indicators
7572,2030,country,583,Micronesia (Federated States of),UHC,15945.16867262,WHO Triple Billion Indicators
7573,2030,country,492,Monaco,HEP,-7994.582987,WHO Triple Billion Indicators
7574,2030,country,492,Monaco,HPOP,-12200.359132342,WHO Triple Billion Indicators
7575,2030,country,492,Monaco,UHC,-147.24714464800007,WHO Triple Billion Indicators
7576,2030,country,496,Mongolia,HEP,-1828051.3601,WHO Triple Billion Indicators
7577,2030,country,496,Mongolia,HPOP,1113915.107784,WHO Triple Billion Indicators
7578,2030,country,496,Mongolia,UHC,-89389.15288399998,WHO Triple Billion Indicators
7579,2030,country,499,Montenegro,HEP,40878.60596999999,WHO Triple Billion Indicators
7580,2030,country,499,Montenegro,HPOP,168827.95232510997,WHO Triple Billion Indicators
7581,2030,country,499,Montenegro,UHC,35203.7921686,WHO Triple Billion Indicators
7582,2030,country,504,Morocco,HEP,-640919.7239,WHO Triple Billion Indicators
7583,2030,country,504,Morocco,HPOP,7472322.158384999,WHO Triple Billion Indicators
7584,2030,country,504,Morocco,UHC,1605213.25374,WHO Triple Billion Indicators
7585,2030,country,508,Mozambique,HEP,17675293.7706,WHO Triple Billion Indicators
7586,2030,country,508,Mozambique,HPOP,2743916.64898,WHO Triple Billion Indicators
7587,2030,country,508,Mozambique,UHC,6666921.128409,WHO Triple Billion Indicators
7588,2030,country,104,Myanmar,HEP,-10181222.632,WHO Triple Billion Indicators
7589,2030,country,104,Myanmar,HPOP,29231549.60978,WHO Triple Billion Indicators
7590,2030,country,104,Myanmar,UHC,4672020.70469,WHO Triple Billion Indicators
7591,2030,country,516,Namibia,HEP,458998.13949999993,WHO Triple Billion Indicators
7592,2030,country,516,Namibia,HPOP,135142.97742,WHO Triple Billion Indicators
7593,2030,country,516,Namibia,UHC,541104.365213,WHO Triple Billion Indicators
7594,2030,country,520,Nauru,HEP,-376.041066,WHO Triple Billion Indicators
7595,2030,country,520,Nauru,HPOP,-139.90455376000006,WHO Triple Billion Indicators
7596,2030,country,520,Nauru,UHC,1124.888059901,WHO Triple Billion Indicators
7597,2030,country,524,Nepal,HEP,22276076.0081,WHO Triple Billion Indicators
7598,2030,country,524,Nepal,HPOP,10993604.46576,WHO Triple Billion Indicators
7599,2030,country,524,Nepal,UHC,6220466.52234,WHO Triple Billion Indicators
7600,2030,country,528,Netherlands (Kingdom of the),HEP,-5267753.3757,WHO Triple Billion Indicators
7601,2030,country,528,Netherlands (Kingdom of the),HPOP,1844486.3875530001,WHO Triple Billion Indicators
7602,2030,country,528,Netherlands (Kingdom of the),UHC,231075.01578899997,WHO Triple Billion Indicators
7603,2030,country,554,New Zealand,HEP,98130.30939000001,WHO Triple Billion Indicators
7604,2030,country,554,New Zealand,HPOP,309574.764415,WHO Triple Billion Indicators
7605,2030,country,554,New Zealand,UHC,591105.099856,WHO Triple Billion Indicators
7606,2030,country,558,Nicaragua,HEP,1806701.9624,WHO Triple Billion Indicators
7607,2030,country,558,Nicaragua,HPOP,900412.730014,WHO Triple Billion Indicators
7608,2030,country,558,Nicaragua,UHC,984538.5719249999,WHO Triple Billion Indicators
7609,2030,country,562,Niger,HEP,7220639.148,WHO Triple Billion Indicators
7610,2030,country,562,Niger,HPOP,1476416.1657629998,WHO Triple Billion Indicators
7611,2030,country,562,Niger,UHC,5089016.934855999,WHO Triple Billion Indicators
7612,2030,country,566,Nigeria,HEP,16838169.996,WHO Triple Billion Indicators
7613,2030,country,566,Nigeria,HPOP,99488919.90256,WHO Triple Billion Indicators
7614,2030,country,566,Nigeria,UHC,27461990.1685,WHO Triple Billion Indicators
7615,2030,country,570,Niue,HEP,-137.872293314,WHO Triple Billion Indicators
7616,2030,country,570,Niue,HPOP,-170.162319212,WHO Triple Billion Indicators
7617,2030,country,570,Niue,UHC,74.353561166,WHO Triple Billion Indicators
7618,2030,country,807,North Macedonia,HEP,-314080.0777,WHO Triple Billion Indicators
7619,2030,country,807,North Macedonia,HPOP,300735.828711,WHO Triple Billion Indicators
7620,2030,country,807,North Macedonia,UHC,112376.72603990001,WHO Triple Billion Indicators
7621,2030,country,578,Norway,HEP,743457.154,WHO Triple Billion Indicators
7622,2030,country,578,Norway,HPOP,302085.449718,WHO Triple Billion Indicators
7623,2030,country,578,Norway,UHC,637956.36079791,WHO Triple Billion Indicators
7624,2030,country,512,Oman,HEP,-784604.07097,WHO Triple Billion Indicators
7625,2030,country,512,Oman,HPOP,-143525.87782400002,WHO Triple Billion Indicators
7626,2030,country,512,Oman,UHC,69450.096564,WHO Triple Billion Indicators
7627,2030,country,586,Pakistan,HEP,29170155.900999997,WHO Triple Billion Indicators
7628,2030,country,586,Pakistan,HPOP,88447804.61584,WHO Triple Billion Indicators
7629,2030,country,586,Pakistan,UHC,33456808.23418,WHO Triple Billion Indicators
7630,2030,country,585,Palau,HEP,-1631.0126823,WHO Triple Billion Indicators
7631,2030,country,585,Palau,HPOP,-1268.162834758,WHO Triple Billion Indicators
7632,2030,country,585,Palau,UHC,764.907520564,WHO Triple Billion Indicators
7633,2030,country,591,Panama,HEP,60281.52370000002,WHO Triple Billion Indicators
7634,2030,country,591,Panama,HPOP,428609.94909199997,WHO Triple Billion Indicators
7635,2030,country,591,Panama,UHC,617625.136775,WHO Triple Billion Indicators
7636,2030,country,598,Papua New Guinea,HEP,-1854550.1162000003,WHO Triple Billion Indicators
7637,2030,country,598,Papua New Guinea,HPOP,-63671.195424,WHO Triple Billion Indicators
7638,2030,country,598,Papua New Guinea,UHC,395391.45192499994,WHO Triple Billion Indicators
7639,2030,country,600,Paraguay,HEP,-1151752.9807,WHO Triple Billion Indicators
7640,2030,country,600,Paraguay,HPOP,966966.14165,WHO Triple Billion Indicators
7641,2030,country,600,Paraguay,UHC,758299.106266,WHO Triple Billion Indicators
7642,2030,country,604,Peru,HEP,-11675008.243999999,WHO Triple Billion Indicators
7643,2030,country,604,Peru,HPOP,11115716.834755,WHO Triple Billion Indicators
7644,2030,country,604,Peru,UHC,1647956.62875,WHO Triple Billion Indicators
7645,2030,country,608,Philippines,HEP,39340016.955,WHO Triple Billion Indicators
7646,2030,country,608,Philippines,HPOP,20576712.21116,WHO Triple Billion Indicators
7647,2030,country,608,Philippines,UHC,23393210.26128,WHO Triple Billion Indicators
7648,2030,country,616,Poland,HEP,5881528.48,WHO Triple Billion Indicators
7649,2030,country,616,Poland,HPOP,3915208.011568,WHO Triple Billion Indicators
7650,2030,country,616,Poland,UHC,3651529.160083,WHO Triple Billion Indicators
7651,2030,country,620,Portugal,HEP,2133875.61918,WHO Triple Billion Indicators
7652,2030,country,620,Portugal,HPOP,933851.9384020001,WHO Triple Billion Indicators
7653,2030,country,620,Portugal,UHC,890074.5477959,WHO Triple Billion Indicators
7654,2030,country,634,Qatar,HEP,285192.09622999997,WHO Triple Billion Indicators
7655,2030,country,634,Qatar,HPOP,64592.15186809999,WHO Triple Billion Indicators
7656,2030,country,634,Qatar,UHC,130010.239674,WHO Triple Billion Indicators
7657,2030,country,410,Republic of Korea,HEP,4630689.8111,WHO Triple Billion Indicators
7658,2030,country,410,Republic of Korea,HPOP,6784766.936035,WHO Triple Billion Indicators
7659,2030,country,410,Republic of Korea,UHC,4558216.399499,WHO Triple Billion Indicators
7660,2030,country,498,Republic of Moldova,HEP,186432.60300000003,WHO Triple Billion Indicators
7661,2030,country,498,Republic of Moldova,HPOP,410874.163991,WHO Triple Billion Indicators
7662,2030,country,498,Republic of Moldova,UHC,153069.154128,WHO Triple Billion Indicators
7663,2030,country,642,Romania,HEP,-8551062.695,WHO Triple Billion Indicators
7664,2030,country,642,Romania,HPOP,1896535.4418300001,WHO Triple Billion Indicators
7665,2030,country,642,Romania,UHC,1518.741050000026,WHO Triple Billion Indicators
7666,2030,country,643,Russian Federation,HEP,4341283.3259000005,WHO Triple Billion Indicators
7667,2030,country,643,Russian Federation,HPOP,-27637265.2764,WHO Triple Billion Indicators
7668,2030,country,643,Russian Federation,UHC,8869556.3306,WHO Triple Billion Indicators
7669,2030,country,646,Rwanda,HEP,-1118311.8303,WHO Triple Billion Indicators
7670,2030,country,646,Rwanda,HPOP,4652406.44556,WHO Triple Billion Indicators
7671,2030,country,646,Rwanda,UHC,2684926.617004,WHO Triple Billion Indicators
7672,2030,country,659,Saint Kitts and Nevis,HEP,18367.420049,WHO Triple Billion Indicators
7673,2030,country,659,Saint Kitts and Nevis,HPOP,-3837.425158813,WHO Triple Billion Indicators
7674,2030,country,659,Saint Kitts and Nevis,UHC,6457.209901072,WHO Triple Billion Indicators
7675,2030,country,662,Saint Lucia,HEP,-9231.981295,WHO Triple Billion Indicators
7676,2030,country,662,Saint Lucia,HPOP,-14872.778769989,WHO Triple Billion Indicators
7677,2030,country,662,Saint Lucia,UHC,5742.8538608,WHO Triple Billion Indicators
7678,2030,country,670,Saint Vincent and the Grenadines,HEP,27758.3682375,WHO Triple Billion Indicators
7679,2030,country,670,Saint Vincent and the Grenadines,HPOP,-13960.30420254,WHO Triple Billion Indicators
7680,2030,country,670,Saint Vincent and the Grenadines,UHC,13991.737857470001,WHO Triple Billion Indicators
7681,2030,country,882,Samoa,HEP,-2191.447540000001,WHO Triple Billion Indicators
7682,2030,country,882,Samoa,HPOP,8448.758357300001,WHO Triple Billion Indicators
7683,2030,country,882,Samoa,UHC,20784.3607161,WHO Triple Billion Indicators
7684,2030,country,674,San Marino,HEP,-14170.507768,WHO Triple Billion Indicators
7685,2030,country,674,San Marino,HPOP,-9587.375327161,WHO Triple Billion Indicators
7686,2030,country,674,San Marino,UHC,-387.075057882,WHO Triple Billion Indicators
7687,2030,country,678,Sao Tome and Principe,HEP,7963.537515,WHO Triple Billion Indicators
7688,2030,country,678,Sao Tome and Principe,HPOP,40791.51271676,WHO Triple Billion Indicators
7689,2030,country,678,Sao Tome and Principe,UHC,39471.533975800005,WHO Triple Billion Indicators
7690,2030,country,682,Saudi Arabia,HEP,12757397.4837,WHO Triple Billion Indicators
7691,2030,country,682,Saudi Arabia,HPOP,328239.9636469999,WHO Triple Billion Indicators
7692,2030,country,682,Saudi Arabia,UHC,4264956.5651913,WHO Triple Billion Indicators
7693,2030,country,686,Senegal,HEP,4602522.5323,WHO Triple Billion Indicators
7694,2030,country,686,Senegal,HPOP,-479712.65778560005,WHO Triple Billion Indicators
7695,2030,country,686,Senegal,UHC,3715479.8067699997,WHO Triple Billion Indicators
7696,2030,country,688,Serbia,HEP,-68233.70159999997,WHO Triple Billion Indicators
7697,2030,country,688,Serbia,HPOP,1058874.6205716,WHO Triple Billion Indicators
7698,2030,country,688,Serbia,UHC,-118750.427465,WHO Triple Billion Indicators
7699,2030,country,690,Seychelles,HEP,15476.899348178,WHO Triple Billion Indicators
7700,2030,country,690,Seychelles,HPOP,-5956.67419371,WHO Triple Billion Indicators
7701,2030,country,690,Seychelles,UHC,19835.25778317,WHO Triple Billion Indicators
7702,2030,country,694,Sierra Leone,HEP,4219094.2731,WHO Triple Billion Indicators
7703,2030,country,694,Sierra Leone,HPOP,1106149.593879,WHO Triple Billion Indicators
7704,2030,country,694,Sierra Leone,UHC,1041644.118223,WHO Triple Billion Indicators
7705,2030,country,702,Singapore,HEP,533854.3430000001,WHO Triple Billion Indicators
7706,2030,country,702,Singapore,HPOP,-157647.719567,WHO Triple Billion Indicators
7707,2030,country,702,Singapore,UHC,805783.9954370001,WHO Triple Billion Indicators
7708,2030,country,703,Slovakia,HEP,-748054.521,WHO Triple Billion Indicators
7709,2030,country,703,Slovakia,HPOP,93019.20908619997,WHO Triple Billion Indicators
7710,2030,country,703,Slovakia,UHC,265065.2883197,WHO Triple Billion Indicators
7711,2030,country,705,Slovenia,HEP,-83318.66881,WHO Triple Billion Indicators
7712,2030,country,705,Slovenia,HPOP,362325.9894077,WHO Triple Billion Indicators
7713,2030,country,705,Slovenia,UHC,149175.7252396,WHO Triple Billion Indicators
7714,2030,country,90,Solomon Islands,HEP,305614.3075,WHO Triple Billion Indicators
7715,2030,country,90,Solomon Islands,HPOP,-32828.238145510004,WHO Triple Billion Indicators
7716,2030,country,90,Solomon Islands,UHC,105908.87236770001,WHO Triple Billion Indicators
7717,2030,country,706,Somalia,HEP,2430915.1928,WHO Triple Billion Indicators
7718,2030,country,706,Somalia,HPOP,2697010.0578499995,WHO Triple Billion Indicators
7719,2030,country,706,Somalia,UHC,2234312.1321022,WHO Triple Billion Indicators
7720,2030,country,710,South Africa,HEP,13792445.384,WHO Triple Billion Indicators
7721,2030,country,710,South Africa,HPOP,5542648.413277,WHO Triple Billion Indicators
7722,2030,country,710,South Africa,UHC,9981677.34312,WHO Triple Billion Indicators
7723,2030,country,728,South Sudan,HEP,567524.5784,WHO Triple Billion Indicators
7724,2030,country,728,South Sudan,HPOP,-125896.287382,WHO Triple Billion Indicators
7725,2030,country,728,South Sudan,UHC,1300242.740484,WHO Triple Billion Indicators
7726,2030,country,724,Spain,HEP,-4240598.018069999,WHO Triple Billion Indicators
7727,2030,country,724,Spain,HPOP,5593278.121900001,WHO Triple Billion Indicators
7728,2030,country,724,Spain,UHC,720721.683738,WHO Triple Billion Indicators
7729,2030,country,144,Sri Lanka,HEP,10623326.7436,WHO Triple Billion Indicators
7730,2030,country,144,Sri Lanka,HPOP,1570577.632037,WHO Triple Billion Indicators
7731,2030,country,144,Sri Lanka,UHC,3218070.798486,WHO Triple Billion Indicators
7732,2030,country,729,Sudan,HEP,-18584988.5999,WHO Triple Billion Indicators
7733,2030,country,729,Sudan,HPOP,12353763.943610001,WHO Triple Billion Indicators
7734,2030,country,729,Sudan,UHC,4262142.252428,WHO Triple Billion Indicators
7735,2030,country,740,Suriname,HEP,-416512.71082000004,WHO Triple Billion Indicators
7736,2030,country,740,Suriname,HPOP,-26351.101154609998,WHO Triple Billion Indicators
7737,2030,country,740,Suriname,UHC,17923.2516109,WHO Triple Billion Indicators
7738,2030,country,752,Sweden,HEP,-1463814.59393,WHO Triple Billion Indicators
7739,2030,country,752,Sweden,HPOP,1138339.8076850001,WHO Triple Billion Indicators
7740,2030,country,752,Sweden,UHC,148884.90602757997,WHO Triple Billion Indicators
7741,2030,country,756,Switzerland,HEP,-1758172.8128999998,WHO Triple Billion Indicators
7742,2030,country,756,Switzerland,HPOP,644443.410121,WHO Triple Billion Indicators
7743,2030,country,756,Switzerland,UHC,472624.46063249995,WHO Triple Billion Indicators
7744,2030,country,760,Syrian Arab Republic,HEP,-13113493.829,WHO Triple Billion Indicators
7745,2030,country,760,Syrian Arab Republic,HPOP,-2519724.455546,WHO Triple Billion Indicators
7746,2030,country,760,Syrian Arab Republic,UHC,3001738.0821825,WHO Triple Billion Indicators
7747,2030,country,762,Tajikistan,HEP,1884536.25666,WHO Triple Billion Indicators
7748,2030,country,762,Tajikistan,HPOP,2925758.5437910003,WHO Triple Billion Indicators
7749,2030,country,762,Tajikistan,UHC,2293972.712034,WHO Triple Billion Indicators
7750,2030,country,764,Thailand,HEP,12553997.46,WHO Triple Billion Indicators
7751,2030,country,764,Thailand,HPOP,8093138.810070001,WHO Triple Billion Indicators
7752,2030,country,764,Thailand,UHC,11289478.245830001,WHO Triple Billion Indicators
7753,2030,country,626,Timor-Leste,HEP,846162.7233,WHO Triple Billion Indicators
7754,2030,country,626,Timor-Leste,HPOP,331486.45275530004,WHO Triple Billion Indicators
7755,2030,country,626,Timor-Leste,UHC,308944.69382499997,WHO Triple Billion Indicators
7756,2030,country,768,Togo,HEP,4566769.33365,WHO Triple Billion Indicators
7757,2030,country,768,Togo,HPOP,2217110.2793270005,WHO Triple Billion Indicators
7758,2030,country,768,Togo,UHC,1340084.836494,WHO Triple Billion Indicators
7759,2030,country,776,Tonga,HEP,23711.79966,WHO Triple Billion Indicators
7760,2030,country,776,Tonga,HPOP,740.6162792500008,WHO Triple Billion Indicators
7761,2030,country,776,Tonga,UHC,12850.8454836,WHO Triple Billion Indicators
7762,2030,country,780,Trinidad and Tobago,HEP,624357.3019900001,WHO Triple Billion Indicators
7763,2030,country,780,Trinidad and Tobago,HPOP,-82732.76094834601,WHO Triple Billion Indicators
7764,2030,country,780,Trinidad and Tobago,UHC,208762.2897527,WHO Triple Billion Indicators
7765,2030,country,788,Tunisia,HEP,2606617.2871600003,WHO Triple Billion Indicators
7766,2030,country,788,Tunisia,HPOP,735535.564672,WHO Triple Billion Indicators
7767,2030,country,788,Tunisia,UHC,655763.0319154,WHO Triple Billion Indicators
7768,2030,country,795,Turkmenistan,HEP,1589384.0628000002,WHO Triple Billion Indicators
7769,2030,country,795,Turkmenistan,HPOP,699708.381078,WHO Triple Billion Indicators
7770,2030,country,795,Turkmenistan,UHC,544804.7685355999,WHO Triple Billion Indicators
7771,2030,country,798,Tuvalu,HEP,2344.841297755,WHO Triple Billion Indicators
7772,2030,country,798,Tuvalu,HPOP,552.0356490140001,WHO Triple Billion Indicators
7773,2030,country,798,Tuvalu,UHC,1230.545851616,WHO Triple Billion Indicators
7774,2030,country,792,Türkiye,HEP,8608593.351,WHO Triple Billion Indicators
7775,2030,country,792,Türkiye,HPOP,14409711.71472,WHO Triple Billion Indicators
7776,2030,country,792,Türkiye,UHC,11356702.6413,WHO Triple Billion Indicators
7777,2030,country,800,Uganda,HEP,16254150.213999998,WHO Triple Billion Indicators
7778,2030,country,800,Uganda,HPOP,7887929.86176,WHO Triple Billion Indicators
7779,2030,country,800,Uganda,UHC,8591306.43158,WHO Triple Billion Indicators
7780,2030,country,804,Ukraine,HEP,-12126519.166000001,WHO Triple Billion Indicators
7781,2030,country,804,Ukraine,HPOP,-1197692.63832,WHO Triple Billion Indicators
7782,2030,country,804,Ukraine,UHC,-1570826.1958900003,WHO Triple Billion Indicators
7783,2030,country,784,United Arab Emirates,HEP,556113.1858399999,WHO Triple Billion Indicators
7784,2030,country,784,United Arab Emirates,HPOP,861071.035458,WHO Triple Billion Indicators
7785,2030,country,784,United Arab Emirates,UHC,813424.1320505,WHO Triple Billion Indicators
7786,2030,country,826,United Kingdom of Great Britain and Northern Ireland,HEP,2068961.6376,WHO Triple Billion Indicators
7787,2030,country,826,United Kingdom of Great Britain and Northern Ireland,HPOP,6205429.36679,WHO Triple Billion Indicators
7788,2030,country,826,United Kingdom of Great Britain and Northern Ireland,UHC,4526145.133053,WHO Triple Billion Indicators
7789,2030,country,834,United Republic of Tanzania,HEP,25420700.637,WHO Triple Billion Indicators
7790,2030,country,834,United Republic of Tanzania,HPOP,18296265.1243,WHO Triple Billion Indicators
7791,2030,country,834,United Republic of Tanzania,UHC,14756105.05213,WHO Triple Billion Indicators
7792,2030,country,840,United States of America,HEP,10274079.359,WHO Triple Billion Indicators
7793,2030,country,840,United States of America,HPOP,9985522.67174,WHO Triple Billion Indicators
7794,2030,country,840,United States of America,UHC,24556161.5136,WHO Triple Billion Indicators
7795,2030,country,858,Uruguay,HEP,-1646834.3895299998,WHO Triple Billion Indicators
7796,2030,country,858,Uruguay,HPOP,-76472.528999,WHO Triple Billion Indicators
7797,2030,country,858,Uruguay,UHC,-377463.7716348,WHO Triple Billion Indicators
7798,2030,country,860,Uzbekistan,HEP,20426291.7962,WHO Triple Billion Indicators
7799,2030,country,860,Uzbekistan,HPOP,3281949.8820399996,WHO Triple Billion Indicators
7800,2030,country,860,Uzbekistan,UHC,8387401.211953,WHO Triple Billion Indicators
7801,2030,country,548,Vanuatu,HEP,170421.16241,WHO Triple Billion Indicators
7802,2030,country,548,Vanuatu,HPOP,-35040.10618087,WHO Triple Billion Indicators
7803,2030,country,548,Vanuatu,UHC,38893.33661848,WHO Triple Billion Indicators
7804,2030,country,862,Venezuela (Bolivarian Republic of),HEP,1924799.908,WHO Triple Billion Indicators
7805,2030,country,862,Venezuela (Bolivarian Republic of),HPOP,-1244176.4023249997,WHO Triple Billion Indicators
7806,2030,country,862,Venezuela (Bolivarian Republic of),UHC,2505303.5907,WHO Triple Billion Indicators
7807,2030,country,704,Viet Nam,HEP,-29607467.976,WHO Triple Billion Indicators
7808,2030,country,704,Viet Nam,HPOP,15644572.48666,WHO Triple Billion Indicators
7809,2030,country,704,Viet Nam,UHC,14936651.6058,WHO Triple Billion Indicators
7810,2030,country,887,Yemen,HEP,-5722393.052209999,WHO Triple Billion Indicators
7811,2030,country,887,Yemen,HPOP,-2176514.881672,WHO Triple Billion Indicators
7812,2030,country,887,Yemen,UHC,3090640.62543,WHO Triple Billion Indicators
7813,2030,country,894,Zambia,HEP,5623922.4739999985,WHO Triple Billion Indicators
7814,2030,country,894,Zambia,HPOP,1031639.828586,WHO Triple Billion Indicators
7815,2030,country,894,Zambia,UHC,4740825.15919,WHO Triple Billion Indicators
7816,2030,country,716,Zimbabwe,HEP,5347288.51632,WHO Triple Billion Indicators
7817,2030,country,716,Zimbabwe,HPOP,-635918.237277,WHO Triple Billion Indicators
7818,2030,country,716,Zimbabwe,UHC,2749643.6747267,WHO Triple Billion Indicators
7819,2030,global,1,World,HEP,904507377.551,WHO Triple Billion Indicators
7820,2030,global,1,World,HPOP,2001406651.8894,WHO Triple Billion Indicators
7821,2030,global,1,World,UHC,892343868.6191,WHO Triple Billion Indicators
7822,2030,who_region,953,Africa,HEP,322983421.07000005,WHO Triple Billion Indicators
7823,2030,who_region,953,Africa,HPOP,217916522.84069997,WHO Triple Billion Indicators
7824,2030,who_region,953,Africa,UHC,190455727.0921,WHO Triple Billion Indicators
7825,2030,who_region,954,Americas,HEP,-73470286.43,WHO Triple Billion Indicators
7826,2030,who_region,954,Americas,HPOP,90695031.71027,WHO Triple Billion Indicators
7827,2030,who_region,954,Americas,UHC,63959762.001,WHO Triple Billion Indicators
7828,2030,who_region,957,Eastern Mediterranean,HEP,18591308.21,WHO Triple Billion Indicators
7829,2030,who_region,957,Eastern Mediterranean,HPOP,119246833.09597,WHO Triple Billion Indicators
7830,2030,who_region,957,Eastern Mediterranean,UHC,79875265.86518,WHO Triple Billion Indicators
7831,2030,who_region,956,Europe,HEP,16614862.919999998,WHO Triple Billion Indicators
7832,2030,who_region,956,Europe,HPOP,61178151.582661,WHO Triple Billion Indicators
7833,2030,who_region,956,Europe,UHC,59122355.184,WHO Triple Billion Indicators
7834,2030,who_region,955,South-East Asia,HEP,592764967.4,WHO Triple Billion Indicators
7835,2030,who_region,955,South-East Asia,HPOP,979439133.0545001,WHO Triple Billion Indicators
7836,2030,who_region,955,South-East Asia,UHC,378902628.216,WHO Triple Billion Indicators
7837,2030,who_region,958,Western Pacific,HEP,27023104.442,WHO Triple Billion Indicators
7838,2030,who_region,958,Western Pacific,HPOP,532930979.68225,WHO Triple Billion Indicators
7839,2030,who_region,958,Western Pacific,UHC,120028130.2944,WHO Triple Billion Indicators
