Date,Store_ID,Product_ID,Category,Price,Quantity_Sold,Discount,Customer_Rating,Revenue
01/01/2022,7,193,Clothing,195.39,18,0.06,3.5,3305.9988
01/02/2022,15,141,Grocery,383.4,2,0.23,1.6,590.436
01/03/2022,11,106,Grocery,267.01,6,0.12,2.9,1409.8128
01/04/2022,8,114,Electronics,16.45,16,0.12,1.2,231.616
01/05/2022,7,159,Electronics,370.76,7,0.29,4,1842.6772
01/06/2022,19,139,Grocery,368.79,19,0.13,3,6096.0987
01/07/2022,11,182,Electronics,90.92,12,0.28,2.5,785.5488
01/08/2022,11,136,Electronics,478.76,18,0.09,4.9,7842.0888
01/09/2022,4,165,Clothing,119.71,10,0.12,4.8,1053.448
01/10/2022,8,154,Electronics,234.3,7,0.12,4.8,1443.288
01/11/2022,3,176,Electronics,66.22,4,0.16,1.9,222.4992
01/12/2022,2,194,Furniture,305.61,17,0.18,3.9,4260.2034
01/13/2022,12,179,Clothing,193.97,17,0.07,4.8,3066.6657
01/14/2022,6,155,Clothing,183.05,4,0.24,3.3,556.472
01/15/2022,2,143,Grocery,415.22,5,0.15,1.9,1764.685
01/16/2022,1,156,Electronics,14.69,1,0,4.3,14.69
01/17/2022,12,105,Furniture,400.99,19,0.18,4.5,6247.4242
01/18/2022,12,191,Furniture,290.01,11,0.24,3.8,2424.4836
01/19/2022,17,131,Clothing,493.19,1,0.08,2.2,453.7348
01/20/2022,10,173,Electronics,298.83,8,0.01,1.8,2366.7336
01/21/2022,16,117,Furniture,37.14,4,0.24,3.5,112.9056
01/22/2022,15,167,Grocery,34.82,15,0.29,2.9,370.833
01/23/2022,15,172,Electronics,442.74,17,0.02,3.7,7376.0484
01/24/2022,19,106,Electronics,422.19,18,0.28,1.4,5471.5824
01/25/2022,12,107,Electronics,179.49,3,0.11,1.5,479.2383
01/26/2022,3,163,Furniture,312.84,18,0.28,2.5,4054.4064
01/27/2022,5,106,Clothing,249.9,7,0.19,2,1416.933
01/28/2022,19,140,Clothing,483.91,17,0.27,3.5,6005.3231
01/29/2022,7,139,Grocery,475.48,18,0.24,2.5,6504.5664
01/30/2022,9,102,Furniture,492.08,8,0.01,3.7,3897.2736
01/31/2022,7,116,Electronics,434.56,11,0.02,4.1,4684.5568
02/01/2022,18,165,Grocery,455.68,3,0.16,1.7,1148.3136
02/02/2022,4,178,Grocery,116.47,7,0.04,4.7,782.6784
02/03/2022,14,192,Clothing,417.19,15,0.14,4.1,5381.751
02/04/2022,18,151,Electronics,357.34,10,0.29,3.5,2537.114
02/05/2022,9,121,Electronics,481.77,12,0.09,4.6,5260.9284
02/06/2022,2,103,Furniture,289.92,12,0.15,2.1,2957.184
02/07/2022,15,105,Furniture,51.73,19,0.12,2.7,864.9256
02/08/2022,7,137,Furniture,302.73,19,0.19,1.3,4659.0147
02/09/2022,12,125,Grocery,346.42,15,0.06,2.8,4884.522
02/10/2022,8,110,Electronics,117.96,5,0.08,3,542.616
02/11/2022,15,189,Clothing,203.12,13,0.26,3.5,1954.0144
02/12/2022,3,116,Grocery,303.27,9,0.24,1.3,2074.3668
02/13/2022,14,187,Grocery,193.31,10,0.24,1.1,1469.156
02/14/2022,17,191,Clothing,193.72,8,0.23,2.7,1193.3152
02/15/2022,4,198,Clothing,75.21,9,0.14,1.8,582.1254
02/16/2022,18,130,Furniture,470.97,6,0.22,4,2204.1396
02/17/2022,8,176,Clothing,377.74,18,0.12,3.7,5983.4016
02/18/2022,4,134,Clothing,10.61,10,0.03,2.3,102.917
02/19/2022,2,115,Clothing,385.15,15,0.12,1.2,5083.98
02/20/2022,6,178,Clothing,372.5,13,0.05,1.7,4600.375
02/21/2022,10,117,Furniture,14.77,11,0.12,3.8,142.9736
02/22/2022,4,161,Grocery,191.11,2,0.09,5,347.8202
02/23/2022,18,126,Electronics,307.31,8,0.18,2.3,2015.9536
02/24/2022,12,134,Electronics,231.85,18,0.11,4.2,3714.237
02/25/2022,2,144,Grocery,391.21,3,0.21,4.5,927.1677
02/26/2022,10,134,Electronics,218.47,3,0.15,1.2,557.0985
02/27/2022,4,127,Electronics,85.39,7,0.28,4.7,430.3656
02/28/2022,14,108,Grocery,488.44,18,0.03,2.9,8528.1624
03/01/2022,16,175,Electronics,128.6,9,0.21,4.9,914.346
03/02/2022,15,114,Electronics,361.67,18,0.2,3.2,5208.048
03/03/2022,8,120,Grocery,80.15,1,0.29,1.9,56.9065
03/04/2022,14,151,Electronics,171.22,4,0.11,4.9,609.5432
03/05/2022,8,134,Clothing,226.59,4,0.09,2,824.7876
03/06/2022,16,196,Grocery,104.19,17,0.05,4.5,1682.6685
03/07/2022,13,150,Furniture,230.48,2,0.08,1.7,424.0832
03/08/2022,18,182,Electronics,87.01,15,0.15,3.7,1109.3775
03/09/2022,15,154,Furniture,283.91,13,0.25,2.6,2768.1225
03/10/2022,13,186,Electronics,335.22,9,0.09,4.9,2745.4518
03/11/2022,9,176,Clothing,40.59,7,0.05,1.7,269.9235
03/12/2022,15,143,Grocery,436.85,12,0.08,2.6,4822.824
03/13/2022,13,164,Furniture,100.72,12,0.03,3.6,1172.3808
03/14/2022,1,192,Grocery,120.43,14,0.28,4.9,1213.9344
03/15/2022,7,187,Furniture,334.06,15,0.26,2.2,3708.066
03/16/2022,9,179,Electronics,239.69,1,0.09,2.6,218.1179
03/17/2022,1,124,Clothing,254.7,9,0.07,2.8,2131.839
03/18/2022,12,186,Furniture,72.8,16,0.27,2,850.304
03/19/2022,8,191,Furniture,404.81,9,0,4.3,3643.29
03/20/2022,11,146,Clothing,312.36,16,0.18,1.4,4098.1632
03/21/2022,19,179,Clothing,76.34,2,0.27,3.8,111.4564
03/22/2022,17,155,Clothing,193.26,10,0.15,3.1,1642.71
03/23/2022,8,137,Clothing,407.1,18,0,2,7327.8
03/24/2022,3,110,Clothing,288.49,13,0.07,3,3487.8441
03/25/2022,3,166,Grocery,63.24,2,0.28,4.3,91.0656
03/26/2022,1,114,Electronics,192.66,13,0.01,2.8,2479.5342
03/27/2022,5,100,Electronics,128.92,3,0.12,1.5,340.3488
03/28/2022,10,106,Furniture,263.56,15,0.24,1.2,3004.584
03/29/2022,7,100,Clothing,423.25,3,0.25,4.1,952.3125
03/30/2022,9,148,Grocery,223.77,10,0.14,2.3,1924.422
03/31/2022,7,195,Grocery,222.34,6,0.07,4.7,1240.6572
04/01/2022,9,172,Furniture,453.62,14,0.18,3.5,5207.5576
04/02/2022,8,128,Clothing,292.33,9,0.08,2.7,2420.4924
04/03/2022,12,125,Electronics,287.43,18,0.08,3.3,4759.8408
04/04/2022,2,186,Clothing,138.34,8,0.24,2.8,841.1072
04/05/2022,1,144,Grocery,307.78,6,0.05,4.6,1754.346
04/06/2022,16,192,Clothing,292.2,15,0,2.8,4383
04/07/2022,5,196,Electronics,204.46,14,0.1,1.4,2576.196
04/08/2022,3,170,Electronics,495.44,15,0.15,3.4,6316.86
04/09/2022,12,111,Furniture,442.13,6,0.21,3.5,2095.6962
04/10/2022,8,194,Grocery,377.3,12,0.23,4.1,3486.252
04/11/2022,3,131,Clothing,273.3,10,0.2,4.7,2186.4
04/12/2022,1,119,Clothing,236.41,19,0.19,2.8,3638.3499
04/13/2022,3,150,Furniture,100.6,8,0.2,2.4,643.84
04/14/2022,5,180,Furniture,159.81,5,0.08,3,735.126
04/15/2022,15,135,Furniture,389.24,10,0.11,4.6,3464.236
04/16/2022,14,166,Grocery,232.34,11,0.18,4.9,2095.7068
04/17/2022,3,100,Clothing,442.31,14,0.02,4.9,6068.4932
04/18/2022,1,126,Furniture,82.48,14,0.09,1.9,1050.7952
04/19/2022,5,139,Grocery,259.09,2,0.12,3,455.9984
04/20/2022,14,196,Clothing,327.01,17,0.16,2,4669.7028
04/21/2022,7,183,Electronics,263.26,15,0.15,2.5,3356.565
04/22/2022,9,113,Furniture,445.72,3,0.22,1.1,1042.9848
04/23/2022,15,199,Grocery,494.89,3,0.14,1.6,1276.8162
04/24/2022,15,168,Clothing,66.76,3,0.27,2.6,146.2044
04/25/2022,10,186,Clothing,73.68,3,0.11,2.5,196.7256
04/26/2022,13,178,Furniture,73.86,18,0.16,2.1,1116.7632
04/27/2022,19,105,Furniture,343.78,6,0,1.9,2062.68
04/28/2022,7,132,Clothing,192.61,14,0.09,4,2453.8514
04/29/2022,17,154,Grocery,369.32,3,0.26,2.2,819.8904
04/30/2022,4,118,Electronics,208.68,1,0.1,3.8,187.812
05/01/2022,5,176,Clothing,317.53,10,0.08,2.5,2921.276
05/02/2022,7,128,Grocery,387.23,13,0.16,4.2,4228.5516
05/03/2022,13,160,Furniture,278.63,9,0.02,1.7,2457.5166
05/04/2022,15,169,Clothing,274.36,2,0.16,1.6,460.9248
05/05/2022,11,178,Furniture,53.23,10,0.09,3.7,484.393
05/06/2022,4,179,Electronics,211.28,12,0.11,4.7,2256.4704
05/07/2022,13,123,Furniture,277.43,19,0.24,1.6,4006.0892
05/08/2022,7,122,Electronics,236.37,3,0.2,1.3,567.288
05/09/2022,19,109,Furniture,451.38,19,0.13,4.7,7461.3114
05/10/2022,2,153,Furniture,454.2,1,0.17,1.5,376.986
05/11/2022,10,140,Electronics,412.74,15,0.23,2,4767.147
05/12/2022,13,148,Furniture,193.9,13,0.22,4.7,1966.146
05/13/2022,6,116,Grocery,361.48,7,0.06,4.2,2378.5384
05/14/2022,12,155,Furniture,203.69,2,0.09,2.4,370.7158
05/15/2022,12,144,Clothing,123.97,11,0.1,4.8,1227.303
05/16/2022,11,129,Furniture,178.02,16,0.06,3.3,2677.4208
05/17/2022,7,143,Grocery,44.77,14,0,1.3,626.78
05/18/2022,1,173,Clothing,172.57,15,0.05,3.8,2459.1225
05/19/2022,1,154,Grocery,235.76,19,0.24,3.1,3404.3744
05/20/2022,13,118,Clothing,478.19,7,0.16,3.3,2811.7572
05/21/2022,9,128,Furniture,163.57,9,0.1,5,1324.917
05/22/2022,3,101,Grocery,452.2,4,0.18,1.6,1483.216
05/23/2022,7,135,Furniture,122.14,6,0.22,3.6,571.6152
05/24/2022,6,118,Clothing,103.57,10,0.11,2.8,921.773
05/25/2022,8,106,Grocery,264.31,3,0.14,2.1,681.9198
05/26/2022,9,125,Electronics,339.53,1,0.02,3.8,332.7394
05/27/2022,5,178,Grocery,31.72,6,0.18,3.7,156.0624
05/28/2022,1,137,Furniture,118.32,5,0.11,4.4,526.524
05/29/2022,19,102,Electronics,233.28,15,0.13,4.5,3044.304
05/30/2022,10,179,Electronics,172.19,11,0.13,3.2,1647.8583
05/31/2022,12,165,Clothing,359.18,13,0.19,2.3,3782.1654
06/01/2022,15,194,Electronics,260.47,6,0.17,3.1,1297.1406
06/02/2022,9,191,Electronics,88.58,5,0.13,2.4,385.323
06/03/2022,17,170,Clothing,448.29,2,0.01,2.1,887.6142
06/04/2022,17,193,Grocery,153.52,17,0.19,3.2,2113.9704
06/05/2022,12,142,Furniture,368.25,12,0.26,3.6,3270.06
06/06/2022,7,161,Grocery,392.16,12,0.23,3.4,3623.5584
06/07/2022,2,170,Electronics,481.95,14,0.29,4.8,4790.583
06/08/2022,3,199,Furniture,254.27,7,0.04,2.2,1708.6944
06/09/2022,17,192,Grocery,311.76,14,0.07,2.5,4059.1152
06/10/2022,5,123,Furniture,174.09,7,0.16,3.7,1023.6492
06/11/2022,17,138,Electronics,342.31,9,0.07,3.4,2865.1347
06/12/2022,17,167,Grocery,237.06,14,0.01,1,3285.6516
06/13/2022,17,192,Furniture,224.45,17,0.12,2.2,3357.772
06/14/2022,2,143,Furniture,429.18,17,0.09,2,6639.4146
06/15/2022,2,104,Grocery,34.58,13,0.08,4.4,413.5768
06/16/2022,5,154,Grocery,442.16,18,0.29,4.5,5650.8048
06/17/2022,1,192,Electronics,427.51,19,0.07,2.1,7554.1017
06/18/2022,1,129,Clothing,258.12,17,0.04,1.4,4212.5184
06/19/2022,19,128,Furniture,250.2,6,0.04,1.8,1441.152
06/20/2022,2,125,Grocery,187.29,12,0.24,1.7,1708.0848
06/21/2022,12,182,Grocery,497.15,6,0.21,1.9,2356.491
06/22/2022,6,125,Grocery,64.47,3,0.04,1.9,185.6736
06/23/2022,4,136,Furniture,299.21,15,0.07,2.9,4173.9795
06/24/2022,11,190,Electronics,344.02,3,0.22,2.3,805.0068
06/25/2022,17,193,Clothing,467.82,15,0.08,3.2,6455.916
06/26/2022,6,152,Furniture,392.3,1,0.29,2.4,278.533
06/27/2022,5,129,Electronics,325.49,3,0.16,4.3,820.2348
06/28/2022,2,102,Furniture,67.24,5,0.06,4.8,316.028
06/29/2022,6,142,Furniture,193.13,14,0.26,2.6,2000.8268
06/30/2022,11,106,Grocery,78.03,4,0.1,1.2,280.908
07/01/2022,16,148,Electronics,441.79,9,0.09,2,3618.2601
07/02/2022,16,172,Grocery,377.31,18,0.1,1.4,6112.422
07/03/2022,1,140,Grocery,381.19,10,0.23,2.4,2935.163
07/04/2022,9,176,Electronics,329.61,8,0.05,3.6,2505.036
07/05/2022,6,178,Grocery,258.45,13,0.11,3.1,2990.2665
07/06/2022,16,153,Grocery,83.49,2,0.01,2,165.3102
07/07/2022,3,168,Clothing,171.55,7,0.25,4.1,900.6375
07/08/2022,4,192,Electronics,77.09,11,0.1,1.5,763.191
07/09/2022,19,198,Electronics,365.21,5,0.07,1.9,1698.2265
07/10/2022,3,190,Grocery,88.51,18,0.17,3.7,1322.3394
07/11/2022,19,126,Grocery,354.04,8,0.21,1.8,2237.5328
07/12/2022,7,107,Electronics,349.21,10,0.24,3.7,2653.996
07/13/2022,9,131,Electronics,235.06,2,0.1,4.9,423.108
07/14/2022,1,183,Furniture,76.26,3,0.24,4.3,173.8728
07/15/2022,8,163,Electronics,164.25,5,0.14,1.6,706.275
07/16/2022,7,109,Furniture,166.85,16,0.03,3.1,2589.512
07/17/2022,18,112,Grocery,353.19,10,0.25,2.7,2648.925
07/18/2022,8,162,Clothing,65.73,11,0.16,5,607.3452
07/19/2022,1,192,Clothing,416.24,19,0.18,4.9,6485.0192
07/20/2022,11,134,Furniture,382.89,16,0.28,1.5,4410.8928
07/21/2022,18,160,Grocery,101.29,12,0.17,4.6,1008.8484
07/22/2022,10,153,Grocery,362.39,2,0,1.8,724.78
07/23/2022,3,107,Grocery,337.57,11,0.26,2.3,2747.8198
07/24/2022,7,128,Electronics,376.58,1,0.09,2.4,342.6878
07/25/2022,16,194,Grocery,102.57,5,0.15,2.1,435.9225
07/26/2022,16,140,Electronics,87.22,14,0.06,4.4,1147.8152
07/27/2022,17,129,Furniture,125.88,18,0.09,2.3,2061.9144
07/28/2022,2,185,Clothing,189.28,7,0.21,4.3,1046.7184
07/29/2022,1,120,Furniture,398.9,5,0.13,5,1735.215
07/30/2022,16,175,Grocery,371.58,8,0.19,4.4,2407.8384
07/31/2022,12,110,Grocery,463.47,15,0.25,2.4,5214.0375
08/01/2022,5,101,Furniture,38.73,5,0.1,3.8,174.285
08/02/2022,5,149,Electronics,15.66,13,0.17,3.1,168.9714
08/03/2022,9,140,Electronics,352.58,19,0.23,4.1,5158.2454
08/04/2022,9,165,Electronics,146.85,2,0.21,1.6,232.023
08/05/2022,3,197,Clothing,173.7,5,0.16,3.6,729.54
08/06/2022,19,102,Clothing,277.93,5,0.12,4.1,1222.892
08/07/2022,16,179,Grocery,60.18,6,0.12,4,317.7504
08/08/2022,16,150,Furniture,324.92,16,0.13,4.9,4522.8864
08/09/2022,3,167,Furniture,169.32,2,0.1,1.2,304.776
08/10/2022,1,186,Grocery,320.03,5,0.21,2.4,1264.1185
08/11/2022,11,183,Electronics,418.66,15,0.04,2.9,6028.704
08/12/2022,17,124,Clothing,93.84,1,0.29,2.2,66.6264
08/13/2022,8,129,Furniture,466.13,19,0.23,2.2,6819.4819
08/14/2022,4,181,Grocery,270.04,3,0.09,1.7,737.2092
08/15/2022,6,110,Electronics,462.23,19,0.01,4.3,8694.5463
08/16/2022,8,192,Electronics,111.79,15,0.21,4.6,1324.7115
08/17/2022,3,116,Clothing,306.24,3,0.22,1.3,716.6016
08/18/2022,16,125,Clothing,207.9,8,0.29,1.6,1180.872
08/19/2022,3,122,Grocery,389.37,15,0.08,1.9,5373.306
08/20/2022,18,155,Grocery,306.9,1,0.02,3,300.762
08/21/2022,14,151,Electronics,252.31,6,0.27,4.2,1105.1178
08/22/2022,18,147,Electronics,457.36,17,0.08,1.3,7153.1104
08/23/2022,2,119,Furniture,194.79,16,0.22,3.5,2430.9792
08/24/2022,3,101,Electronics,117.79,13,0.02,1.6,1500.6446
08/25/2022,16,187,Grocery,307.97,1,0.23,4.9,237.1369
08/26/2022,9,130,Clothing,315.77,3,0.04,4.6,909.4176
08/27/2022,4,126,Grocery,225.16,6,0.21,4.8,1067.2584
08/28/2022,1,101,Furniture,248.44,3,0.16,1.4,626.0688
08/29/2022,4,177,Furniture,480.18,15,0.29,3,5113.917
08/30/2022,1,103,Clothing,369.02,15,0.01,1.7,5479.947
08/31/2022,14,112,Grocery,64.19,11,0.09,3.4,642.5419
09/01/2022,16,199,Furniture,113.94,6,0.02,1.9,669.9672
09/02/2022,8,134,Grocery,488.03,6,0.26,4.1,2166.8532
09/03/2022,7,171,Furniture,365.97,9,0.18,3.6,2700.8586
09/04/2022,3,165,Clothing,458.37,14,0.16,3.3,5390.4312
09/05/2022,17,105,Furniture,158.89,11,0.04,4.3,1677.8784
09/06/2022,1,130,Grocery,373.51,6,0.15,3,1904.901
09/07/2022,16,109,Grocery,359.86,18,0.12,2.1,5700.1824
09/08/2022,12,120,Furniture,154.4,15,0.09,3.5,2107.56
09/09/2022,19,173,Electronics,279.9,9,0.23,4.8,1939.707
09/10/2022,14,122,Clothing,317.43,11,0.02,3.4,3421.8954
09/11/2022,6,102,Clothing,245.75,2,0.19,3.5,398.115
09/12/2022,6,131,Furniture,415.32,6,0.25,4.7,1868.94
09/13/2022,13,119,Furniture,418.11,14,0.27,3.1,4273.0842
09/14/2022,19,173,Electronics,426.79,14,0.22,5,4660.5468
09/15/2022,8,128,Clothing,403.68,13,0.08,1.6,4828.0128
09/16/2022,2,151,Electronics,249.16,5,0.18,3.1,1021.556
09/17/2022,1,145,Clothing,196.9,9,0.04,1.9,1701.216
09/18/2022,15,133,Furniture,417.37,11,0.04,2.8,4407.4272
09/19/2022,1,183,Clothing,250.2,7,0.19,1.7,1418.634
09/20/2022,5,160,Clothing,130.72,2,0.26,1.9,193.4656
09/21/2022,16,171,Clothing,258.6,12,0.02,1.8,3041.136
09/22/2022,19,170,Electronics,79.51,5,0.03,2.3,385.6235
09/23/2022,4,169,Electronics,348.9,2,0.17,1.5,579.174
09/24/2022,3,110,Clothing,174.6,14,0.07,4.2,2273.292
09/25/2022,17,181,Grocery,137.72,7,0.18,1.9,790.5128
09/26/2022,17,192,Electronics,478.69,5,0.06,2.7,2249.843
09/27/2022,12,188,Furniture,390.67,4,0.03,1.1,1515.7996
09/28/2022,14,162,Furniture,395.66,10,0.16,1.4,3323.544
09/29/2022,6,120,Clothing,315.62,16,0.26,4.6,3736.9408
09/30/2022,3,102,Furniture,421.19,6,0.21,4.3,1996.4406
10/01/2022,9,181,Electronics,381.99,6,0.25,4.4,1718.955
10/02/2022,5,187,Grocery,303.4,9,0.08,2.6,2512.152
10/03/2022,17,109,Grocery,480.95,1,0.27,1.6,351.0935
10/04/2022,14,126,Grocery,103.88,16,0.11,1.4,1479.2512
10/05/2022,3,111,Furniture,472.26,17,0.26,3.4,5941.0308
10/06/2022,1,106,Clothing,206.7,13,0.14,4.3,2310.906
10/07/2022,1,116,Furniture,268.92,6,0.08,4.6,1484.4384
10/08/2022,3,164,Clothing,70.14,2,0.08,2.2,129.0576
10/09/2022,18,163,Grocery,274.65,8,0.17,2.3,1823.676
10/10/2022,10,125,Electronics,309.49,4,0.02,1.4,1213.2008
10/11/2022,3,114,Furniture,498.87,9,0.28,4.1,3232.6776
10/12/2022,8,132,Electronics,487.84,7,0.08,2.1,3141.6896
10/13/2022,14,161,Grocery,483.53,1,0.1,2.9,435.177
10/14/2022,18,146,Clothing,180.71,14,0.07,4.7,2352.8442
10/15/2022,15,194,Electronics,495.72,2,0,4,991.44
10/16/2022,2,134,Furniture,233.18,8,0.21,1.2,1473.6976
10/17/2022,10,164,Electronics,427.4,11,0.18,1,3855.148
10/18/2022,2,171,Electronics,116,5,0.24,4.1,440.8
10/19/2022,17,175,Furniture,257.86,18,0.01,3.2,4595.0652
10/20/2022,8,182,Clothing,483.35,12,0.28,3.9,4176.144
10/21/2022,1,124,Furniture,474.05,19,0.1,1.6,8106.255
10/22/2022,9,156,Grocery,345.03,5,0.27,4.5,1259.3595
10/23/2022,11,131,Clothing,400.93,7,0.03,4.1,2722.3147
10/24/2022,16,162,Electronics,96.45,2,0.22,4.6,150.462
10/25/2022,7,111,Furniture,363.61,17,0.17,2.4,5130.5371
10/26/2022,10,162,Grocery,312.84,13,0.11,2.1,3619.5588
10/27/2022,3,176,Furniture,54.86,11,0.02,1.6,591.3908
10/28/2022,18,191,Clothing,65.45,5,0.18,4.7,268.345
10/29/2022,13,100,Grocery,63.14,13,0.01,1.7,812.6118
10/30/2022,7,150,Electronics,364.93,13,0.15,1.5,4032.4765
10/31/2022,4,169,Clothing,79.44,8,0.18,1.8,521.1264
11/01/2022,13,107,Grocery,239.19,11,0.22,4.1,2052.2502
11/02/2022,1,167,Clothing,184.92,8,0.3,4.6,1035.552
11/03/2022,8,104,Electronics,279.75,10,0.08,4.2,2573.7
11/04/2022,14,188,Grocery,356.17,11,0.1,3.3,3526.083
11/05/2022,16,185,Furniture,345.51,1,0.1,5,310.959
11/06/2022,14,191,Furniture,262.6,7,0.22,1.3,1433.796
11/07/2022,12,138,Electronics,237.52,8,0.28,4.5,1368.1152
11/08/2022,19,122,Grocery,204.93,6,0.29,2.7,873.0018
11/09/2022,15,167,Electronics,432.34,14,0.28,2.8,4357.9872
11/10/2022,2,151,Electronics,172.12,7,0.26,1.5,891.5816
11/11/2022,2,103,Clothing,137.09,3,0.3,1.1,287.889
11/12/2022,19,146,Furniture,374.22,2,0.11,2.3,666.1116
11/13/2022,17,120,Electronics,186.28,18,0.28,1.7,2414.1888
11/14/2022,10,155,Clothing,425.03,3,0.23,2.9,981.8193
11/15/2022,6,165,Electronics,170.67,14,0.05,1.6,2269.911
11/16/2022,15,158,Electronics,353.95,18,0.01,1.6,6307.389
11/17/2022,11,106,Electronics,32.1,13,0.06,4.5,392.262
11/18/2022,5,148,Furniture,198.93,8,0.23,4.7,1225.4088
11/19/2022,1,115,Grocery,178.18,4,0.19,4.9,577.3032
11/20/2022,8,116,Furniture,410.17,15,0.07,3.7,5721.8715
11/21/2022,12,183,Clothing,483.86,12,0.22,4.1,4528.9296
11/22/2022,12,186,Grocery,235.83,14,0.04,4.3,3169.5552
11/23/2022,5,197,Clothing,414.17,7,0.25,3.6,2174.3925
11/24/2022,7,174,Electronics,352.85,12,0.24,2.3,3217.992
11/25/2022,4,133,Grocery,484.02,9,0.29,1.6,3092.8878
11/26/2022,6,132,Clothing,407.44,10,0.05,1.9,3870.68
11/27/2022,13,125,Electronics,47.96,8,0.27,4.4,280.0864
11/28/2022,15,165,Clothing,359.51,2,0.1,3.8,647.118
11/29/2022,3,162,Clothing,272.39,16,0.12,2.8,3835.2512
11/30/2022,8,186,Furniture,18.05,18,0.14,1.1,279.414
12/01/2022,16,140,Electronics,133.14,10,0.19,2.1,1078.434
12/02/2022,13,185,Furniture,461.66,6,0.3,3.9,1938.972
12/03/2022,18,157,Grocery,463.77,6,0.18,3,2281.7484
12/04/2022,10,197,Electronics,401.44,13,0.28,2.7,3757.4784
12/05/2022,19,178,Furniture,491.07,19,0.08,2.3,8583.9036
12/06/2022,17,109,Furniture,405.21,17,0.12,3.4,6061.9416
12/07/2022,19,114,Grocery,15,2,0.15,4.9,25.5
12/08/2022,5,141,Clothing,151.04,18,0.1,4.6,2446.848
12/09/2022,9,192,Clothing,25.01,7,0.29,1.1,124.2997
12/10/2022,12,156,Clothing,56.11,14,0.22,2.9,612.7212
12/11/2022,1,186,Grocery,117.23,15,0.14,2.3,1512.267
12/12/2022,1,116,Furniture,256.74,8,0.23,3,1581.5184
12/13/2022,15,159,Electronics,425.29,9,0.14,3.4,3291.7446
12/14/2022,2,108,Grocery,432.36,11,0.01,1.8,4708.4004
12/15/2022,16,135,Clothing,311.94,3,0.16,4.1,786.0888
12/16/2022,8,172,Clothing,464.81,14,0.19,2.9,5270.9454
12/17/2022,13,179,Electronics,255.03,8,0.29,5,1448.5704
12/18/2022,1,135,Grocery,445.63,3,0.01,1.1,1323.5211
12/19/2022,16,147,Clothing,232.49,18,0.15,1.8,3557.097
12/20/2022,7,150,Grocery,145.84,14,0.03,3.8,1980.5072
12/21/2022,5,196,Furniture,459.04,8,0.04,3.8,3525.4272
12/22/2022,3,194,Grocery,200.09,17,0.18,3.3,2789.2546
12/23/2022,12,169,Furniture,256.67,8,0.07,4.9,1909.6248
12/24/2022,16,173,Electronics,171.14,5,0.22,2.7,667.446
12/25/2022,19,179,Furniture,334.79,12,0.15,2.7,3414.858
12/26/2022,5,167,Furniture,497.57,2,0.07,4.6,925.4802
12/27/2022,14,121,Electronics,22.5,17,0.15,3.2,325.125
12/28/2022,5,176,Clothing,450.93,13,0,2.4,5862.09
12/29/2022,15,179,Electronics,11.92,14,0.26,3.9,123.4912
12/30/2022,17,192,Grocery,188.47,9,0,3.5,1696.23
12/31/2022,14,105,Electronics,92.62,9,0,2.2,833.58
01/01/2023,5,125,Grocery,381.1,9,0.18,2.2,2812.518
01/02/2023,12,174,Clothing,34.8,6,0.29,2.6,148.248
01/03/2023,16,187,Grocery,281.21,12,0.26,1.3,2497.1448
01/04/2023,16,192,Electronics,154.51,10,0.08,4.8,1421.492
01/05/2023,7,102,Electronics,75.5,5,0.06,1.7,354.85
01/06/2023,4,151,Clothing,388.19,18,0.19,1.8,5659.8102
01/07/2023,1,173,Electronics,116.53,7,0.25,3.6,611.7825
01/08/2023,5,159,Clothing,119.6,13,0.11,3.9,1383.772
01/09/2023,10,162,Clothing,144.79,1,0.13,3.9,125.9673
01/10/2023,5,164,Electronics,297.52,6,0.03,2.5,1731.5664
01/11/2023,4,151,Furniture,333.24,8,0.05,4.5,2532.624
01/12/2023,2,189,Grocery,18.63,9,0.17,3.2,139.1661
01/13/2023,10,175,Furniture,128.52,7,0.03,2.8,872.6508
01/14/2023,19,113,Clothing,221.18,10,0.06,4.2,2079.092
01/15/2023,1,188,Grocery,172.67,8,0.07,2,1284.6648
01/16/2023,5,171,Furniture,443.24,2,0.13,4.4,771.2376
01/17/2023,13,167,Electronics,395.98,18,0.01,3.2,7056.3636
01/18/2023,4,127,Furniture,316.69,15,0.15,4.6,4037.7975
01/19/2023,16,170,Grocery,175.64,6,0.28,1.8,758.7648
01/20/2023,16,109,Grocery,353.33,14,0.01,4.7,4897.1538
01/21/2023,2,156,Grocery,423.38,18,0.19,3.8,6172.8804
01/22/2023,17,199,Grocery,301.47,3,0.25,3.5,678.3075
01/23/2023,12,165,Furniture,394.39,1,0.09,2.7,358.8949
01/24/2023,18,189,Electronics,377.06,1,0.04,4.8,361.9776
01/25/2023,3,149,Electronics,290.15,14,0.01,2.8,4021.479
01/26/2023,1,113,Grocery,162.97,1,0.19,3,132.0057
01/27/2023,1,115,Electronics,375.43,1,0.17,4.1,311.6069
01/28/2023,19,153,Furniture,111.33,4,0.07,2.1,414.1476
01/29/2023,11,142,Electronics,391.95,12,0.25,2.2,3527.55
01/30/2023,5,141,Clothing,404.23,15,0.22,4.1,4729.491
01/31/2023,12,180,Electronics,412.85,4,0.08,1.5,1519.288
02/01/2023,3,121,Grocery,241.73,10,0.23,4.3,1861.321
02/02/2023,1,167,Electronics,104.32,11,0.07,3.5,1067.1936
02/03/2023,1,118,Electronics,58.86,6,0.2,3.2,282.528
02/04/2023,8,165,Electronics,374.25,10,0.04,1.9,3592.8
02/05/2023,10,138,Electronics,444.27,12,0.21,4.1,4211.6796
02/06/2023,11,172,Clothing,328.91,3,0.07,4.2,917.6589
02/07/2023,12,118,Furniture,80.64,15,0.17,2.9,1003.968
02/08/2023,13,115,Grocery,468.1,16,0.05,2.6,7115.12
02/09/2023,12,153,Grocery,494.66,10,0.22,2,3858.348
02/10/2023,14,124,Electronics,222.36,11,0.02,4,2397.0408
02/11/2023,2,117,Furniture,301.46,16,0.05,3.6,4582.192
02/12/2023,19,122,Electronics,390.84,17,0.06,1.8,6245.6232
02/13/2023,18,184,Clothing,370.83,14,0.01,4.2,5139.7038
02/14/2023,3,110,Furniture,484.22,16,0.22,4.5,6043.0656
02/15/2023,17,138,Furniture,66.29,14,0.29,1.2,658.9226
02/16/2023,8,167,Furniture,294.56,6,0.23,4.1,1360.8672
02/17/2023,10,124,Furniture,349.05,10,0.26,4.4,2582.97
02/18/2023,2,162,Electronics,446.15,17,0,5,7584.55
02/19/2023,19,195,Clothing,438.31,10,0.04,2,4207.776
02/20/2023,9,129,Furniture,489.22,10,0.17,2.5,4060.526
02/21/2023,7,144,Grocery,260.92,14,0.29,4.9,2593.5448
02/22/2023,4,189,Grocery,417.07,17,0.2,1.4,5672.152
02/23/2023,18,160,Clothing,219.37,9,0.11,3.1,1757.1537
02/24/2023,13,199,Grocery,216.93,15,0.04,3,3123.792
02/25/2023,11,150,Electronics,134.14,7,0.05,3.4,892.031
02/26/2023,4,197,Electronics,410.94,2,0.11,2.3,731.4732
02/27/2023,4,108,Clothing,493.05,4,0.21,4.7,1558.038
02/28/2023,10,175,Furniture,135.61,18,0.01,2.1,2416.5702
03/01/2023,5,101,Grocery,37.5,11,0.26,3.6,305.25
03/02/2023,9,104,Grocery,409.62,5,0.28,3,1474.632
03/03/2023,3,161,Clothing,313.91,8,0.27,2.1,1833.2344
03/04/2023,17,168,Clothing,480.25,5,0.27,1.8,1752.9125
03/05/2023,3,151,Grocery,133.6,2,0,4.8,267.2
03/06/2023,16,185,Furniture,44.8,5,0.29,3.2,159.04
03/07/2023,4,104,Clothing,251.3,3,0.11,3.4,670.971
03/08/2023,18,158,Electronics,51.88,12,0.26,4.1,460.6944
03/09/2023,17,167,Grocery,138.28,19,0.06,1.3,2469.6808
03/10/2023,7,108,Clothing,71.73,7,0.13,3.9,436.8357
03/11/2023,5,192,Clothing,119.82,19,0.01,1.7,2253.8142
03/12/2023,12,121,Clothing,62.01,4,0.01,4,245.5596
03/13/2023,17,126,Grocery,477.41,14,0.28,1.6,4812.2928
03/14/2023,13,109,Electronics,146.5,19,0.24,4.3,2115.46
03/15/2023,3,179,Electronics,227.51,18,0.16,3.7,3439.9512
03/16/2023,9,160,Grocery,450.32,7,0.16,2.5,2647.8816
03/17/2023,17,150,Clothing,341.89,15,0.22,2.4,4000.113
03/18/2023,17,109,Grocery,312.84,1,0.1,1.6,281.556
03/19/2023,16,105,Grocery,355.73,12,0.23,4.6,3286.9452
03/20/2023,13,161,Clothing,416.12,19,0.15,1.5,6720.338
03/21/2023,19,104,Grocery,440.06,6,0.19,2.9,2138.6916
03/22/2023,17,169,Furniture,324.89,13,0.29,1.9,2998.7347
03/23/2023,4,162,Electronics,446.1,6,0.14,5,2301.876
03/24/2023,12,155,Furniture,272.34,13,0.13,3.3,3080.1654
03/25/2023,9,158,Furniture,145.87,15,0.27,1.6,1597.2765
03/26/2023,19,162,Furniture,441.24,16,0.27,3.7,5153.6832
03/27/2023,12,188,Grocery,275.32,8,0.3,5,1541.792
03/28/2023,9,158,Clothing,454.01,13,0.17,3.4,4898.7679
03/29/2023,7,150,Grocery,29.68,13,0.1,2.8,347.256
03/30/2023,14,149,Electronics,204.78,12,0.07,2.2,2285.3448
03/31/2023,19,103,Grocery,474.42,19,0.01,1.4,8923.8402
04/01/2023,15,147,Grocery,132.33,17,0.22,1.9,1754.6958
04/02/2023,16,131,Grocery,471.35,3,0.07,3.2,1315.0665
04/03/2023,5,150,Grocery,477.41,15,0.18,4,5872.143
04/04/2023,3,151,Furniture,442.25,17,0.27,4.5,5488.3225
04/05/2023,12,198,Clothing,286.2,6,0.29,4.2,1219.212
04/06/2023,4,173,Electronics,327,19,0,1.5,6213
04/07/2023,16,133,Electronics,436.11,12,0.1,4.1,4709.988
04/08/2023,7,135,Electronics,390.19,4,0.25,3.3,1170.57
04/09/2023,13,169,Grocery,318.75,12,0.16,2.9,3213
04/10/2023,10,142,Electronics,491.31,2,0.24,3.3,746.7912
04/11/2023,7,115,Furniture,345.98,7,0.26,1,1792.1764
04/12/2023,14,158,Clothing,487.99,16,0.13,1.3,6792.8208
04/13/2023,5,152,Grocery,38.12,12,0.11,3.1,407.1216
04/14/2023,3,118,Grocery,78.09,16,0.14,1.7,1074.5184
04/15/2023,11,197,Furniture,231.21,14,0.2,3.2,2589.552
04/16/2023,11,188,Electronics,198.59,1,0.11,2.4,176.7451
04/17/2023,18,194,Grocery,393.54,9,0.23,4.6,2727.2322
04/18/2023,15,140,Grocery,88.7,7,0.27,4.8,453.257
04/19/2023,12,180,Furniture,488.29,5,0.08,4.9,2246.134
04/20/2023,9,146,Furniture,164.38,10,0.29,4.6,1167.098
04/21/2023,10,193,Electronics,220.17,10,0.19,4.9,1783.377
04/22/2023,12,153,Clothing,144.63,18,0.26,3.8,1926.4716
04/23/2023,17,154,Clothing,293.89,7,0.03,4.8,1995.5131
04/24/2023,6,194,Electronics,38.73,18,0.08,3.6,641.3688
04/25/2023,7,118,Clothing,83.34,13,0.1,4.2,975.078
04/26/2023,14,161,Furniture,375.44,11,0.09,1.5,3758.1544
04/27/2023,13,198,Furniture,101.39,10,0.05,3.7,963.205
04/28/2023,8,192,Furniture,125.4,9,0.26,4.7,835.164
04/29/2023,10,158,Clothing,398.56,15,0.13,3.2,5201.208
04/30/2023,9,164,Clothing,55.72,14,0.29,1.7,553.8568
05/01/2023,18,167,Grocery,224.36,3,0.18,3.1,551.9256
05/02/2023,2,127,Grocery,21.3,14,0.04,3.8,286.272
05/03/2023,5,117,Grocery,179.94,16,0.16,4.1,2418.3936
05/04/2023,5,125,Clothing,352.5,3,0.3,3.1,740.25
05/05/2023,6,118,Grocery,54.15,8,0.17,1.9,359.556
05/06/2023,19,154,Furniture,445.28,2,0,4.7,890.56
05/07/2023,8,156,Clothing,455.65,2,0.28,4.1,656.136
05/08/2023,16,105,Electronics,61.45,18,0.07,2.1,1028.673
05/09/2023,13,100,Clothing,495.46,7,0.21,4.2,2739.8938
05/10/2023,1,107,Grocery,155.79,17,0.15,2.4,2251.1655
05/11/2023,17,196,Clothing,51.21,6,0.1,2.2,276.534
05/12/2023,7,150,Grocery,12.48,10,0.08,4.5,114.816
05/13/2023,13,184,Grocery,210.18,7,0.28,4.5,1059.3072
05/14/2023,4,187,Electronics,318.61,4,0.27,2.6,930.3412
05/15/2023,4,124,Electronics,172.77,11,0.15,1,1615.3995
05/16/2023,6,146,Furniture,419.99,16,0.08,1.7,6182.2528
05/17/2023,19,154,Grocery,361.14,17,0.03,4.6,5955.1986
05/18/2023,12,163,Clothing,181.58,6,0.05,4.6,1035.006
05/19/2023,7,182,Electronics,369.81,19,0.16,2.8,5902.1676
05/20/2023,10,192,Electronics,470.84,18,0.09,2.2,7712.3592
05/21/2023,19,109,Grocery,55.62,15,0.01,2.2,825.957
05/22/2023,7,155,Clothing,159.99,2,0.14,4.6,275.1828
05/23/2023,3,111,Electronics,237.03,19,0.22,2.3,3512.7846
05/24/2023,13,132,Electronics,254.02,6,0.27,3,1112.6076
05/25/2023,13,170,Clothing,275.68,12,0.18,3.9,2712.6912
05/26/2023,18,116,Electronics,157.31,1,0.22,1.8,122.7018
05/27/2023,8,160,Clothing,336.96,11,0.11,2,3298.8384
05/28/2023,9,109,Grocery,326.09,19,0.15,2.4,5266.3535
05/29/2023,7,130,Electronics,293.13,4,0.22,3.6,914.5656
05/30/2023,1,159,Grocery,65.74,19,0.22,4.3,974.2668
05/31/2023,3,169,Clothing,243.71,6,0.13,3.2,1272.1662
06/01/2023,13,116,Grocery,184.55,8,0.16,1.5,1240.176
06/02/2023,17,149,Grocery,250.61,9,0.28,2.8,1623.9528
06/03/2023,1,136,Grocery,461.71,10,0.19,1.5,3739.851
06/04/2023,6,181,Furniture,245.46,10,0.19,1.4,1988.226
06/05/2023,6,161,Clothing,16.85,10,0.24,3.4,128.06
06/06/2023,12,189,Clothing,225.03,4,0.03,4.8,873.1164
06/07/2023,13,179,Clothing,412.12,18,0.16,4.4,6231.2544
06/08/2023,13,171,Clothing,392.23,12,0.29,4.1,3341.7996
06/09/2023,15,187,Clothing,261.56,11,0.11,3.9,2560.6724
06/10/2023,16,176,Electronics,132.39,16,0.09,4.6,1927.5984
06/11/2023,11,128,Electronics,237.89,19,0.18,4,3706.3262
06/12/2023,5,131,Electronics,286.21,11,0.07,3.5,2927.9283
06/13/2023,4,187,Grocery,499.94,4,0.17,2.5,1659.8008
06/14/2023,3,179,Grocery,325.65,12,0.05,1.4,3712.41
06/15/2023,19,110,Clothing,350.19,17,0.17,2.8,4941.1809
06/16/2023,18,195,Furniture,250.81,13,0.18,4.7,2673.6346
06/17/2023,15,105,Clothing,183.7,4,0.13,3.3,639.276
06/18/2023,9,134,Electronics,408.35,6,0.11,1.7,2180.589
06/19/2023,17,132,Clothing,252.52,7,0.07,3.6,1643.9052
06/20/2023,14,117,Grocery,497.4,8,0.1,2.9,3581.28
06/21/2023,15,136,Clothing,233.99,2,0.15,4.7,397.783
06/22/2023,1,112,Electronics,43.32,9,0.07,1.6,362.5884
06/23/2023,3,173,Clothing,344.46,10,0.23,3.8,2652.342
06/24/2023,16,189,Grocery,32.85,19,0.21,3.7,493.0785
06/25/2023,11,180,Furniture,132.75,1,0.08,4.9,122.13
06/26/2023,12,163,Electronics,183.33,16,0.03,3.3,2845.2816
06/27/2023,10,100,Clothing,372.35,18,0,4.5,6702.3
06/28/2023,16,162,Grocery,252.18,8,0.18,1.1,1654.3008
06/29/2023,8,188,Electronics,24.04,10,0.06,1.5,225.976
06/30/2023,6,133,Electronics,312.26,11,0,2.4,3434.86
07/01/2023,12,109,Grocery,211.6,17,0.11,3.5,3201.508
07/02/2023,8,183,Clothing,461.7,7,0.29,2.8,2294.649
07/03/2023,4,106,Clothing,254.79,3,0.21,1.8,603.8523
07/04/2023,8,155,Clothing,357.4,7,0.26,3.4,1851.332
07/05/2023,18,179,Electronics,117.25,6,0.04,3.3,675.36
07/06/2023,5,136,Furniture,382.88,3,0.02,3.1,1125.6672
07/07/2023,9,128,Electronics,363.27,8,0,1.4,2906.16
07/08/2023,4,111,Clothing,453,1,0.29,4.7,321.63
07/09/2023,17,116,Electronics,26.57,5,0.09,3.4,120.8935
07/10/2023,9,147,Furniture,229.28,19,0.14,2.1,3746.4352
07/11/2023,1,183,Electronics,342.79,13,0.12,3.7,3921.5176
07/12/2023,13,125,Grocery,56.63,11,0.22,2.3,485.8854
07/13/2023,16,182,Clothing,211.2,11,0.09,3,2114.112
07/14/2023,13,111,Clothing,471.65,2,0.16,2.4,792.372
07/15/2023,14,120,Clothing,223.61,9,0.3,4.5,1408.743
07/16/2023,3,141,Electronics,492.85,2,0.13,5,857.559
07/17/2023,6,160,Electronics,37.85,19,0.17,1.6,596.8945
07/18/2023,18,157,Electronics,361.74,12,0.15,1.1,3689.748
07/19/2023,19,153,Clothing,294.7,9,0.24,1.9,2015.748
07/20/2023,5,133,Electronics,255.26,9,0.08,3.4,2113.5528
07/21/2023,15,106,Clothing,485.72,10,0.05,1.7,4614.34
07/22/2023,2,134,Electronics,73.53,5,0.23,4.2,283.0905
07/23/2023,10,114,Clothing,449.04,9,0.12,2.6,3556.3968
07/24/2023,18,164,Grocery,348.71,18,0.27,3.4,4582.0494
07/25/2023,13,189,Electronics,136.91,10,0.19,2.8,1108.971
07/26/2023,5,198,Clothing,451.82,17,0.17,4.6,6375.1802
07/27/2023,1,124,Grocery,220.35,10,0.02,1.1,2159.43
07/28/2023,1,158,Grocery,408.97,14,0.22,3.9,4465.9524
07/29/2023,18,178,Furniture,200.53,4,0.21,3.6,633.6748
07/30/2023,15,185,Electronics,426.96,10,0.19,3.6,3458.376
07/31/2023,17,105,Clothing,321.95,18,0.08,2.7,5331.492
08/01/2023,11,151,Furniture,79.11,5,0.28,1.1,284.796
08/02/2023,17,178,Electronics,328.33,9,0.1,3.8,2659.473
08/03/2023,13,187,Grocery,103.76,6,0.05,4.3,591.432
08/04/2023,1,120,Electronics,211.84,16,0.3,1.3,2372.608
08/05/2023,2,170,Clothing,93.44,16,0.22,2.8,1166.1312
08/06/2023,9,192,Grocery,20.79,11,0.12,1.7,201.2472
08/07/2023,3,195,Furniture,113.82,15,0.28,3.4,1229.256
08/08/2023,1,131,Electronics,272.82,19,0.03,4.1,5028.0726
08/09/2023,16,152,Electronics,245.96,3,0.03,3.7,715.7436
08/10/2023,6,158,Furniture,255.73,16,0.2,2.3,3273.344
08/11/2023,17,168,Electronics,131.37,5,0.05,1.6,624.0075
08/12/2023,5,161,Electronics,345.73,9,0.28,4.2,2240.3304
08/13/2023,5,103,Electronics,355.09,5,0.25,2.3,1331.5875
08/14/2023,6,185,Grocery,185.4,4,0.09,1.1,674.856
08/15/2023,3,117,Grocery,441.77,13,0.27,3.3,4192.3973
08/16/2023,5,198,Clothing,325.57,17,0.01,2,5479.3431
08/17/2023,5,180,Electronics,359.39,12,0.16,4.4,3622.6512
08/18/2023,10,155,Clothing,145.9,7,0.28,1.6,735.336
08/19/2023,10,123,Grocery,10.3,1,0.26,2.7,7.622
08/20/2023,19,165,Electronics,434.03,16,0.11,2,6180.5872
08/21/2023,17,112,Clothing,412.99,7,0.05,3.8,2746.3835
08/22/2023,14,161,Electronics,70.36,2,0.06,3.2,132.2768
08/23/2023,9,153,Electronics,193.31,12,0.15,4.2,1971.762
08/24/2023,14,114,Furniture,334.06,11,0.18,2.8,3013.2212
08/25/2023,1,168,Clothing,329.53,8,0.01,1,2609.8776
08/26/2023,19,102,Grocery,431.57,1,0.12,1.9,379.7816
08/27/2023,13,136,Clothing,78.73,3,0.25,5,177.1425
08/28/2023,13,136,Clothing,220.67,8,0.13,2.6,1535.8632
08/29/2023,4,102,Clothing,57.64,8,0.05,3.5,438.064
08/30/2023,1,162,Furniture,200.9,11,0.29,4.6,1569.029
08/31/2023,17,134,Electronics,17.4,5,0.08,1.1,80.04
09/01/2023,8,151,Grocery,450.15,8,0.24,3.6,2736.912
09/02/2023,2,186,Furniture,268.25,9,0.06,2.2,2269.395
09/03/2023,8,127,Grocery,426.4,17,0.13,2.1,6306.456
09/04/2023,7,193,Furniture,39.35,5,0.15,1.9,167.2375
09/05/2023,2,117,Electronics,121.45,19,0.15,4.3,1961.4175
09/06/2023,3,135,Grocery,137.1,19,0.15,2.5,2214.165
09/07/2023,18,132,Clothing,199.48,2,0.07,1.3,371.0328
09/08/2023,12,163,Furniture,403.4,19,0.15,1.4,6514.91
09/09/2023,1,125,Grocery,199.41,15,0.14,1.6,2572.389
09/10/2023,12,147,Electronics,110.28,8,0.06,4.6,829.3056
09/11/2023,5,139,Grocery,41.85,8,0.3,2.7,234.36
09/12/2023,17,116,Furniture,48.95,1,0.26,4.7,36.223
09/13/2023,16,139,Electronics,382.42,14,0.27,4.3,3908.3324
09/14/2023,15,106,Clothing,227.95,11,0.21,4.4,1980.8855
09/15/2023,15,156,Furniture,365.83,7,0.05,2.1,2432.7695
09/16/2023,5,107,Furniture,344.32,18,0.17,2.1,5144.1408
09/17/2023,14,155,Electronics,76.33,15,0.25,3.2,858.7125
09/18/2023,2,130,Furniture,80.02,10,0.01,2.7,792.198
09/19/2023,11,158,Grocery,380.12,4,0.15,3,1292.408
09/20/2023,19,157,Clothing,363.42,1,0.12,1.2,319.8096
09/21/2023,7,111,Grocery,195.24,14,0.06,4.9,2569.3584
09/22/2023,6,147,Electronics,47.94,9,0.11,1.2,383.9994
09/23/2023,2,130,Furniture,15.93,13,0.3,1.7,144.963
09/24/2023,6,182,Clothing,151.2,17,0.22,3.7,2004.912
09/25/2023,18,162,Electronics,14.52,4,0.09,1.6,52.8528
09/26/2023,2,173,Grocery,122.74,5,0.18,1.4,503.234
09/27/2023,18,138,Furniture,215.56,18,0.07,1.6,3608.4744
09/28/2023,15,175,Furniture,69.49,17,0.18,1.2,968.6906
09/29/2023,19,119,Electronics,61.1,7,0.27,2,312.221
09/30/2023,2,147,Grocery,449.25,10,0.17,2.1,3728.775
10/01/2023,6,170,Furniture,296.88,9,0.22,3,2084.0976
10/02/2023,1,153,Grocery,467.88,13,0.14,2.8,5230.8984
10/03/2023,15,177,Clothing,179.45,18,0.16,2.9,2713.284
10/04/2023,10,174,Furniture,341.8,12,0.21,3.5,3240.264
10/05/2023,19,170,Clothing,110.3,8,0.24,1.9,670.624
10/06/2023,17,128,Furniture,312.99,18,0.2,1.5,4507.056
10/07/2023,5,173,Electronics,73.5,5,0.29,4.5,260.925
10/08/2023,4,192,Furniture,11.02,7,0.25,3.5,57.855
10/09/2023,10,172,Furniture,466.45,15,0.23,1.2,5387.4975
10/10/2023,17,199,Grocery,281.9,3,0.25,4.8,634.275
10/11/2023,10,147,Grocery,464.2,18,0.08,3.8,7687.152
10/12/2023,17,173,Clothing,173.58,6,0.13,1.6,906.0876
10/13/2023,5,182,Clothing,170.62,6,0.17,4.9,849.6876
10/14/2023,2,155,Clothing,206.32,1,0.14,2.5,177.4352
10/15/2023,6,194,Furniture,355.96,17,0.25,4.9,4538.49
10/16/2023,2,116,Furniture,287.25,11,0.01,1.4,3128.1525
10/17/2023,13,108,Clothing,463.42,2,0.06,1.6,871.2296
10/18/2023,11,196,Electronics,22.47,9,0.26,3.6,149.6502
10/19/2023,11,133,Electronics,357.02,19,0.02,1.1,6647.7124
10/20/2023,16,144,Furniture,171.86,6,0.07,1.1,958.9788
10/21/2023,11,187,Electronics,98.31,7,0.11,4.2,612.4713
10/22/2023,19,108,Electronics,260.09,4,0.23,1.7,801.0772
10/23/2023,15,106,Clothing,257.48,3,0.17,4.7,641.1252
10/24/2023,16,115,Electronics,77.14,2,0.29,2.7,109.5388
10/25/2023,11,118,Electronics,108.93,10,0.07,4.5,1013.049
10/26/2023,16,105,Furniture,210,10,0.26,2.7,1554
10/27/2023,8,110,Furniture,210.32,17,0.08,3.1,3289.4048
10/28/2023,4,175,Furniture,165.6,16,0.07,2.3,2464.128
10/29/2023,8,160,Electronics,82.79,1,0.15,3.6,70.3715
10/30/2023,4,141,Clothing,12.14,12,0.02,2.3,142.7664
10/31/2023,3,112,Grocery,485.42,10,0.12,1.9,4271.696
11/01/2023,3,111,Furniture,472.31,1,0.11,1.3,420.3559
11/02/2023,18,184,Furniture,246.99,16,0.05,1.2,3754.248
11/03/2023,19,173,Furniture,497.58,11,0.26,2.2,4050.3012
11/04/2023,19,119,Clothing,340.09,4,0.12,3.9,1197.1168
11/05/2023,5,149,Grocery,43.74,3,0.29,1.8,93.1662
11/06/2023,18,135,Grocery,67.68,13,0.27,2.2,642.2832
11/07/2023,10,191,Furniture,458.89,15,0.06,4.6,6470.349
11/08/2023,6,187,Electronics,318.73,10,0.15,3.6,2709.205
11/09/2023,1,168,Furniture,423.16,6,0.18,4.7,2081.9472
11/10/2023,5,136,Furniture,450.15,11,0.25,4.6,3713.7375
11/11/2023,9,111,Electronics,229.49,1,0.27,1.3,167.5277
11/12/2023,12,198,Electronics,33.78,4,0.19,4.8,109.4472
11/13/2023,14,139,Furniture,102.26,10,0.01,1.2,1012.374
11/14/2023,2,153,Clothing,42.62,15,0.14,4.7,549.798
11/15/2023,17,101,Clothing,102.48,1,0.27,3.2,74.8104
11/16/2023,14,149,Electronics,211.16,15,0.21,3.1,2502.246
11/17/2023,13,140,Furniture,67.92,3,0.26,3.9,150.7824
11/18/2023,9,144,Clothing,91.7,1,0.2,4.5,73.36
11/19/2023,15,108,Furniture,228.45,6,0.01,3.5,1356.993
11/20/2023,15,161,Furniture,176.68,19,0.29,2.7,2383.4132
11/21/2023,11,185,Furniture,239.15,4,0.28,1.4,688.752
11/22/2023,16,146,Clothing,220.29,12,0.04,4.2,2537.7408
11/23/2023,17,104,Grocery,325.79,2,0.03,1.5,632.0326
11/24/2023,4,175,Furniture,469.22,17,0.16,3.9,6700.4616
11/25/2023,1,100,Clothing,62.85,6,0.23,3.1,290.367
11/26/2023,8,143,Grocery,58.64,12,0.11,2.5,626.2752
11/27/2023,17,121,Electronics,427.87,15,0.04,3.5,6161.328
11/28/2023,3,137,Clothing,258.13,17,0.15,4.1,3729.9785
11/29/2023,15,118,Grocery,385.54,1,0.1,4.8,346.986
11/30/2023,15,179,Clothing,115.56,14,0.11,2.1,1439.8776
12/01/2023,14,130,Grocery,416.14,2,0.19,4.8,674.1468
12/02/2023,14,166,Grocery,462.68,4,0.27,4.8,1351.0256
12/03/2023,2,186,Clothing,321.39,2,0.17,4.3,533.5074
12/04/2023,13,141,Electronics,61.88,14,0.21,4.5,684.3928
12/05/2023,14,181,Furniture,448.69,18,0.2,3.8,6461.136
12/06/2023,19,125,Grocery,398.32,8,0.17,1.2,2644.8448
12/07/2023,7,112,Furniture,377.93,1,0.09,3.3,343.9163
12/08/2023,3,157,Electronics,28,16,0.11,4,398.72
12/09/2023,15,117,Furniture,401.49,7,0.09,4.8,2557.4913
12/10/2023,14,166,Furniture,77.6,6,0.28,3.3,335.232
12/11/2023,11,186,Clothing,118.97,19,0.25,4.2,1695.3225
12/12/2023,15,102,Clothing,292.8,10,0.17,3.8,2430.24
12/13/2023,13,154,Electronics,139.84,6,0.27,2.1,612.4992
12/14/2023,18,188,Clothing,334.06,10,0.27,1.6,2438.638
12/15/2023,6,190,Grocery,307.95,19,0.28,4,4212.756
12/16/2023,3,157,Electronics,62.99,3,0.07,1.9,175.7421
12/17/2023,19,162,Clothing,331.45,3,0.22,2,775.593
12/18/2023,15,190,Clothing,462.74,6,0.18,3.6,2276.6808
12/19/2023,5,151,Electronics,88.94,17,0.22,4.2,1179.3444
12/20/2023,10,188,Grocery,302.56,18,0.08,3.3,5010.3936
12/21/2023,7,123,Electronics,177.51,10,0.21,4.5,1402.329
12/22/2023,17,171,Clothing,235.21,6,0.12,1.8,1241.9088
12/23/2023,7,108,Clothing,150.63,13,0.25,2,1468.6425
12/24/2023,12,136,Electronics,183.52,6,0.24,3.5,836.8512
12/25/2023,17,193,Grocery,24.17,12,0.06,4.3,272.6376
12/26/2023,13,182,Grocery,490.96,14,0.06,3.2,6461.0336
12/27/2023,4,152,Furniture,316.15,17,0.22,1,4192.149
12/28/2023,10,179,Grocery,255.35,8,0.17,3.7,1695.524
12/29/2023,3,123,Electronics,198.02,5,0.17,4.3,821.783
12/30/2023,9,120,Grocery,274.29,4,0.23,2.1,844.8132
12/31/2023,13,199,Grocery,196.25,6,0.26,1.2,871.35
01/01/2024,18,139,Furniture,186.35,11,0.07,3.1,1906.3605
01/02/2024,15,161,Grocery,237.33,5,0.17,1.2,984.9195
01/03/2024,4,169,Furniture,145.23,14,0.25,2.7,1524.915
01/04/2024,15,168,Furniture,98.22,10,0.26,1.1,726.828
01/05/2024,2,113,Grocery,282.74,11,0.09,1.9,2830.2274
01/06/2024,15,141,Clothing,422.96,3,0.03,2.6,1230.8136
01/07/2024,8,149,Electronics,84.89,8,0.07,1.4,631.5816
01/08/2024,8,160,Electronics,26.04,5,0.28,1.5,93.744
01/09/2024,17,103,Grocery,130.94,10,0.14,4.3,1126.084
01/10/2024,12,171,Electronics,490.06,8,0.13,1.2,3410.8176
01/11/2024,19,187,Electronics,416.09,9,0,3.8,3744.81
01/12/2024,10,174,Furniture,301.97,15,0.02,4.3,4438.959
01/13/2024,9,116,Clothing,465.33,1,0.2,1.5,372.264
01/14/2024,5,184,Electronics,228.19,5,0.18,1.8,935.579
01/15/2024,6,156,Clothing,491.81,15,0.17,3.6,6123.0345
01/16/2024,2,189,Electronics,155.19,4,0.03,2.3,602.1372
01/17/2024,13,147,Clothing,127.75,19,0.11,2.9,2160.2525
01/18/2024,6,143,Clothing,322.64,10,0.24,4.3,2452.064
01/19/2024,5,144,Electronics,195.3,2,0.05,1.6,371.07
01/20/2024,1,190,Furniture,316.92,5,0.26,3.5,1172.604
01/21/2024,6,179,Clothing,159.45,18,0.04,4.8,2755.296
01/22/2024,6,189,Clothing,312.78,6,0.05,1.2,1782.846
01/23/2024,16,132,Electronics,145.12,10,0.14,1.2,1248.032
01/24/2024,4,130,Clothing,34.98,15,0.28,3.2,377.784
01/25/2024,11,146,Clothing,456.95,9,0.1,4.8,3701.295
01/26/2024,9,105,Furniture,442.77,13,0.2,1.9,4604.808
01/27/2024,3,171,Clothing,485.69,18,0.18,2.3,7168.7844
01/28/2024,19,170,Furniture,361.1,7,0.04,1.4,2426.592
01/29/2024,8,133,Clothing,344.53,2,0.07,2.4,640.8258
01/30/2024,5,152,Clothing,283.91,16,0.28,1.2,3270.6432
01/31/2024,4,113,Furniture,71.71,2,0.06,2.6,134.8148
02/01/2024,6,115,Furniture,102.73,4,0.21,3.2,324.6268
02/02/2024,2,142,Grocery,151.84,2,0.29,4.9,215.6128
02/03/2024,11,172,Clothing,446.18,17,0.04,4.3,7281.6576
02/04/2024,4,173,Furniture,94.76,6,0.12,4.3,500.3328
02/05/2024,15,180,Clothing,462.21,10,0.07,1.9,4298.553
02/06/2024,6,111,Clothing,266.17,14,0.07,1.3,3465.5334
02/07/2024,17,169,Clothing,360.63,15,0.04,3.4,5193.072
02/08/2024,6,118,Electronics,64.02,12,0.19,3.1,622.2744
02/09/2024,19,140,Grocery,141.83,19,0.22,3.1,2101.9206
02/10/2024,2,152,Electronics,479.67,11,0.2,1.4,4221.096
02/11/2024,15,128,Grocery,140.41,1,0.28,3,101.0952
02/12/2024,11,169,Clothing,155.3,8,0.04,1.6,1192.704
02/13/2024,8,158,Clothing,106.82,6,0.1,2.7,576.828
02/14/2024,19,188,Furniture,73.25,12,0.1,1.2,791.1
02/15/2024,13,163,Grocery,124.3,16,0.07,4.4,1849.584
02/16/2024,12,123,Grocery,324.74,18,0.04,1.1,5611.5072
02/17/2024,5,188,Electronics,233.13,12,0.15,4.8,2377.926
02/18/2024,6,115,Grocery,281.34,2,0.25,4.5,422.01
02/19/2024,4,151,Clothing,69.96,7,0.29,4,347.7012
02/20/2024,19,179,Furniture,403.04,9,0.04,4.9,3482.2656
02/21/2024,1,105,Electronics,394.21,18,0.25,1.2,5321.835
02/22/2024,17,136,Furniture,20.58,9,0.25,3.6,138.915
02/23/2024,12,184,Grocery,197.92,8,0.12,4.4,1393.3568
02/24/2024,15,103,Grocery,43.7,1,0.03,1.5,42.389
02/25/2024,1,197,Electronics,398.13,5,0.3,3.3,1393.455
02/26/2024,14,191,Grocery,371.26,16,0.2,2.6,4752.128
02/27/2024,6,137,Furniture,451.97,14,0.29,2.7,4492.5818
02/28/2024,5,140,Clothing,125.84,13,0.15,4.7,1390.532
02/29/2024,11,191,Electronics,233.58,11,0.12,3.2,2261.0544
03/01/2024,4,180,Grocery,100.4,13,0.07,1.4,1213.836
03/02/2024,13,113,Furniture,191.91,15,0.3,4.7,2015.055
03/03/2024,11,170,Clothing,265.9,16,0.08,1.7,3914.048
03/04/2024,3,185,Grocery,36.13,13,0.01,4.6,464.9931
03/05/2024,1,150,Electronics,360.29,8,0.15,4.9,2449.972
03/06/2024,6,164,Grocery,276.21,18,0.11,4.5,4424.8842
03/07/2024,18,192,Grocery,416.19,19,0.08,3.7,7275.0012
03/08/2024,10,151,Grocery,143.17,15,0.19,4,1739.5155
03/09/2024,5,194,Clothing,452.63,10,0.11,3.8,4028.407
03/10/2024,10,129,Clothing,499.36,4,0.12,2.8,1757.7472
03/11/2024,12,156,Grocery,460.46,6,0.01,2.1,2735.1324
03/12/2024,2,178,Grocery,391.17,8,0.18,2.1,2566.0752
03/13/2024,13,181,Electronics,408.06,7,0.04,3.9,2742.1632
03/14/2024,8,198,Grocery,291.13,12,0.06,3.5,3283.9464
03/15/2024,2,129,Furniture,103.18,18,0.22,3.3,1448.6472
03/16/2024,1,197,Furniture,341.75,18,0.09,3.6,5597.865
03/17/2024,5,141,Electronics,359.25,19,0.05,4.1,6484.4625
03/18/2024,9,110,Clothing,492.84,4,0.17,4,1636.2288
03/19/2024,17,126,Grocery,275.24,1,0.06,1.4,258.7256
03/20/2024,9,123,Electronics,142.97,5,0.08,2.5,657.662
03/21/2024,11,198,Clothing,345,7,0.19,2.1,1956.15
03/22/2024,15,138,Electronics,489.89,11,0.22,3.2,4203.2562
03/23/2024,6,171,Clothing,96.83,11,0.22,1.2,830.8014
03/24/2024,3,117,Grocery,169.74,10,0.14,4,1459.764
03/25/2024,17,176,Electronics,275.52,7,0.14,1.4,1658.6304
03/26/2024,5,144,Grocery,93.41,16,0.24,2.1,1135.8656
03/27/2024,12,187,Electronics,20.89,1,0.06,4.1,19.6366
03/28/2024,18,186,Clothing,175.12,1,0.05,1.2,166.364
03/29/2024,14,111,Electronics,434.03,12,0.2,3.6,4166.688
03/30/2024,11,148,Furniture,31.3,16,0.12,4.7,440.704
03/31/2024,9,193,Furniture,220.18,5,0.21,3.5,869.711
04/01/2024,2,130,Electronics,383.48,14,0.08,3.9,4939.2224
04/02/2024,12,191,Furniture,477.06,18,0.1,4.2,7728.372
04/03/2024,3,121,Grocery,492.88,9,0.27,1.9,3238.2216
04/04/2024,3,143,Furniture,216.76,2,0.13,3.3,377.1624
04/05/2024,1,191,Furniture,475.69,12,0.18,2.2,4680.7896
04/06/2024,8,163,Grocery,27.36,10,0.03,2,265.392
04/07/2024,8,176,Grocery,375.5,2,0.05,1.8,713.45
04/08/2024,11,124,Clothing,324.95,15,0.01,3.3,4825.5075
04/09/2024,9,150,Grocery,132.27,4,0.13,4.2,460.2996
04/10/2024,5,106,Electronics,258.59,19,0.3,4.5,3439.247
04/11/2024,14,105,Furniture,73.48,4,0.26,2.7,217.5008
04/12/2024,3,123,Clothing,437.08,9,0.19,2.5,3186.3132
04/13/2024,5,118,Grocery,185.37,13,0.26,3.7,1783.2594
04/14/2024,5,182,Furniture,316.76,10,0.18,4.1,2597.432
04/15/2024,19,199,Electronics,87.8,14,0.11,2,1093.988
04/16/2024,14,108,Electronics,111.02,3,0.05,2.2,316.407
04/17/2024,4,135,Clothing,496.06,3,0.2,3.1,1190.544
04/18/2024,13,139,Electronics,379.01,16,0.06,2.8,5700.3104
04/19/2024,10,192,Furniture,481.37,9,0.13,3.8,3769.1271
04/20/2024,18,123,Grocery,154.97,14,0.25,3,1627.185
04/21/2024,8,147,Electronics,90.64,16,0.04,1.4,1392.2304
04/22/2024,8,162,Grocery,256.5,9,0.04,1.7,2216.16
04/23/2024,7,168,Furniture,252.39,5,0.07,4.6,1173.6135
04/24/2024,8,152,Furniture,95.72,13,0.17,1.9,1032.8188
04/25/2024,14,153,Grocery,369.28,15,0.08,1.2,5096.064
04/26/2024,19,141,Furniture,187.27,4,0.15,3.9,636.718
04/27/2024,6,144,Clothing,101.32,14,0.09,3.7,1290.8168
04/28/2024,1,189,Electronics,172.67,7,0.15,3.4,1027.3865
04/29/2024,15,113,Clothing,286.19,4,0.08,3,1053.1792
04/30/2024,1,128,Clothing,365.97,17,0.29,4.9,4417.2579
05/01/2024,17,105,Clothing,246.13,9,0.15,1.5,1882.8945
05/02/2024,1,106,Grocery,267.54,4,0.22,3,834.7248
05/03/2024,15,136,Grocery,78.08,3,0.21,3.3,185.0496
05/04/2024,2,152,Furniture,458.2,19,0.15,1.1,7399.93
05/05/2024,14,117,Grocery,465.07,9,0.07,2.6,3892.6359
05/06/2024,8,186,Furniture,344.88,8,0.15,4.1,2345.184
05/07/2024,8,137,Grocery,18.64,7,0.2,2.9,104.384
05/08/2024,19,158,Furniture,273.17,7,0.14,4.5,1644.4834
05/09/2024,7,100,Electronics,318.32,4,0.02,3.6,1247.8144
05/10/2024,19,167,Furniture,497.38,19,0.01,4.1,9355.7178
05/11/2024,6,143,Electronics,498.07,12,0.1,4.2,5379.156
05/12/2024,6,146,Furniture,430.23,6,0.05,3.8,2452.311
05/13/2024,3,134,Grocery,41.28,12,0.27,4,361.6128
05/14/2024,7,186,Grocery,477.11,4,0.05,3.8,1813.018
05/15/2024,19,190,Electronics,310.2,2,0.12,3.2,545.952
05/16/2024,8,159,Clothing,402.43,15,0.21,3.3,4768.7955
05/17/2024,10,189,Clothing,209.52,6,0.24,1.8,955.4112
05/18/2024,15,151,Furniture,166.64,18,0.14,4.3,2579.5872
05/19/2024,15,107,Grocery,236.99,5,0.05,2.2,1125.7025
05/20/2024,1,179,Clothing,81.97,4,0.08,3.1,301.6496
05/21/2024,7,140,Grocery,184.96,11,0.13,2,1770.0672
05/22/2024,4,102,Grocery,430.23,11,0.11,3.8,4211.9517
05/23/2024,6,195,Grocery,28.6,9,0.1,4.9,231.66
05/24/2024,1,168,Furniture,83.93,3,0.04,4.2,241.7184
05/25/2024,5,183,Electronics,71.31,11,0.27,3.5,572.6193
05/26/2024,1,113,Furniture,207.51,2,0.01,3.3,410.8698
05/27/2024,4,195,Clothing,498.52,9,0.13,3,3903.4116
05/28/2024,2,125,Electronics,94.95,10,0.29,1.8,674.145
05/29/2024,10,169,Clothing,81.29,11,0.2,2.4,715.352
05/30/2024,5,157,Electronics,458.38,3,0.11,2.6,1223.8746
05/31/2024,10,199,Electronics,442.2,17,0.04,4.8,7216.704
06/01/2024,1,139,Furniture,25.8,11,0.29,2.7,201.498
06/02/2024,6,150,Grocery,378.34,17,0,3.3,6431.78
06/03/2024,13,104,Grocery,331.18,19,0.2,4.7,5033.936
06/04/2024,15,176,Electronics,386.19,4,0.26,3.1,1143.1224
06/05/2024,4,131,Furniture,252.31,2,0.01,2,499.5738
06/06/2024,13,179,Clothing,495.78,14,0.22,2.5,5413.9176
06/07/2024,15,100,Clothing,31.49,15,0.3,2.5,330.645
06/08/2024,8,176,Grocery,124.84,3,0.19,3.9,303.3612
06/09/2024,5,153,Grocery,204.31,13,0.12,2.2,2337.3064
06/10/2024,15,110,Clothing,230.39,13,0.26,3.9,2216.3518
06/11/2024,4,152,Clothing,461.47,18,0.17,4.6,6894.3618
06/12/2024,12,107,Furniture,284.4,7,0.22,2.3,1552.824
06/13/2024,13,124,Clothing,32.1,16,0.18,1.5,421.152
06/14/2024,2,139,Furniture,209.85,16,0.01,3.6,3324.024
06/15/2024,19,131,Grocery,214.08,6,0.06,2.4,1207.4112
06/16/2024,19,187,Clothing,483.09,6,0.02,3.1,2840.5692
06/17/2024,4,127,Grocery,303.61,4,0.03,3.5,1178.0068
06/18/2024,4,177,Electronics,321.47,3,0,2.6,964.41
06/19/2024,11,102,Electronics,359.49,1,0.13,4.7,312.7563
06/20/2024,5,199,Electronics,387.32,3,0.05,2.6,1103.862
06/21/2024,11,190,Clothing,321.18,19,0.26,2.2,4515.7908
06/22/2024,10,183,Grocery,126.23,9,0.23,4.5,874.7739
06/23/2024,8,178,Clothing,438.28,14,0.17,1.5,5092.8136
06/24/2024,6,161,Grocery,368.74,19,0.15,1.5,5955.151
06/25/2024,6,126,Furniture,373.52,19,0.08,4.7,6529.1296
06/26/2024,8,144,Clothing,498.31,13,0.14,1.8,5571.1058
06/27/2024,15,191,Electronics,403.24,16,0.19,1.6,5225.9904
06/28/2024,14,124,Furniture,416.28,8,0.23,3.1,2564.2848
06/29/2024,11,160,Grocery,476.19,16,0.02,1.2,7466.6592
06/30/2024,12,143,Clothing,84.06,9,0.21,3.5,597.6666
07/01/2024,13,196,Grocery,253.89,9,0.22,2.8,1782.3078
07/02/2024,8,145,Grocery,294.48,3,0.17,3.6,733.2552
07/03/2024,18,113,Clothing,171.35,7,0.06,2.1,1127.483
07/04/2024,1,107,Clothing,421.31,18,0.16,4.6,6370.2072
07/05/2024,15,147,Grocery,383.59,2,0.15,2.1,652.103
07/06/2024,8,113,Grocery,363.23,1,0.14,3.6,312.3778
07/07/2024,11,164,Furniture,498.6,12,0.14,4.8,5145.552
07/08/2024,12,179,Electronics,137.1,16,0.03,2.6,2127.792
07/09/2024,12,181,Grocery,370.37,12,0.05,1.6,4222.218
07/10/2024,4,106,Electronics,280.19,10,0.03,1.3,2717.843
07/11/2024,16,178,Furniture,163.36,9,0.07,4.9,1367.3232
07/12/2024,4,187,Electronics,88.69,18,0.08,4.1,1468.7064
07/13/2024,5,148,Electronics,448.98,4,0.07,4.7,1670.2056
07/14/2024,5,154,Furniture,301.77,8,0.06,3.8,2269.3104
07/15/2024,8,112,Grocery,414.22,4,0.22,2.4,1292.3664
07/16/2024,10,172,Electronics,277.22,16,0.25,1.5,3326.64
07/17/2024,17,155,Grocery,117.79,8,0.1,4.7,848.088
07/18/2024,9,155,Grocery,175.4,7,0.09,3,1117.298
07/19/2024,19,114,Clothing,196.95,13,0.25,2.6,1920.2625
07/20/2024,14,156,Grocery,486.74,8,0.19,3.3,3154.0752
07/21/2024,8,157,Grocery,12.76,7,0.09,1.4,81.2812
07/22/2024,9,134,Electronics,492.98,5,0.21,2.2,1947.271
07/23/2024,11,187,Grocery,490.43,18,0.1,3.6,7944.966
07/24/2024,1,196,Grocery,498.11,19,0.18,1.4,7760.5538
07/25/2024,14,115,Clothing,243.53,10,0.3,1.5,1704.71
07/26/2024,5,107,Clothing,482.27,11,0.09,3,4827.5227
07/27/2024,14,192,Electronics,203.84,8,0.28,3.5,1174.1184
07/28/2024,4,186,Electronics,22.88,6,0.1,1.7,123.552
07/29/2024,1,144,Clothing,119.93,11,0.16,1.1,1108.1532
07/30/2024,19,194,Clothing,473.2,16,0.14,4.8,6511.232
07/31/2024,8,139,Furniture,16.74,4,0.23,1.1,51.5592
08/01/2024,15,153,Grocery,277.54,2,0.02,1,543.9784
08/02/2024,15,113,Electronics,47.04,13,0.19,2.3,495.3312
08/03/2024,9,158,Electronics,150.33,7,0.23,1.9,810.2787
08/04/2024,9,193,Grocery,53.17,17,0.14,3.3,777.3454
08/05/2024,10,152,Grocery,431.17,13,0.03,4.6,5437.0537
08/06/2024,9,126,Electronics,299.62,10,0.07,2.9,2786.466
08/07/2024,3,146,Clothing,452.03,13,0.2,4.1,4701.112
08/08/2024,11,179,Clothing,347.29,10,0.27,4.6,2535.217
08/09/2024,6,105,Grocery,485.8,7,0.13,1.8,2958.522
08/10/2024,2,154,Electronics,259.84,10,0.17,3,2156.672
08/11/2024,7,196,Grocery,322.97,16,0.07,3.6,4805.7936
08/12/2024,18,143,Clothing,292.39,3,0.12,2.3,771.9096
08/13/2024,2,117,Furniture,247.29,4,0.1,4,890.244
08/14/2024,17,115,Furniture,424.52,4,0.2,3.8,1358.464
08/15/2024,11,111,Clothing,325.82,4,0.3,2.7,912.296
08/16/2024,12,119,Grocery,402.64,16,0.24,1.4,4896.1024
08/17/2024,19,144,Furniture,395.32,9,0.06,1,3344.4072
08/18/2024,7,163,Clothing,103.61,6,0.17,2.5,515.9778
08/19/2024,6,158,Electronics,328.58,10,0.02,1.3,3220.084
08/20/2024,1,192,Grocery,107.83,4,0.07,4.1,401.1276
08/21/2024,17,193,Grocery,295.83,12,0.05,2.3,3372.462
08/22/2024,11,189,Furniture,341.94,10,0.1,3.7,3077.46
08/23/2024,18,121,Grocery,498.65,12,0.2,2.4,4787.04
08/24/2024,17,196,Furniture,24.97,19,0.15,4.2,403.2655
08/25/2024,7,146,Furniture,54.71,19,0.28,4.6,748.4328
08/26/2024,17,128,Clothing,47.74,1,0.06,4.4,44.8756
08/27/2024,9,185,Furniture,205.2,4,0.11,2.9,730.512
08/28/2024,17,144,Electronics,412.58,13,0.1,1.3,4827.186
08/29/2024,8,176,Grocery,423.59,8,0.07,2.5,3151.5096
08/30/2024,17,108,Furniture,371.12,14,0.3,2.7,3636.976
08/31/2024,7,123,Grocery,449.47,16,0.12,4.8,6328.5376
09/01/2024,1,114,Furniture,168.2,2,0.28,3.3,242.208
09/02/2024,13,135,Clothing,53.2,8,0.12,3.6,374.528
09/03/2024,19,112,Electronics,38.49,13,0.06,4.1,470.3478
09/04/2024,19,190,Grocery,427.55,1,0.04,3.3,410.448
09/05/2024,17,143,Clothing,367.91,12,0.26,3.4,3267.0408
09/06/2024,13,170,Grocery,352.32,17,0.01,2,5929.5456
09/07/2024,16,171,Clothing,176.44,7,0.29,1.2,876.9068
09/08/2024,8,177,Electronics,196.15,16,0.13,3.9,2730.408
09/09/2024,19,175,Furniture,479.48,14,0.07,4.4,6242.8296
09/10/2024,18,135,Clothing,41.26,10,0.19,2.6,334.206
09/11/2024,1,160,Grocery,389.13,3,0.04,3.2,1120.6944
09/12/2024,14,180,Grocery,161.72,12,0.02,2.2,1901.8272
09/13/2024,19,139,Clothing,29.14,8,0.25,2.8,174.84
09/14/2024,15,192,Electronics,373.86,16,0.13,1.8,5204.1312
09/15/2024,18,126,Electronics,172.15,1,0.16,4,144.606
09/16/2024,2,100,Furniture,363.85,17,0.05,3,5876.1775
09/17/2024,17,133,Furniture,356.75,6,0.02,3.2,2097.69
09/18/2024,18,167,Grocery,272.05,1,0.11,1.1,242.1245
09/19/2024,6,187,Grocery,390.91,15,0.15,3.5,4984.1025
09/20/2024,19,120,Furniture,294.71,13,0.23,1.8,2950.0471
09/21/2024,4,132,Furniture,150.45,6,0.15,2.5,767.295
09/22/2024,1,106,Furniture,369.72,13,0.23,2.7,3700.8972
09/23/2024,8,164,Clothing,298.68,4,0.03,2.8,1158.8784
09/24/2024,7,102,Furniture,16.24,1,0.02,1.9,15.9152
09/25/2024,3,150,Clothing,451.81,10,0.05,4.4,4292.195
09/26/2024,10,178,Clothing,277.37,4,0.23,2.7,854.2996
09/27/2024,10,194,Furniture,435.63,13,0.23,3.4,4360.6563
09/28/2024,19,153,Electronics,442.54,4,0.04,3.5,1699.3536
09/29/2024,14,179,Electronics,228.03,16,0.01,3.4,3611.9952
09/30/2024,2,173,Grocery,258.75,9,0.21,3.2,1839.7125
10/01/2024,1,192,Furniture,213.72,4,0.26,4.3,632.6112
10/02/2024,18,158,Grocery,230.22,8,0.23,4.3,1418.1552
10/03/2024,7,105,Furniture,448.62,4,0.06,2.7,1686.8112
10/04/2024,8,128,Grocery,396.19,9,0.18,3.5,2923.8822
10/05/2024,1,116,Clothing,72,11,0.23,1.4,609.84
10/06/2024,3,159,Furniture,309.05,5,0.08,1.4,1421.63
10/07/2024,8,121,Electronics,497.99,9,0.16,2.9,3764.8044
10/08/2024,15,123,Furniture,301.82,8,0.09,4.6,2197.2496
10/09/2024,5,180,Grocery,395.08,4,0.07,3.6,1469.6976
10/10/2024,3,184,Grocery,386.84,1,0.29,3.7,274.6564
10/11/2024,19,150,Grocery,181.66,13,0.27,1.6,1723.9534
10/12/2024,1,149,Grocery,192.21,5,0.13,2.8,836.1135
10/13/2024,15,110,Grocery,364.8,10,0.04,2.6,3502.08
10/14/2024,8,155,Grocery,254.99,16,0.22,4.1,3182.2752
10/15/2024,2,170,Electronics,289.58,8,0.08,1.6,2131.3088
10/16/2024,3,141,Grocery,359.32,12,0.05,3.2,4096.248
10/17/2024,14,138,Electronics,391.01,3,0.11,4.6,1043.9967
10/18/2024,14,168,Furniture,143.04,4,0.16,4.6,480.6144
10/19/2024,11,147,Clothing,81.93,17,0.03,4.4,1351.0257
10/20/2024,16,156,Electronics,152.98,13,0.17,2.5,1650.6542
10/21/2024,4,120,Furniture,258.69,6,0,4.8,1552.14
10/22/2024,5,181,Clothing,177.65,3,0.27,4.2,389.0535
10/23/2024,14,198,Electronics,288.5,14,0.28,4.4,2908.08
10/24/2024,16,119,Electronics,36.2,7,0.22,4.7,197.652
10/25/2024,18,114,Furniture,259.78,3,0.14,4.7,670.2324
10/26/2024,7,168,Grocery,190.31,6,0.08,2,1050.5112
10/27/2024,10,176,Electronics,271.99,13,0.22,1.5,2757.9786
10/28/2024,7,150,Electronics,217.04,14,0.28,3.8,2187.7632
10/29/2024,1,175,Furniture,149.27,15,0.05,3.3,2127.0975
10/30/2024,19,161,Grocery,453.01,16,0.14,2.3,6233.4176
10/31/2024,16,184,Clothing,100.53,1,0.09,3.7,91.4823
11/01/2024,19,136,Grocery,343.87,15,0.11,1.2,4590.6645
11/02/2024,4,105,Grocery,463.08,7,0.12,1.2,2852.5728
11/03/2024,18,170,Furniture,273.95,9,0.29,2.4,1750.5405
11/04/2024,2,125,Grocery,439.44,15,0.08,1.8,6064.272
11/05/2024,1,107,Furniture,71.18,14,0.15,3.9,847.042
11/06/2024,15,172,Clothing,251.96,19,0.29,4.8,3398.9404
11/07/2024,5,190,Electronics,233.94,18,0.14,3.6,3621.3912
11/08/2024,11,103,Electronics,13.98,9,0.26,3.6,93.1068
11/09/2024,10,120,Furniture,227.2,1,0.02,1,222.656
11/10/2024,2,130,Furniture,190.82,12,0.29,3,1625.7864
11/11/2024,3,120,Grocery,338.2,10,0.06,4.3,3179.08
11/12/2024,12,124,Grocery,469.78,7,0.29,3.6,2334.8066
11/13/2024,5,114,Electronics,52.04,14,0.05,1.9,692.132
11/14/2024,5,134,Electronics,170.46,1,0.13,4.4,148.3002
11/15/2024,6,148,Electronics,227.59,15,0.09,4.9,3106.6035
11/16/2024,9,142,Furniture,233.04,1,0.13,2.1,202.7448
11/17/2024,2,140,Clothing,389.66,13,0.08,1.8,4660.3336
11/18/2024,12,136,Clothing,227.26,2,0.29,2.4,322.7092
11/19/2024,3,156,Furniture,23.31,3,0.09,1.3,63.6363
11/20/2024,12,141,Grocery,357.95,4,0.2,4.5,1145.44
11/21/2024,17,146,Clothing,443.57,16,0.04,4.7,6813.2352
11/22/2024,10,191,Grocery,261.81,12,0.25,3.5,2356.29
11/23/2024,14,160,Electronics,294.74,4,0.16,4.1,990.3264
11/24/2024,17,113,Electronics,89.84,12,0.29,3.7,765.4368
11/25/2024,18,167,Grocery,118.12,7,0.13,2.5,719.3508
11/26/2024,19,152,Electronics,125.23,3,0.06,3.5,353.1486
11/27/2024,17,183,Furniture,221.06,5,0.1,4.3,994.77
11/28/2024,14,133,Grocery,464.79,12,0.22,4.2,4350.4344
11/29/2024,9,175,Grocery,265.67,12,0.2,1.3,2550.432
11/30/2024,8,196,Grocery,104.13,7,0.23,2.9,561.2607
12/01/2024,2,123,Clothing,140.38,12,0.02,2.6,1650.8688
12/02/2024,13,119,Grocery,198.17,2,0.17,4,328.9622
12/03/2024,7,168,Grocery,315.4,14,0.28,3,3179.232
12/04/2024,9,129,Grocery,225.62,16,0.03,2.4,3501.6224
12/05/2024,11,187,Clothing,202.3,7,0.03,3.8,1373.617
12/06/2024,14,106,Electronics,286.72,4,0.21,2.9,906.0352
12/07/2024,4,135,Clothing,128.5,5,0.09,2,584.675
12/08/2024,13,137,Furniture,48.66,14,0.2,4.6,544.992
12/09/2024,2,179,Grocery,21.96,9,0.16,1.5,166.0176
12/10/2024,5,151,Furniture,133.12,5,0.3,1.1,465.92
12/11/2024,11,114,Clothing,54.88,2,0.27,1.6,80.1248
12/12/2024,6,145,Electronics,174.81,5,0.2,1.7,699.24
12/13/2024,18,122,Electronics,388.74,3,0.08,3.2,1072.9224
12/14/2024,10,111,Grocery,360.98,10,0.08,3.5,3321.016
12/15/2024,4,192,Electronics,309.35,8,0.26,2.8,1831.352
12/16/2024,9,143,Clothing,427.73,10,0.18,1.8,3507.386
12/17/2024,6,114,Clothing,148.21,2,0.24,1.5,225.2792
12/18/2024,2,192,Electronics,443.68,14,0.13,3,5404.0224
12/19/2024,17,148,Grocery,205.63,4,0.03,3.3,797.8444
12/20/2024,5,120,Grocery,206.44,12,0.1,2.2,2229.552
12/21/2024,6,114,Clothing,208.62,14,0.05,1.9,2774.646
12/22/2024,12,113,Electronics,58.07,16,0.23,1.3,715.4224
12/23/2024,10,141,Clothing,487.99,5,0.21,1.1,1927.5605
12/24/2024,6,179,Clothing,77.87,16,0.03,1.4,1208.5424
12/25/2024,8,114,Furniture,177.03,4,0.19,4,573.5772
12/26/2024,2,162,Clothing,166.46,3,0.26,2.4,369.5412
12/27/2024,12,167,Grocery,46.59,1,0.21,1.1,36.8061
12/28/2024,13,126,Electronics,84.61,4,0.15,3,287.674
12/29/2024,7,186,Electronics,31.98,9,0.09,3.1,261.9162
12/30/2024,10,192,Furniture,153.28,1,0.27,2.7,111.8944
12/31/2024,13,152,Furniture,434.66,16,0.13,1.4,6050.4672
01/01/2025,17,151,Grocery,176.33,3,0.26,4,391.4526
01/02/2025,14,162,Furniture,70.61,6,0.23,3.8,326.2182
01/03/2025,2,172,Clothing,326.39,13,0.24,2.6,3224.7332
01/04/2025,11,152,Clothing,498.33,17,0.3,2.5,5930.127
01/05/2025,1,156,Grocery,123.84,15,0.22,1.6,1448.928
01/06/2025,19,151,Electronics,146.99,12,0.01,4,1746.2412
01/07/2025,4,142,Grocery,486.21,8,0.06,3.4,3656.2992
01/08/2025,19,106,Furniture,97.6,16,0.01,1.3,1545.984
01/09/2025,11,141,Electronics,260.49,3,0.06,2.5,734.5818
01/10/2025,8,103,Electronics,127.43,4,0.02,4.6,499.5256
01/11/2025,11,168,Electronics,466.85,7,0.15,2.8,2777.7575
01/12/2025,4,104,Furniture,490.95,15,0.01,2.3,7290.6075
01/13/2025,17,174,Clothing,409.2,11,0.14,3.6,3871.032
01/14/2025,7,191,Clothing,164.24,16,0.27,1.8,1918.3232
01/15/2025,8,179,Furniture,207.71,14,0.22,3.1,2268.1932
01/16/2025,3,140,Furniture,128.73,13,0.28,3.7,1204.9128
01/17/2025,2,193,Grocery,446.47,9,0.07,4.4,3736.9539
01/18/2025,15,103,Grocery,458.13,18,0.16,3.8,6926.9256
01/19/2025,5,101,Clothing,215.25,3,0.1,2.5,581.175
01/20/2025,1,166,Furniture,331.7,5,0.15,4.1,1409.725
01/21/2025,4,120,Grocery,91.12,2,0.17,4.6,151.2592
01/22/2025,15,169,Furniture,223.12,17,0.01,2.9,3755.1096
01/23/2025,19,142,Furniture,319.43,16,0.07,1,4753.1184
01/24/2025,3,181,Clothing,198.85,13,0.21,4.5,2042.1895
01/25/2025,11,168,Clothing,185.22,11,0.23,1.7,1568.8134
01/26/2025,17,108,Furniture,10.49,8,0.17,1.5,69.6536
01/27/2025,13,183,Electronics,404.1,5,0.08,2.2,1858.86
01/28/2025,11,127,Electronics,445.78,2,0.12,2.5,784.5728
01/29/2025,2,125,Furniture,485.04,4,0.03,4.2,1881.9552
01/30/2025,9,181,Clothing,362.44,3,0.29,2.6,771.9972
01/31/2025,2,182,Electronics,278.91,2,0.26,1.2,412.7868
02/01/2025,9,102,Clothing,141.95,3,0.02,3.5,417.333
02/02/2025,9,172,Electronics,499.66,16,0.05,3.7,7594.832
02/03/2025,8,199,Furniture,298.98,9,0.17,4.3,2233.3806
02/04/2025,17,194,Grocery,343.77,6,0.07,2.6,1918.2366
02/05/2025,1,148,Grocery,344.38,15,0.28,1.3,3719.304
02/06/2025,11,116,Clothing,424.17,5,0.23,3.2,1633.0545
02/07/2025,8,162,Clothing,14.74,9,0.08,1.5,122.0472
02/08/2025,10,154,Electronics,117.92,6,0,1.1,707.52
02/09/2025,7,122,Furniture,336.11,3,0.24,4.1,766.3308
02/10/2025,3,133,Electronics,448.62,13,0.13,2.6,5073.8922
02/11/2025,3,168,Furniture,345.82,15,0.19,3.1,4201.713
02/12/2025,18,114,Furniture,212.61,11,0.09,3.7,2128.2261
02/13/2025,5,146,Clothing,187.16,16,0.04,2.6,2874.7776
02/14/2025,12,102,Grocery,371.59,15,0.2,1.2,4459.08
02/15/2025,12,182,Grocery,373.21,6,0.14,2,1925.7636
02/16/2025,19,127,Clothing,307.46,14,0.07,1.8,4003.1292
02/17/2025,6,102,Grocery,152.82,11,0.04,4.9,1613.7792
02/18/2025,2,103,Clothing,463.33,10,0.17,4,3845.639
02/19/2025,12,187,Electronics,280.42,16,0.22,2.8,3499.6416
02/20/2025,19,130,Furniture,397.34,12,0.09,1.3,4338.9528
02/21/2025,5,144,Grocery,115.01,7,0.22,1.5,627.9546
02/22/2025,12,158,Grocery,178.58,7,0.05,4.3,1187.557
02/23/2025,17,144,Electronics,438.54,18,0.1,4.8,7104.348
02/24/2025,17,174,Electronics,34.55,15,0.22,1.1,404.235
02/25/2025,10,136,Grocery,261.03,6,0.2,4.6,1252.944
02/26/2025,17,164,Grocery,246.04,19,0.08,2.5,4300.7792
02/27/2025,15,108,Clothing,378.1,8,0.04,1.9,2903.808
02/28/2025,12,116,Clothing,148.13,15,0.01,1.4,2199.7305
03/01/2025,16,164,Grocery,117.34,4,0.25,4.1,352.02
03/02/2025,19,102,Clothing,463.81,18,0.02,2.9,8181.6084
03/03/2025,8,125,Electronics,290.14,13,0.03,4.3,3658.6654
03/04/2025,17,152,Furniture,61.3,1,0.07,1.9,57.009
03/05/2025,5,130,Clothing,104.59,8,0.13,3.7,727.9464
03/06/2025,16,125,Furniture,499.42,19,0.24,1.5,7211.6248
03/07/2025,6,122,Clothing,105.85,17,0.07,1.4,1673.4885
03/08/2025,8,129,Grocery,309.13,10,0.16,1.5,2596.692
03/09/2025,18,109,Clothing,215.86,1,0.03,4.2,209.3842
03/10/2025,12,171,Furniture,443.94,1,0.14,3.6,381.7884
03/11/2025,15,188,Furniture,380.03,5,0.05,1.7,1805.1425
03/12/2025,9,163,Grocery,302.51,1,0.06,2.5,284.3594
03/13/2025,13,121,Furniture,15.26,13,0.11,4.1,176.5582
03/14/2025,15,114,Grocery,441.1,9,0.23,2.1,3056.823
03/15/2025,10,155,Grocery,227.89,16,0.22,4.7,2844.0672
03/16/2025,16,173,Furniture,466.47,8,0.12,4.7,3283.9488
03/17/2025,7,119,Electronics,252.81,14,0.04,3.2,3397.7664
03/18/2025,17,146,Furniture,350.17,17,0.08,3.5,5476.6588
03/19/2025,7,186,Furniture,43.95,4,0.15,3.6,149.43
03/20/2025,14,152,Clothing,375.12,7,0.26,2,1943.1216
03/21/2025,15,152,Furniture,175.62,17,0.29,2.5,2119.7334
03/22/2025,7,100,Clothing,182.17,16,0.19,1.5,2360.9232
03/23/2025,9,101,Clothing,68.14,14,0.11,4.7,849.0244
03/24/2025,19,157,Furniture,81.96,16,0.21,3.9,1035.9744
03/25/2025,16,118,Grocery,101.02,2,0.1,1.2,181.836
03/26/2025,8,161,Electronics,170.82,15,0.19,3.2,2075.463
03/27/2025,18,177,Furniture,447.07,11,0.07,2.4,4573.5261
03/28/2025,18,171,Furniture,190.45,13,0.08,4.3,2277.782
03/29/2025,7,111,Grocery,364.94,4,0.02,2.4,1430.5648
03/30/2025,3,125,Clothing,50.55,1,0.13,3.6,43.9785
03/31/2025,18,126,Grocery,299.64,15,0.19,1.7,3640.626
04/01/2025,10,128,Grocery,246.13,12,0.24,3.2,2244.7056
04/02/2025,7,114,Clothing,489.2,9,0.24,2.2,3346.128
04/03/2025,17,145,Furniture,424.64,7,0.3,1.7,2080.736
04/04/2025,14,100,Grocery,232.87,3,0.03,3.5,677.6517
04/05/2025,3,159,Grocery,389.82,16,0.15,3.6,5301.552
04/06/2025,12,191,Furniture,104.59,4,0.16,4.9,351.4224
04/07/2025,13,156,Furniture,285.54,14,0.24,3.7,3038.1456
04/08/2025,2,102,Electronics,46.56,13,0.08,3.1,556.8576
04/09/2025,3,117,Grocery,180.56,19,0.02,4.7,3362.0272
04/10/2025,5,151,Electronics,120.67,2,0.09,4.3,219.6194
04/11/2025,11,159,Clothing,362.27,10,0.3,3.2,2535.89
04/12/2025,8,133,Furniture,250.14,19,0.27,3,3469.4418
04/13/2025,12,195,Furniture,378.02,15,0.12,4.8,4989.864
04/14/2025,7,192,Electronics,262.49,7,0.26,3.5,1359.6982
04/15/2025,15,188,Grocery,52.38,15,0.01,3.9,777.843
04/16/2025,17,159,Clothing,370.33,17,0.09,1.3,5729.0051
04/17/2025,4,125,Grocery,418.28,16,0.22,3.9,5220.1344
04/18/2025,13,171,Grocery,452.73,17,0.07,2.1,7157.6613
04/19/2025,18,118,Electronics,290.28,16,0.06,1.5,4365.8112
04/20/2025,1,121,Grocery,379.26,18,0.26,4.4,5051.7432
04/21/2025,16,192,Electronics,378.5,17,0.18,3.8,5276.29
04/22/2025,13,132,Furniture,86.32,4,0.3,2.6,241.696
04/23/2025,10,137,Furniture,90.47,2,0.04,2.7,173.7024
04/24/2025,12,134,Furniture,44.73,17,0.11,1.8,676.7649
04/25/2025,2,166,Clothing,166.76,17,0.09,1,2579.7772
04/26/2025,3,182,Clothing,242.02,2,0.26,2.4,358.1896
04/27/2025,10,109,Grocery,498.97,2,0.08,1.6,918.1048
04/28/2025,2,190,Electronics,221.19,15,0.11,2.7,2952.8865
04/29/2025,13,114,Grocery,365.86,16,0.04,4.3,5619.6096
04/30/2025,13,110,Furniture,349.76,11,0.23,1.5,2962.4672
05/01/2025,18,189,Grocery,110.2,2,0.07,1.4,204.972
05/02/2025,3,123,Grocery,38.67,8,0.02,4.6,303.1728
05/03/2025,7,176,Grocery,277.54,12,0.13,4,2897.5176
05/04/2025,14,195,Furniture,353.15,14,0.12,1.2,4350.808
05/05/2025,17,103,Electronics,499.14,14,0.05,1.3,6638.562
05/06/2025,12,112,Grocery,185.72,12,0.04,3.7,2139.4944
05/07/2025,16,172,Furniture,449.22,2,0.27,2.5,655.8612
05/08/2025,12,156,Clothing,197.15,14,0.02,3.9,2704.898
05/09/2025,15,197,Electronics,347.81,12,0.03,2.6,4048.5084
05/10/2025,10,136,Furniture,303.14,9,0.07,4.9,2537.2818
05/11/2025,7,147,Grocery,35.96,8,0.29,3.8,204.2528
05/12/2025,5,170,Furniture,48.41,16,0.03,1.2,751.3232
05/13/2025,1,100,Electronics,20.17,10,0.24,2.3,153.292
05/14/2025,17,159,Grocery,191.71,7,0.27,3.3,979.6381
05/15/2025,3,111,Clothing,375.44,15,0.11,1.6,5012.124
05/16/2025,13,120,Clothing,94.65,9,0.09,1,775.1835
05/17/2025,14,110,Clothing,306.87,4,0.2,1.3,981.984
05/18/2025,18,143,Furniture,151.53,6,0.21,3.1,718.2522
05/19/2025,4,157,Electronics,400.53,12,0.23,3.5,3700.8972
05/20/2025,18,143,Clothing,401.21,15,0.25,1.4,4513.6125
05/21/2025,5,177,Grocery,389.95,19,0.08,3.7,6816.326
05/22/2025,16,197,Grocery,267.17,2,0.21,3.5,422.1286
05/23/2025,1,133,Grocery,149.44,19,0.04,4.8,2725.7856
05/24/2025,14,124,Furniture,406.63,2,0.15,4.4,691.271
05/25/2025,15,103,Electronics,101.19,15,0.18,4.8,1244.637
05/26/2025,9,163,Electronics,151.98,12,0.05,4.9,1732.572
05/27/2025,15,189,Clothing,100.13,1,0.02,2.8,98.1274
05/28/2025,17,115,Electronics,340.36,14,0.06,3,4479.1376
05/29/2025,4,109,Grocery,346.26,4,0.13,2.1,1204.9848
05/30/2025,12,165,Grocery,329.73,11,0.27,3,2647.7319
05/31/2025,5,134,Furniture,213.64,7,0.16,1.6,1256.2032
06/01/2025,5,182,Grocery,59.08,13,0.22,3.7,599.0712
06/02/2025,11,105,Electronics,456.47,14,0.05,1.1,6071.051
06/03/2025,6,118,Grocery,258.79,7,0.03,1.9,1757.1841
06/04/2025,7,158,Clothing,209.42,11,0.07,1.8,2142.3666
06/05/2025,14,152,Furniture,298.52,11,0.09,4.8,2988.1852
06/06/2025,11,107,Furniture,104.47,9,0.16,1.6,789.7932
06/07/2025,13,177,Electronics,74.95,4,0.26,4.6,221.852
06/08/2025,2,109,Grocery,208.71,2,0.13,1.5,363.1554
06/09/2025,7,166,Grocery,121.34,2,0.16,3.6,203.8512
06/10/2025,4,137,Electronics,129.7,9,0,2.3,1167.3
06/11/2025,8,128,Electronics,447.33,19,0.01,2.3,8414.2773
06/12/2025,19,114,Clothing,270.07,15,0.03,5,3929.5185
06/13/2025,13,186,Electronics,246.9,18,0.21,1.9,3510.918
06/14/2025,14,122,Grocery,347.85,16,0.15,1.8,4730.76
06/15/2025,10,181,Clothing,476.26,2,0.06,3.4,895.3688
06/16/2025,11,145,Furniture,64.98,12,0.18,4,639.4032
06/17/2025,2,182,Grocery,418.43,1,0.16,4.9,351.4812
06/18/2025,9,127,Furniture,296.17,2,0.03,3.8,574.5698
06/19/2025,17,125,Furniture,81.62,14,0.19,3.2,925.5708
06/20/2025,3,109,Furniture,155.6,7,0.23,2.6,838.684
06/21/2025,6,146,Grocery,246.36,17,0.09,3.4,3811.1892
06/22/2025,5,103,Furniture,348.68,15,0.21,3.4,4131.858
06/23/2025,5,154,Grocery,128.88,17,0.06,1.9,2059.5024
06/24/2025,15,165,Furniture,272.09,9,0.23,3.7,1885.5837
06/25/2025,17,166,Electronics,345.49,13,0.27,1.8,3278.7001
06/26/2025,9,106,Electronics,229.88,2,0.13,3,399.9912
06/27/2025,3,154,Grocery,432.88,15,0.07,2,6038.676
06/28/2025,17,179,Furniture,436.03,11,0.12,2.3,4220.7704
06/29/2025,10,130,Furniture,240.64,19,0.08,3.5,4206.3872
06/30/2025,3,173,Furniture,486.73,14,0,1.3,6814.22
07/01/2025,18,118,Electronics,47.04,4,0.2,1,150.528
07/02/2025,18,127,Furniture,11.65,11,0.01,1.5,126.8685
07/03/2025,17,180,Furniture,196.53,16,0.06,1.7,2955.8112
07/04/2025,3,127,Grocery,304.54,2,0.22,1.8,475.0824
07/05/2025,3,118,Furniture,318.31,2,0.2,4.1,509.296
07/06/2025,6,186,Electronics,243.46,9,0.02,2.8,2147.3172
07/07/2025,13,119,Furniture,71.19,4,0.2,2.9,227.808
07/08/2025,15,112,Electronics,93.54,8,0.28,3.6,538.7904
07/09/2025,9,176,Electronics,427.55,18,0.02,3.9,7541.982
07/10/2025,4,142,Clothing,435.28,15,0.12,1,5745.696
07/11/2025,14,110,Electronics,340.21,2,0.22,4.4,530.7276
07/12/2025,5,147,Clothing,335.47,11,0.2,5,2952.136
07/13/2025,2,114,Clothing,302.86,17,0.07,1.5,4788.2166
07/14/2025,11,116,Furniture,109.43,7,0.05,3.6,727.7095
07/15/2025,9,153,Clothing,219.84,8,0.24,1,1336.6272
07/16/2025,3,149,Grocery,350.99,10,0.29,1.2,2492.029
07/17/2025,9,127,Electronics,273.25,3,0.23,2.1,631.2075
07/18/2025,3,182,Grocery,19.1,13,0.29,4.4,176.293
07/19/2025,2,103,Clothing,477.24,17,0.18,3.6,6652.7256
07/20/2025,12,121,Furniture,423.96,13,0.28,2.8,3968.2656
07/21/2025,10,185,Electronics,137.67,19,0.21,2.8,2066.4267
07/22/2025,9,138,Grocery,312.06,9,0.27,2.9,2050.2342
07/23/2025,15,133,Furniture,462.39,16,0.05,2.2,7028.328
07/24/2025,8,196,Clothing,57.05,5,0.24,4.5,216.79
07/25/2025,5,143,Furniture,256.48,9,0.06,3.3,2169.8208
07/26/2025,11,141,Grocery,233.56,9,0.01,2.9,2081.0196
07/27/2025,2,139,Furniture,211,6,0.16,2.9,1063.44
07/28/2025,15,196,Grocery,419.44,10,0.1,4.7,3774.96
07/29/2025,6,111,Furniture,196.52,18,0.01,3.9,3501.9864
07/30/2025,8,101,Electronics,41.2,11,0.29,1.6,321.772
07/31/2025,5,127,Furniture,42.26,15,0.2,2.7,507.12
08/01/2025,16,173,Electronics,30.94,7,0.27,2.2,158.1034
08/02/2025,18,185,Grocery,210.48,14,0.3,4.9,2062.704
08/03/2025,6,180,Electronics,362.02,8,0.12,2.7,2548.6208
08/04/2025,5,189,Furniture,109.82,19,0.08,1.3,1919.6536
08/05/2025,16,166,Electronics,326.77,15,0.06,2.6,4607.457
08/06/2025,13,170,Grocery,346.67,19,0.15,2.3,5598.7205
08/07/2025,5,171,Furniture,135.05,18,0.18,3.4,1993.338
08/08/2025,13,183,Electronics,304.27,17,0.14,1.9,4448.4274
08/09/2025,17,175,Electronics,345.59,3,0.12,1.1,912.3576
08/10/2025,18,198,Clothing,238.64,3,0.05,1.4,680.124
08/11/2025,8,180,Electronics,174.99,7,0.13,2.1,1065.6891
08/12/2025,13,191,Clothing,313.38,10,0.03,2.4,3039.786
08/13/2025,19,109,Grocery,489.15,17,0.26,4.3,6153.507
08/14/2025,3,185,Clothing,219.15,15,0.01,2.1,3254.3775
08/15/2025,8,156,Grocery,201.95,8,0.11,1.1,1437.884
08/16/2025,2,196,Electronics,237.49,17,0.03,4.1,3916.2101
08/17/2025,8,185,Electronics,47.35,3,0.23,4.5,109.3785
08/18/2025,13,136,Clothing,281.05,4,0.09,3,1023.022
08/19/2025,13,176,Grocery,171.06,8,0.03,2.1,1327.4256
08/20/2025,1,190,Electronics,69.5,13,0.16,4.1,758.94
08/21/2025,6,163,Clothing,238.47,1,0.27,1,174.0831
08/22/2025,19,178,Clothing,11.66,18,0.27,4.7,153.2124
08/23/2025,16,185,Clothing,206.87,11,0.07,4.5,2116.2801
08/24/2025,8,193,Electronics,61.81,6,0.22,3.2,289.2708
08/25/2025,1,139,Grocery,21.9,16,0.01,2.1,346.896
08/26/2025,16,197,Electronics,413.99,19,0.04,1.1,7551.1776
08/27/2025,9,159,Furniture,458.96,17,0.15,5,6631.972
08/28/2025,13,197,Furniture,111.76,18,0.07,4,1870.8624
08/29/2025,11,147,Electronics,274.26,11,0.24,2.4,2292.8136
08/30/2025,13,198,Grocery,146.2,14,0.28,1.1,1473.696
08/31/2025,10,118,Clothing,251.85,12,0,3.6,3022.2
09/01/2025,4,171,Furniture,223.95,7,0.07,4.9,1457.9145
09/02/2025,6,132,Furniture,141.84,17,0.13,3.8,2097.8136
09/03/2025,7,143,Electronics,353.19,5,0.17,1.3,1465.7385
09/04/2025,5,191,Furniture,71.98,14,0.27,2.6,735.6356
09/05/2025,11,136,Furniture,36.01,13,0.27,1.4,341.7349
09/06/2025,13,188,Clothing,386.16,12,0.19,4.6,3753.4752
09/07/2025,19,135,Clothing,336.31,14,0.08,2.3,4331.6728
09/08/2025,10,180,Grocery,254.28,9,0.23,3.9,1762.1604
09/09/2025,10,187,Furniture,239.22,4,0.06,1.3,899.4672
09/10/2025,11,120,Grocery,253.73,19,0.29,1.5,3422.8177
09/11/2025,7,101,Grocery,224.14,1,0,3.7,224.14
09/12/2025,18,130,Clothing,202.52,13,0.17,4.4,2185.1908
09/13/2025,4,196,Clothing,254.85,6,0.03,1.8,1483.227
09/14/2025,2,129,Electronics,268.97,1,0.12,2.7,236.6936
09/15/2025,14,175,Clothing,349.03,17,0.19,3.5,4806.1431
09/16/2025,13,143,Grocery,358.49,3,0.21,4.2,849.6213
09/17/2025,12,111,Furniture,195.04,17,0.24,3.5,2519.9168
09/18/2025,7,150,Grocery,212.63,2,0.18,1.4,348.7132
09/19/2025,2,148,Grocery,193.11,7,0.08,3.2,1243.6284
09/20/2025,13,123,Grocery,272.9,1,0.27,4.5,199.217
09/21/2025,14,123,Clothing,232.14,15,0.24,4.5,2646.396
09/22/2025,17,159,Grocery,445.9,4,0.05,3.3,1694.42
09/23/2025,9,110,Electronics,351.22,6,0.25,5,1580.49
09/24/2025,17,112,Furniture,450.34,13,0.29,1.4,4156.6382
09/25/2025,8,190,Clothing,357.48,13,0.19,2.9,3764.2644
09/26/2025,2,171,Grocery,485.79,1,0.08,4.1,446.9268
09/27/2025,13,173,Electronics,321.51,2,0.18,1.6,527.2764
09/28/2025,3,171,Furniture,482.14,6,0.1,4.9,2603.556
09/29/2025,16,163,Grocery,87.5,11,0.2,2.4,770
09/30/2025,6,119,Furniture,35.71,18,0.16,2.4,539.9352
10/01/2025,19,171,Clothing,293.77,13,0.28,1.9,2749.6872
10/02/2025,7,172,Clothing,491.91,12,0.19,2.2,4781.3652
10/03/2025,10,170,Electronics,214.63,7,0.06,3.3,1412.2654
10/04/2025,9,177,Clothing,113.9,7,0.22,2.7,621.894
10/05/2025,2,127,Electronics,265.56,7,0.09,1.8,1691.6172
10/06/2025,15,101,Grocery,327.91,2,0.08,4.2,603.3544
10/07/2025,5,142,Furniture,164.44,11,0.12,1.2,1591.7792
10/08/2025,4,107,Clothing,360.24,1,0,4.3,360.24
10/09/2025,4,112,Furniture,487.81,13,0.29,2.1,4502.4863
10/10/2025,18,184,Furniture,449.51,12,0.16,3,4531.0608
10/11/2025,4,191,Grocery,152.88,13,0.23,2.5,1530.3288
10/12/2025,17,134,Grocery,170.09,7,0.08,3.3,1095.3796
10/13/2025,12,122,Clothing,192.06,12,0.22,4.2,1797.6816
10/14/2025,17,145,Grocery,203.33,17,0.17,5,2868.9863
10/15/2025,10,114,Furniture,59.16,8,0.13,2.2,411.7536
10/16/2025,1,101,Electronics,383.36,3,0.29,3.2,816.5568
10/17/2025,18,160,Electronics,189.02,7,0.15,2.9,1124.669
10/18/2025,18,175,Electronics,441.11,19,0.2,5,6704.872
10/19/2025,14,163,Clothing,464.2,8,0,4.2,3713.6
10/20/2025,15,151,Grocery,21.97,14,0.09,2.6,279.8978
10/21/2025,12,135,Grocery,494.37,14,0.27,2.9,5052.4614
10/22/2025,4,166,Grocery,357.91,2,0.23,2,551.1814
10/23/2025,3,168,Grocery,264.99,6,0.16,4,1335.5496
10/24/2025,12,166,Furniture,200.87,16,0.27,4.4,2346.1616
10/25/2025,7,146,Electronics,264.07,9,0.15,4.9,2020.1355
10/26/2025,11,182,Furniture,169.07,15,0.17,3.3,2104.9215
10/27/2025,1,101,Clothing,315.12,19,0.11,3.7,5328.6792
10/28/2025,6,143,Electronics,55.56,15,0.19,2.8,675.054
10/29/2025,15,163,Electronics,314.35,12,0.1,3.4,3394.98
10/30/2025,15,180,Furniture,144.92,9,0.12,2.4,1147.7664
10/31/2025,19,177,Clothing,18.64,16,0.29,4,211.7504
11/01/2025,11,127,Clothing,280.83,6,0.03,1.1,1634.4306
11/02/2025,2,190,Electronics,293.44,15,0.03,1.1,4269.552
11/03/2025,14,153,Grocery,219.02,13,0.01,3.9,2818.7874
11/04/2025,2,173,Clothing,45.42,10,0.1,4.7,408.78
11/05/2025,4,166,Furniture,447.74,14,0.12,3.5,5516.1568
11/06/2025,17,135,Clothing,309.6,3,0.03,3.9,900.936
11/07/2025,3,162,Electronics,66.7,12,0.16,4.3,672.336
11/08/2025,13,124,Grocery,260.36,1,0.17,2.4,216.0988
11/09/2025,9,185,Clothing,253.65,16,0.23,1.4,3124.968
11/10/2025,7,147,Electronics,39.6,10,0.29,4.7,281.16
11/11/2025,15,138,Clothing,307.36,9,0.19,4.8,2240.6544
11/12/2025,11,146,Grocery,406.08,18,0.03,2.8,7090.1568
11/13/2025,2,193,Furniture,377.01,1,0.03,1.9,365.6997
11/14/2025,15,120,Electronics,109.46,10,0.23,4.6,842.842
11/15/2025,14,129,Electronics,432.52,7,0.2,3.8,2422.112
11/16/2025,11,191,Grocery,177.85,10,0.05,1,1689.575
11/17/2025,3,130,Electronics,473.79,12,0.08,1.4,5230.6416
11/18/2025,17,125,Grocery,45.16,11,0.23,4.9,382.5052
11/19/2025,12,121,Electronics,248.24,9,0.17,1.2,1854.3528
11/20/2025,15,120,Grocery,302.59,5,0.18,2.1,1240.619
11/21/2025,16,100,Clothing,131.35,4,0.06,3.2,493.876
11/22/2025,5,136,Clothing,387.98,13,0.19,1.7,4085.4294
11/23/2025,6,176,Clothing,317.18,8,0.23,1.9,1953.8288
11/24/2025,19,184,Electronics,18.87,16,0.27,2.4,220.4016
11/25/2025,5,145,Grocery,308.1,1,0.22,2.1,240.318
11/26/2025,3,108,Grocery,250.82,17,0.17,4.2,3539.0702
11/27/2025,1,116,Furniture,106.05,15,0.2,3,1272.6
11/28/2025,6,146,Clothing,497.92,15,0.15,2.1,6348.48
11/29/2025,15,184,Furniture,449.61,18,0.07,2.3,7526.4714
11/30/2025,2,194,Clothing,153.33,6,0.26,1.2,680.7852
12/01/2025,3,158,Furniture,275.12,2,0.16,1.2,462.2016
12/02/2025,17,153,Clothing,165.09,5,0.18,3.9,676.869
12/03/2025,12,185,Grocery,389.99,19,0.3,1.5,5186.867
12/04/2025,18,111,Clothing,465.86,7,0.3,2.9,2282.714
12/05/2025,15,163,Electronics,185.83,9,0.18,4.4,1371.4254
12/06/2025,12,105,Clothing,404.74,2,0.01,2.5,801.3852
12/07/2025,16,152,Clothing,254.22,7,0.12,2.4,1565.9952
12/08/2025,8,115,Grocery,204.32,14,0.28,4.5,2059.5456
12/09/2025,14,189,Electronics,469.83,15,0.09,4.5,6413.1795
12/10/2025,17,104,Grocery,260.1,12,0.3,4.5,2184.84
12/11/2025,8,172,Furniture,239.03,4,0.03,3.3,927.4364
12/12/2025,15,145,Furniture,339.49,13,0.17,4.8,3663.0971
12/13/2025,14,113,Electronics,138,9,0.15,4.3,1055.7
12/14/2025,18,143,Furniture,169.15,12,0.08,2.7,1867.416
12/15/2025,7,162,Electronics,466.7,10,0.28,3.5,3360.24
12/16/2025,3,193,Clothing,342.48,9,0.19,1.5,2496.6792
12/17/2025,12,151,Furniture,415.05,7,0.07,3.2,2701.9755
12/18/2025,3,125,Clothing,142.84,12,0.12,2.1,1508.3904
12/19/2025,14,152,Grocery,276.46,16,0.22,2.1,3450.2208
12/20/2025,15,128,Furniture,485.98,15,0.09,1.5,6633.627
12/21/2025,14,118,Grocery,166.16,7,0.26,2.4,860.7088
12/22/2025,7,146,Grocery,88.63,8,0.05,2.9,673.588
12/23/2025,17,107,Electronics,260.33,7,0.08,3.4,1676.5252
12/24/2025,12,122,Grocery,200.03,11,0.04,2.2,2112.3168
12/25/2025,4,134,Electronics,88.19,4,0.03,4.2,342.1772
12/26/2025,9,194,Electronics,445.39,18,0.09,3.1,7295.4882
12/27/2025,6,152,Electronics,495.45,19,0.3,3.6,6589.485
12/28/2025,16,198,Electronics,288.61,7,0.03,2.1,1959.6619
12/29/2025,2,195,Electronics,389.59,13,0.06,4.3,4760.7898
12/30/2025,8,157,Clothing,430.93,9,0.08,3.5,3568.1004
12/31/2025,11,104,Electronics,353.48,18,0.19,4.4,5153.7384
01/01/2026,13,115,Furniture,31.64,7,0.22,1.6,172.7544
01/02/2026,17,116,Electronics,87.24,16,0.23,2.5,1074.7968
01/03/2026,8,131,Clothing,44.78,5,0,1.5,223.9
01/04/2026,18,195,Furniture,14.84,7,0.2,1.9,83.104
01/05/2026,18,151,Furniture,159.94,6,0.19,2.6,777.3084
01/06/2026,14,119,Clothing,202.25,2,0.16,4.6,339.78
01/07/2026,15,165,Furniture,128.1,7,0.11,3.2,798.063
01/08/2026,6,183,Clothing,41.66,9,0.24,2.3,284.9544
01/09/2026,11,181,Grocery,269.63,13,0.1,4,3154.671
01/10/2026,13,100,Grocery,143.93,17,0.07,1.1,2275.5333
01/11/2026,1,157,Electronics,400.06,17,0.09,2.5,6188.9282
01/12/2026,6,192,Electronics,13.95,15,0.13,3.4,182.0475
01/13/2026,9,192,Electronics,422.84,18,0.06,3.3,7154.4528
01/14/2026,8,182,Electronics,477.83,15,0.18,3.4,5877.309
01/15/2026,11,143,Clothing,360.91,11,0.27,1.8,2898.1073
01/16/2026,19,105,Grocery,369.49,12,0.18,2.3,3635.7816
01/17/2026,9,149,Clothing,467.45,17,0.13,4.7,6913.5855
01/18/2026,17,171,Furniture,112.44,12,0.24,4.9,1025.4528
01/19/2026,12,187,Furniture,497.34,7,0.22,2.2,2715.4764
01/20/2026,14,119,Furniture,389.01,7,0.11,3.6,2423.5323
01/21/2026,15,113,Furniture,366.02,10,0.18,2,3001.364
01/22/2026,16,104,Furniture,186.93,16,0.22,2.5,2332.8864
01/23/2026,1,140,Grocery,277.43,11,0.07,4.2,2838.1089
01/24/2026,10,139,Clothing,330.42,16,0.11,3,4705.1808
01/25/2026,8,133,Furniture,313.97,2,0.03,4.4,609.1018
01/26/2026,18,179,Electronics,355.44,2,0.3,3.5,497.616
01/27/2026,1,144,Grocery,50.37,18,0.03,3.5,879.4602
01/28/2026,2,170,Electronics,184.27,5,0.05,1.1,875.2825
01/29/2026,1,179,Grocery,222.66,14,0.14,4,2680.8264
01/30/2026,1,170,Grocery,137.71,8,0.26,4.9,815.2432
01/31/2026,9,126,Electronics,94.59,6,0.11,2.9,505.1106
02/01/2026,13,177,Electronics,78.07,9,0.23,1.6,541.0251
02/02/2026,1,177,Furniture,189.53,6,0.2,4.9,909.744
02/03/2026,13,143,Electronics,251.79,17,0.19,2.2,3467.1483
02/04/2026,7,132,Clothing,40.86,8,0.25,2.6,245.16
02/05/2026,2,132,Grocery,473.76,3,0,1.3,1421.28
02/06/2026,6,143,Grocery,384.97,12,0.28,1.4,3326.1408
02/07/2026,7,119,Furniture,368.12,13,0.25,1.9,3589.17
02/08/2026,14,135,Grocery,94.7,18,0.28,3.2,1227.312
02/09/2026,18,106,Electronics,305.86,11,0.24,3.2,2556.9896
02/10/2026,15,131,Grocery,269.57,2,0.26,3.4,398.9636
02/11/2026,2,166,Grocery,491.41,14,0.06,3.3,6466.9556
02/12/2026,10,138,Electronics,376.36,1,0.1,3,338.724
02/13/2026,12,192,Electronics,292.12,15,0.09,4.2,3987.438
02/14/2026,17,123,Grocery,426.9,18,0.03,4.7,7453.674
02/15/2026,8,185,Clothing,86,18,0.22,2.1,1207.44
02/16/2026,11,169,Electronics,17.46,17,0.04,1.5,284.9472
02/17/2026,3,187,Clothing,348.21,1,0.02,2.7,341.2458
02/18/2026,6,186,Clothing,58.17,14,0.23,1.1,627.0726
02/19/2026,9,153,Furniture,66.56,16,0.27,4.5,777.4208
02/20/2026,6,137,Clothing,374.89,4,0.23,2,1154.6612
02/21/2026,9,173,Furniture,142.56,6,0.25,3.2,641.52
02/22/2026,7,179,Clothing,318.03,16,0.18,1.5,4172.5536
02/23/2026,9,174,Furniture,459.53,6,0.27,3.2,2012.7414
02/24/2026,18,131,Electronics,165.07,15,0.15,1.2,2104.6425
02/25/2026,12,144,Grocery,116.4,1,0.3,4.1,81.48
02/26/2026,8,160,Grocery,62.22,7,0.03,4.8,422.4738
02/27/2026,8,169,Furniture,73.93,11,0.24,2.2,618.0548
02/28/2026,18,187,Electronics,40.49,1,0.19,2,32.7969
03/01/2026,15,196,Furniture,52.94,8,0.17,2.8,351.5216
03/02/2026,7,152,Furniture,221.68,14,0.22,3.5,2420.7456
03/03/2026,11,150,Electronics,167.22,5,0.25,1.8,627.075
03/04/2026,16,175,Clothing,356.21,13,0.26,4.2,3426.7402
03/05/2026,4,155,Clothing,436.42,15,0.05,1.8,6218.985
03/06/2026,6,126,Electronics,394.54,9,0.06,1,3337.8084
03/07/2026,3,137,Furniture,270.01,8,0,3.1,2160.08
03/08/2026,9,161,Grocery,60.2,19,0.04,1.5,1098.048
03/09/2026,10,117,Furniture,357.79,17,0.08,3.8,5595.8356
03/10/2026,14,163,Clothing,187.79,19,0.22,1.7,2783.0478
03/11/2026,11,176,Electronics,51.97,18,0.14,4.3,804.4956
03/12/2026,18,129,Electronics,422.81,18,0.23,2.9,5860.1466
03/13/2026,12,148,Electronics,175.73,4,0.15,3.3,597.482
03/14/2026,12,140,Clothing,116.94,2,0.17,1.7,194.1204
03/15/2026,13,112,Furniture,437.01,5,0.03,1.6,2119.4985
03/16/2026,13,133,Electronics,452.05,17,0.23,3.5,5917.3345
03/17/2026,19,199,Grocery,176.1,7,0.23,2,949.179
03/18/2026,19,193,Electronics,183.85,16,0.09,2.5,2676.856
03/19/2026,14,124,Furniture,294.02,1,0.1,2.9,264.618
03/20/2026,4,165,Clothing,369.39,12,0.07,1.9,4122.3924
03/21/2026,13,199,Grocery,40.94,19,0.24,4.2,591.1736
03/22/2026,8,117,Grocery,300.74,9,0.22,4.8,2111.1948
03/23/2026,19,104,Electronics,476.88,16,0.18,2.7,6256.6656
03/24/2026,12,118,Furniture,138.43,7,0.07,4.7,901.1793
03/25/2026,18,141,Electronics,455.33,15,0.05,4.5,6488.4525
03/26/2026,6,117,Grocery,475.58,12,0.02,1.7,5592.8208
03/27/2026,18,131,Electronics,141.89,4,0.01,1.7,561.8844
03/28/2026,19,120,Furniture,379.56,6,0.06,2.9,2140.7184
03/29/2026,5,109,Clothing,127,6,0.03,3.1,739.14
03/30/2026,9,136,Grocery,371.43,15,0.17,2.4,4624.3035
03/31/2026,3,148,Furniture,400.74,3,0.11,2.3,1069.9758
04/01/2026,10,185,Electronics,131.13,2,0.13,2.7,228.1662
04/02/2026,19,112,Grocery,360.78,5,0.18,3.8,1479.198
04/03/2026,3,154,Electronics,407.93,8,0.2,1.3,2610.752
04/04/2026,15,116,Electronics,185.7,19,0.19,3.8,2857.923
04/05/2026,1,108,Clothing,92.17,16,0.08,4.7,1356.7424
04/06/2026,7,187,Electronics,55.06,19,0.24,4.1,795.0664
04/07/2026,12,143,Electronics,291.94,16,0.28,1.8,3363.1488
04/08/2026,17,177,Furniture,489.27,6,0.09,1.3,2671.4142
04/09/2026,5,145,Electronics,413.25,1,0.01,3,409.1175
04/10/2026,4,107,Clothing,223.56,18,0.27,4.8,2937.5784
04/11/2026,12,136,Electronics,272.94,8,0.28,4.3,1572.1344
04/12/2026,18,118,Electronics,146.97,5,0.02,3.3,720.153
04/13/2026,17,162,Electronics,89.9,12,0,1.6,1078.8
04/14/2026,19,191,Grocery,246.22,18,0.24,3.9,3368.2896
04/15/2026,9,145,Clothing,237.12,5,0.09,4.3,1078.896
04/16/2026,4,193,Grocery,265.75,13,0.27,4.7,2521.9675
04/17/2026,2,170,Clothing,476.87,12,0.07,3.4,5321.8692
04/18/2026,4,125,Clothing,305.91,16,0.26,3.1,3621.9744
04/19/2026,2,145,Furniture,306.83,14,0.02,3.5,4209.7076
04/20/2026,15,145,Grocery,72.73,11,0.08,4.8,736.0276
04/21/2026,2,174,Clothing,498.28,9,0.29,3.5,3184.0092
04/22/2026,4,113,Clothing,388.69,10,0.07,2,3614.817
04/23/2026,6,184,Furniture,439.83,16,0.04,3.5,6755.7888
04/24/2026,7,162,Grocery,213.01,19,0.26,4.5,2994.9206
04/25/2026,10,171,Electronics,256.04,10,0.04,3.3,2457.984
04/26/2026,19,102,Furniture,265.82,4,0.03,3,1031.3816
04/27/2026,19,127,Clothing,105.11,8,0.1,3.9,756.792
04/28/2026,12,128,Grocery,347.85,11,0.19,3.6,3099.3435
04/29/2026,3,186,Clothing,452.46,6,0.21,1.2,2144.6604
04/30/2026,13,117,Furniture,90.22,4,0.26,3.9,267.0512
05/01/2026,18,134,Furniture,52.3,5,0.16,2.6,219.66
05/02/2026,8,176,Grocery,371.73,18,0.12,4.8,5888.2032
05/03/2026,15,175,Furniture,143.87,3,0.11,4.9,384.1329
05/04/2026,1,146,Furniture,315.69,7,0.25,2.8,1657.3725
05/05/2026,3,104,Electronics,350.92,12,0.22,4.9,3284.6112
05/06/2026,8,174,Clothing,167.74,3,0.27,2.2,367.3506
05/07/2026,4,158,Electronics,409.42,17,0.29,3.7,4941.6994
05/08/2026,16,174,Electronics,279.49,3,0.09,1.3,763.0077
05/09/2026,10,158,Grocery,435.81,11,0.16,1.6,4026.8844
05/10/2026,12,146,Furniture,384.01,6,0.19,4.5,1866.2886
05/11/2026,14,194,Clothing,435.6,11,0.05,4.6,4552.02
05/12/2026,14,194,Clothing,19.88,4,0.02,3.1,77.9296
05/13/2026,2,112,Clothing,129.32,17,0.26,2.4,1626.8456
05/14/2026,5,177,Furniture,54.1,1,0.16,2.8,45.444
05/15/2026,5,188,Clothing,226.62,12,0.17,4.5,2257.1352
05/16/2026,6,132,Clothing,446.08,3,0.17,1.8,1110.7392
05/17/2026,13,196,Furniture,239.09,16,0.23,2.2,2945.5888
05/18/2026,9,161,Grocery,426.36,3,0.04,4.1,1227.9168
05/19/2026,15,178,Clothing,170.32,14,0.18,4.7,1955.2736
05/20/2026,14,115,Furniture,176.39,17,0.14,1.4,2578.8218
05/21/2026,7,143,Electronics,448.83,19,0.27,4.2,6225.2721
05/22/2026,2,157,Furniture,218.65,7,0.16,3.6,1285.662
05/23/2026,7,105,Electronics,396.99,11,0.28,1.9,3144.1608
05/24/2026,6,188,Furniture,125.96,16,0.11,4,1793.6704
05/25/2026,17,114,Clothing,474.91,19,0.29,3.9,6406.5359
05/26/2026,2,103,Grocery,291.54,5,0.26,1.6,1078.698
05/27/2026,3,155,Grocery,382.07,1,0.18,3,313.2974
05/28/2026,5,163,Clothing,53.86,10,0.11,4,479.354
05/29/2026,5,167,Electronics,251.41,18,0.11,1.8,4027.5882
05/30/2026,1,193,Furniture,451.51,10,0.23,2.9,3476.627
05/31/2026,8,133,Clothing,439.75,1,0.17,1.5,364.9925
06/01/2026,12,190,Furniture,32.94,13,0.12,2.2,376.8336
06/02/2026,4,194,Clothing,158.81,4,0.19,1.9,514.5444
06/03/2026,13,155,Clothing,227.23,12,0.22,3,2126.8728
06/04/2026,15,131,Furniture,94.41,16,0.01,1.6,1495.4544
06/05/2026,11,108,Grocery,367.7,19,0.03,2.5,6776.711
06/06/2026,10,162,Grocery,100.41,12,0.03,2.1,1168.7724
06/07/2026,3,171,Electronics,179.85,6,0.07,4,1003.563
06/08/2026,14,177,Furniture,335.01,16,0.13,3.8,4663.3392
06/09/2026,16,132,Electronics,246.22,12,0.24,1.4,2245.5264
06/10/2026,10,186,Clothing,371.9,10,0.11,4.8,3309.91
06/11/2026,10,120,Electronics,480.99,5,0.01,4,2380.9005
06/12/2026,12,154,Clothing,67.11,19,0.15,3.5,1083.8265
06/13/2026,9,175,Furniture,357.69,12,0.3,2.9,3004.596
06/14/2026,1,156,Furniture,122.87,8,0.1,1.7,884.664
06/15/2026,5,101,Furniture,213.09,4,0.29,4.8,605.1756
06/16/2026,8,112,Furniture,26.1,7,0.03,1,177.219
06/17/2026,11,103,Electronics,76.59,5,0.05,3.8,363.8025
06/18/2026,12,183,Clothing,166.69,11,0.22,3,1430.2002
06/19/2026,1,149,Grocery,177.57,17,0.15,4.6,2565.8865
06/20/2026,11,147,Furniture,450.8,3,0.23,2.5,1041.348
06/21/2026,5,177,Furniture,373.49,2,0.26,3.1,552.7652
06/22/2026,15,129,Clothing,486.37,19,0.08,4,8501.7476
06/23/2026,5,128,Grocery,303.55,2,0.2,1.2,485.68
06/24/2026,12,107,Furniture,128.44,14,0.18,1.2,1474.4912
06/25/2026,5,111,Grocery,170.55,1,0.26,1.8,126.207
06/26/2026,17,140,Furniture,166.72,16,0.13,1.6,2320.7424
06/27/2026,17,125,Electronics,169.98,15,0.02,1,2498.706
06/28/2026,12,149,Electronics,339.75,18,0.17,3.5,5075.865
06/29/2026,15,101,Grocery,270.1,2,0.29,4.2,383.542
06/30/2026,15,154,Clothing,198.86,11,0,4.8,2187.46
07/01/2026,6,155,Clothing,83.05,17,0.07,2.8,1313.0205
07/02/2026,12,113,Electronics,20.85,13,0.09,2.1,246.6555
07/03/2026,18,105,Clothing,117.23,12,0.23,4.5,1083.2052
07/04/2026,14,194,Clothing,62.66,2,0.1,4.4,112.788
07/05/2026,2,180,Clothing,394.87,18,0.07,3.5,6610.1238
07/06/2026,9,188,Grocery,65.12,10,0.19,2.1,527.472
07/07/2026,5,160,Grocery,364.87,12,0.01,4.6,4334.6556
07/08/2026,1,195,Clothing,198.97,17,0.05,1.7,3213.3655
07/09/2026,3,111,Electronics,45.96,14,0.12,1.2,566.2272
07/10/2026,6,112,Clothing,408.24,19,0.11,4.2,6903.3384
07/11/2026,5,118,Furniture,294.02,13,0.1,3.3,3440.034
07/12/2026,5,143,Electronics,125.52,3,0.03,2,365.2632
07/13/2026,1,188,Grocery,448.39,8,0.11,3.7,3192.5368
07/14/2026,17,194,Furniture,32.18,5,0.24,4.1,122.284
07/15/2026,19,158,Clothing,108.89,12,0.12,4.4,1149.8784
07/16/2026,14,136,Clothing,378.5,1,0.18,2.1,310.37
07/17/2026,12,124,Electronics,357.6,16,0.05,1.1,5435.52
07/18/2026,10,115,Electronics,151.74,12,0.02,3,1784.4624
07/19/2026,18,137,Clothing,40.39,17,0.26,4.4,508.1062
07/20/2026,11,142,Clothing,430.46,9,0.1,1.8,3486.726
07/21/2026,2,186,Electronics,163.71,13,0.11,2.7,1894.1247
07/22/2026,18,113,Furniture,105.9,4,0.26,2,313.464
07/23/2026,7,105,Grocery,262.87,4,0.21,1.1,830.6692
07/24/2026,15,188,Electronics,456.01,15,0.23,4.6,5266.9155
07/25/2026,11,122,Furniture,31.34,10,0.2,1.5,250.72
07/26/2026,18,159,Clothing,385.24,6,0.03,4.1,2242.0968
07/27/2026,12,111,Grocery,290.51,3,0.29,2.4,618.7863
07/28/2026,6,112,Furniture,218.47,15,0.27,2.1,2392.2465
07/29/2026,13,199,Grocery,374.6,6,0.07,4.8,2090.268
07/30/2026,16,197,Grocery,483.25,11,0.24,3.6,4039.97
07/31/2026,18,105,Grocery,122.31,2,0.12,3.7,215.2656
08/01/2026,10,162,Furniture,80.39,2,0.21,4,127.0162
08/02/2026,8,137,Furniture,457.31,1,0.05,2.4,434.4445
08/03/2026,18,149,Clothing,337.79,11,0.16,3.3,3121.1796
08/04/2026,1,151,Grocery,224.61,5,0.04,2.1,1078.128
08/05/2026,8,139,Electronics,290.9,6,0.16,4.3,1466.136
08/06/2026,6,107,Electronics,375.35,3,0.07,3.4,1047.2265
08/07/2026,5,160,Electronics,388.79,5,0.14,2,1671.797
08/08/2026,15,107,Furniture,460.75,9,0.2,4.6,3317.4
08/09/2026,15,196,Clothing,219.15,19,0.26,3.3,3081.249
08/10/2026,2,133,Furniture,153.77,5,0.05,3,730.4075
08/11/2026,1,178,Grocery,323.44,12,0.27,1.1,2833.3344
08/12/2026,11,199,Electronics,213.71,12,0.12,4.6,2256.7776
08/13/2026,10,159,Furniture,301.35,16,0.25,4.8,3616.2
08/14/2026,18,156,Electronics,215.79,7,0.15,3.3,1283.9505
08/15/2026,18,198,Furniture,84.97,14,0.26,2.8,880.2892
08/16/2026,17,145,Electronics,240.02,9,0.2,2.4,1728.144
08/17/2026,8,121,Grocery,348.55,15,0.15,2.1,4444.0125
08/18/2026,15,186,Electronics,401.65,11,0.09,3.3,4020.5165
08/19/2026,8,139,Grocery,251.73,4,0.29,1.5,714.9132
08/20/2026,17,144,Grocery,90.97,11,0.24,4.7,760.5092
08/21/2026,12,154,Furniture,213.2,9,0.11,1.7,1707.732
08/22/2026,8,150,Furniture,395.28,6,0.05,4,2253.096
08/23/2026,14,185,Furniture,212.3,17,0.23,2.2,2779.007
08/24/2026,4,104,Grocery,351.3,9,0.3,1.9,2213.19
08/25/2026,1,194,Clothing,258.53,6,0.08,3.2,1427.0856
08/26/2026,1,112,Clothing,128.2,6,0.27,4.1,561.516
08/27/2026,19,127,Grocery,400.11,4,0.04,3.9,1536.4224
08/28/2026,16,183,Grocery,51.26,11,0.29,1.9,400.3406
08/29/2026,14,196,Furniture,267.2,3,0.22,2.3,625.248
08/30/2026,16,179,Furniture,112.36,18,0.1,4.5,1820.232
08/31/2026,5,161,Furniture,42.86,16,0.09,3.9,624.0416
09/01/2026,9,192,Clothing,256.44,16,0.19,3.9,3323.4624
09/02/2026,2,186,Clothing,254.79,12,0.18,2.1,2507.1336
09/03/2026,18,123,Grocery,356.38,14,0.28,4.2,3592.3104
09/04/2026,6,197,Clothing,374.93,9,0.23,2.4,2598.2649
09/05/2026,9,106,Furniture,366.62,7,0.16,2.6,2155.7256
09/06/2026,1,137,Furniture,210.68,14,0.28,2.2,2123.6544
09/07/2026,9,136,Furniture,319.53,10,0.18,1.5,2620.146
09/08/2026,16,167,Furniture,292.7,11,0.25,2.7,2414.775
09/09/2026,13,197,Furniture,216.57,7,0.25,1.1,1136.9925
09/10/2026,9,141,Electronics,302.63,19,0.28,2.8,4139.9784
09/11/2026,13,185,Grocery,474.15,19,0.02,3.9,8828.673
09/12/2026,9,104,Grocery,104.52,11,0.18,4.8,942.7704
09/13/2026,11,163,Clothing,453.83,6,0.14,1.3,2341.7628
09/14/2026,4,149,Furniture,36.19,8,0.15,2.1,246.092
09/15/2026,2,186,Electronics,161.11,1,0.14,3,138.5546
09/16/2026,6,114,Furniture,151.19,8,0.25,1.7,907.14
09/17/2026,14,194,Furniture,316.92,5,0.1,1.5,1426.14
09/18/2026,4,172,Clothing,74.3,10,0.14,2.8,638.98
09/19/2026,6,152,Electronics,442.35,2,0.06,3.3,831.618
09/20/2026,19,124,Electronics,415.99,4,0.08,4.3,1530.8432
09/21/2026,6,188,Grocery,329.51,2,0.2,5,527.216
09/22/2026,2,184,Furniture,234.62,15,0.04,4.1,3378.528
09/23/2026,18,108,Electronics,467.15,10,0.06,1.9,4391.21
09/24/2026,13,137,Grocery,417.07,2,0.16,4,700.6776
09/25/2026,9,121,Electronics,254.66,6,0.01,3.1,1512.6804
09/26/2026,19,186,Furniture,353.92,14,0.04,2.8,4756.6848
09/27/2026,13,148,Grocery,287.8,5,0.26,4.7,1064.86
09/28/2026,11,167,Electronics,298.09,2,0.25,3.8,447.135
09/29/2026,1,192,Clothing,172.18,14,0.1,3.7,2169.468
09/30/2026,7,114,Electronics,236.42,13,0.1,1,2766.114
10/01/2026,15,164,Furniture,48.28,2,0.28,4.5,69.5232
10/02/2026,1,153,Clothing,185.1,9,0.01,4.2,1649.241
10/03/2026,12,129,Electronics,350.96,3,0.17,2.2,873.8904
10/04/2026,7,192,Electronics,477.08,15,0.18,2.2,5868.084
10/05/2026,15,119,Grocery,481.9,3,0.24,1.2,1098.732
10/06/2026,19,132,Furniture,282.3,12,0.29,1.2,2405.196
10/07/2026,1,199,Electronics,307.24,6,0.11,3.7,1640.6616
10/08/2026,17,185,Electronics,101,19,0.13,1.7,1669.53
10/09/2026,17,176,Electronics,350.7,17,0.2,4.7,4769.52
10/10/2026,3,106,Furniture,44.62,6,0.29,4.4,190.0812
10/11/2026,12,107,Clothing,149.5,19,0.27,2.4,2073.565
10/12/2026,6,127,Furniture,337.5,17,0.2,2.5,4590
10/13/2026,11,144,Grocery,162.05,16,0.26,2.3,1918.672
10/14/2026,3,172,Grocery,34.42,8,0.03,1.4,267.0992
10/15/2026,8,188,Furniture,417.62,19,0.11,1.1,7061.9542
10/16/2026,14,179,Electronics,162.06,8,0,2.8,1296.48
10/17/2026,14,173,Electronics,40.92,15,0.05,4.8,583.11
10/18/2026,10,110,Clothing,46.65,8,0.19,4.7,302.292
10/19/2026,2,130,Furniture,133.36,3,0.27,4.2,292.0584
10/20/2026,14,111,Furniture,97.23,16,0.19,3.5,1260.1008
10/21/2026,9,194,Electronics,389.41,3,0.2,4.4,934.584
10/22/2026,3,177,Grocery,167.63,1,0.03,3.1,162.6011
10/23/2026,8,150,Grocery,404.3,8,0.2,1.7,2587.52
10/24/2026,16,143,Clothing,95.18,9,0.14,3.7,736.6932
10/25/2026,2,195,Clothing,251.51,12,0.2,4.7,2414.496
10/26/2026,6,149,Grocery,347.14,18,0.1,1.1,5623.668
10/27/2026,12,116,Furniture,329.48,17,0.17,2,4648.9628
10/28/2026,5,134,Clothing,304.55,8,0.13,2.1,2119.668
10/29/2026,2,100,Electronics,463.16,11,0.17,1.4,4228.6508
10/30/2026,16,128,Furniture,121.98,7,0.04,1.9,819.7056
10/31/2026,5,150,Electronics,251.92,14,0.12,2.5,3103.6544
11/01/2026,15,163,Clothing,443.16,10,0.11,4.8,3944.124
11/02/2026,12,103,Grocery,48.17,15,0.22,4.4,563.589
11/03/2026,4,186,Clothing,37.39,12,0.21,4.8,354.4572
11/04/2026,15,127,Grocery,124.32,17,0.27,1.5,1542.8112
11/05/2026,11,115,Furniture,320.18,8,0.19,1.1,2074.7664
11/06/2026,16,162,Clothing,137.34,14,0.09,1.4,1749.7116
11/07/2026,6,175,Clothing,103.22,15,0.23,4.7,1192.191
11/08/2026,14,152,Clothing,234.81,11,0.15,1.6,2195.4735
11/09/2026,18,184,Furniture,310.66,12,0.06,3.3,3504.2448
11/10/2026,12,116,Electronics,131.79,16,0.22,1.9,1644.7392
11/11/2026,11,139,Electronics,157.34,18,0.04,1.1,2718.8352
11/12/2026,13,112,Grocery,310.64,10,0.05,1.3,2951.08
11/13/2026,11,151,Clothing,473.41,19,0.23,3.8,6925.9883
11/14/2026,16,157,Electronics,340.62,18,0.23,1.7,4720.9932
11/15/2026,15,195,Furniture,393.62,1,0.24,1.9,299.1512
11/16/2026,15,136,Clothing,189.74,4,0.09,2.5,690.6536
11/17/2026,4,178,Grocery,143.4,7,0.26,3.6,742.812
11/18/2026,11,175,Electronics,232.59,1,0.22,2.9,181.4202
11/19/2026,19,160,Furniture,405.5,8,0.25,4.8,2433
11/20/2026,15,178,Furniture,233.59,17,0.21,2.7,3137.1137
11/21/2026,4,133,Grocery,424.9,8,0.17,1.8,2821.336
11/22/2026,13,169,Electronics,494.5,5,0.03,3.1,2398.325
11/23/2026,19,116,Clothing,45.29,1,0.21,2.8,35.7791
11/24/2026,2,119,Furniture,32.25,15,0.21,4.1,382.1625
11/25/2026,14,172,Grocery,83.3,4,0.09,4.7,303.212
11/26/2026,4,158,Furniture,198.34,7,0.22,4.3,1082.9364
11/27/2026,16,168,Furniture,74.21,14,0.17,2.6,862.3202
11/28/2026,14,186,Electronics,436.63,12,0.17,1.9,4348.8348
11/29/2026,15,132,Electronics,21.34,3,0.11,4.7,56.9778
11/30/2026,3,177,Clothing,164.74,18,0.04,2.5,2846.7072
12/01/2026,8,116,Furniture,100.5,8,0.07,4.1,747.72
12/02/2026,16,156,Grocery,466.45,2,0.23,5,718.333
12/03/2026,10,182,Furniture,338.05,6,0.08,3.3,1866.036
12/04/2026,4,196,Grocery,456.89,7,0,2.9,3198.23
12/05/2026,18,100,Furniture,486.44,7,0.3,3.8,2383.556
12/06/2026,2,112,Grocery,253.58,13,0.06,1.8,3098.7476
12/07/2026,17,126,Furniture,124.82,1,0.2,3,99.856
12/08/2026,13,169,Furniture,104.93,8,0.28,2.2,604.3968
12/09/2026,4,158,Clothing,119.23,13,0.18,1.7,1270.9918
12/10/2026,11,105,Electronics,357.21,19,0.24,3.4,5158.1124
12/11/2026,7,196,Electronics,29.82,17,0.29,3.3,359.9274
12/12/2026,12,193,Grocery,35.17,13,0.26,4,338.3354
12/13/2026,10,198,Furniture,307.99,16,0.17,4.5,4090.1072
12/14/2026,7,122,Furniture,324.61,15,0.11,1.9,4333.5435
12/15/2026,13,109,Electronics,335.98,11,0.14,4.1,3178.3708
12/16/2026,7,150,Grocery,192.22,12,0.25,2.5,1729.98
12/17/2026,17,118,Clothing,404.91,3,0.26,3.5,898.9002
12/18/2026,10,150,Clothing,271.48,9,0.25,4.4,1832.49
12/19/2026,10,191,Clothing,61.68,14,0.18,2,708.0864
12/20/2026,4,186,Furniture,400.58,7,0.14,3.4,2411.4916
12/21/2026,4,167,Grocery,477,11,0.09,2.9,4774.77
12/22/2026,7,183,Electronics,39.42,10,0,4.2,394.2
12/23/2026,1,182,Furniture,201.76,3,0.23,3.8,466.0656
12/24/2026,12,141,Furniture,248.88,19,0.08,4.1,4350.4224
12/25/2026,13,190,Clothing,81.77,2,0.1,2.2,147.186
12/26/2026,10,156,Grocery,435.18,17,0.25,3.8,5548.545
12/27/2026,15,197,Grocery,149.23,2,0.02,3.4,292.4908
12/28/2026,13,167,Clothing,393.67,16,0.28,2.8,4535.0784
12/29/2026,9,137,Clothing,338.79,17,0,2.5,5759.43
12/30/2026,9,161,Clothing,303.04,10,0.28,2.3,2181.888
12/31/2026,15,106,Furniture,104.15,4,0.14,1,358.276
01/01/2027,10,170,Furniture,118.14,11,0.03,1.7,1260.5538
01/02/2027,10,149,Furniture,33.2,17,0.2,1.2,451.52
01/03/2027,8,151,Electronics,127.95,12,0.27,4.4,1120.842
01/04/2027,16,125,Electronics,179.27,10,0.13,4.4,1559.649
01/05/2027,17,125,Grocery,418.24,16,0.21,4.4,5286.5536
01/06/2027,5,118,Clothing,189.53,4,0.29,4.3,538.2652
01/07/2027,4,108,Clothing,379.76,3,0.07,1.9,1059.5304
01/08/2027,18,160,Furniture,225.33,9,0.25,3,1520.9775
01/09/2027,19,119,Electronics,394.59,6,0.09,4.6,2154.4614
01/10/2027,4,149,Clothing,488.37,12,0.13,4,5098.5828
01/11/2027,7,179,Grocery,127.52,1,0.08,1,117.3184
01/12/2027,10,180,Clothing,432.55,14,0.13,2.8,5268.459
01/13/2027,18,121,Furniture,314.69,10,0,1,3146.9
01/14/2027,19,112,Furniture,410.47,18,0.09,2.1,6723.4986
01/15/2027,4,111,Electronics,329.28,13,0.13,2.7,3724.1568
01/16/2027,10,109,Grocery,217.74,9,0.19,4.6,1587.3246
01/17/2027,1,164,Grocery,121.76,19,0.19,3.6,1873.8864
01/18/2027,18,195,Clothing,44.32,4,0.18,2.4,145.3696
01/19/2027,5,129,Grocery,272.4,3,0.09,3,743.652
01/20/2027,15,107,Clothing,495.26,6,0.28,4.3,2139.5232
01/21/2027,17,120,Clothing,371.64,9,0.12,2.2,2943.3888
01/22/2027,3,121,Electronics,170.4,10,0.07,3.5,1584.72
01/23/2027,12,117,Grocery,415.33,9,0.17,2,3102.5151
01/24/2027,2,165,Furniture,386.8,17,0.22,2.9,5128.968
01/25/2027,1,147,Clothing,148,10,0,1.1,1480
01/26/2027,17,143,Clothing,17.01,6,0.08,4.4,93.8952
01/27/2027,16,108,Clothing,67.9,16,0.25,1.2,814.8
01/28/2027,5,166,Grocery,439.88,17,0.15,1.9,6356.266
01/29/2027,15,153,Grocery,419.92,11,0.12,2.3,4064.8256
01/30/2027,3,125,Grocery,154.65,7,0.28,3.5,779.436
01/31/2027,7,184,Clothing,149.75,4,0.03,3.9,581.03
02/01/2027,11,193,Furniture,398.5,10,0.18,1.3,3267.7
02/02/2027,10,191,Furniture,469.49,14,0.1,1.2,5915.574
02/03/2027,9,199,Grocery,391.78,17,0.02,4.2,6527.0548
02/04/2027,14,125,Furniture,306.73,14,0.06,3.8,4036.5668
02/05/2027,13,133,Clothing,128.91,13,0.19,4.3,1357.4223
02/06/2027,2,107,Grocery,267.62,2,0.01,3.7,529.8876
02/07/2027,3,109,Grocery,124.42,9,0.18,4,918.2196
02/08/2027,7,147,Clothing,405.93,3,0.29,2.5,864.6309
02/09/2027,18,154,Grocery,199.61,4,0.24,3.4,606.8144
02/10/2027,3,153,Clothing,418.51,12,0.1,4.2,4519.908
02/11/2027,10,177,Grocery,196.99,15,0.04,1.7,2836.656
02/12/2027,7,139,Furniture,413.83,8,0.14,2.7,2847.1504
02/13/2027,9,114,Grocery,173.33,18,0.12,4,2745.5472
02/14/2027,17,180,Grocery,225.67,5,0.29,3.1,801.1285
02/15/2027,11,117,Grocery,311.59,2,0.3,3.7,436.226
02/16/2027,7,195,Electronics,44.44,9,0.12,2.2,351.9648
02/17/2027,14,122,Furniture,474.62,14,0.04,1.1,6378.8928
02/18/2027,19,161,Clothing,291.07,1,0.27,1.1,212.4811
02/19/2027,4,145,Electronics,258.83,4,0.24,4.8,786.8432
02/20/2027,6,186,Furniture,421.3,17,0.15,4.8,6087.785
02/21/2027,10,198,Grocery,434.22,10,0.11,1.8,3864.558
02/22/2027,7,138,Grocery,265.91,2,0.13,1.6,462.6834
02/23/2027,13,114,Clothing,464.36,6,0.27,1.1,2033.8968
02/24/2027,14,152,Clothing,41.72,19,0.06,1.9,745.1192
02/25/2027,4,187,Furniture,65.48,9,0.24,2.3,447.8832
02/26/2027,8,163,Furniture,302.43,19,0.01,2,5688.7083
02/27/2027,5,162,Clothing,183.49,19,0.28,4.2,2510.1432
02/28/2027,1,191,Furniture,237.47,9,0.15,4,1816.6455
03/01/2027,4,179,Clothing,170.76,3,0.07,1.3,476.4204
03/02/2027,3,115,Grocery,208.32,6,0,3.8,1249.92
03/03/2027,9,169,Clothing,413.1,6,0.17,3.1,2057.238
03/04/2027,8,165,Electronics,300.8,17,0.07,1.5,4755.648
03/05/2027,1,112,Clothing,498.7,13,0.19,4,5251.311
03/06/2027,6,146,Clothing,395.57,13,0.08,1.3,4731.0172
03/07/2027,9,108,Electronics,144.1,7,0.03,1.7,978.439
03/08/2027,7,162,Electronics,139.53,9,0.15,1.6,1067.4045
03/09/2027,4,133,Electronics,174.59,18,0.17,4.8,2608.3746
03/10/2027,13,180,Electronics,423.2,1,0.14,3.8,363.952
03/11/2027,17,190,Clothing,23.37,13,0.14,2.6,261.2766
03/12/2027,2,128,Furniture,122.79,8,0.18,4.3,805.5024
03/13/2027,5,136,Electronics,453.41,9,0.16,1.9,3427.7796
03/14/2027,12,142,Grocery,323.55,1,0.04,4.7,310.608
03/15/2027,8,185,Clothing,121.16,9,0.06,3.8,1025.0136
03/16/2027,6,163,Furniture,117.38,11,0.04,3.2,1239.5328
03/17/2027,8,123,Grocery,432.68,4,0.21,4.2,1367.2688
03/18/2027,18,170,Clothing,447.94,16,0.16,3.6,6020.3136
03/19/2027,3,133,Clothing,135.5,14,0.13,4.5,1650.39
03/20/2027,12,147,Grocery,216.05,18,0.24,4.3,2955.564
03/21/2027,3,111,Electronics,418.95,9,0.1,1.8,3393.495
03/22/2027,6,122,Electronics,387.79,1,0.17,2,321.8657
03/23/2027,2,178,Grocery,408.82,3,0.02,1.3,1201.9308
03/24/2027,12,196,Furniture,264.02,1,0.22,1.9,205.9356
03/25/2027,2,112,Electronics,456.66,3,0.21,2.4,1082.2842
03/26/2027,6,186,Clothing,169.72,14,0.24,1.1,1805.8208
03/27/2027,17,195,Clothing,86.77,14,0.27,2.3,886.7894
03/28/2027,3,144,Furniture,357.28,13,0.23,4.1,3576.3728
03/29/2027,2,198,Clothing,274.28,1,0.25,4.4,205.71
03/30/2027,8,164,Electronics,428.75,15,0.1,1,5788.125
03/31/2027,12,146,Furniture,49.77,7,0.1,1,313.551
04/01/2027,4,157,Electronics,423.41,16,0.28,1.6,4877.6832
04/02/2027,5,104,Furniture,153.71,1,0.27,4.5,112.2083
04/03/2027,13,176,Grocery,330.88,15,0.16,2.9,4169.088
04/04/2027,15,104,Clothing,29.66,15,0.11,4.9,395.961
04/05/2027,16,159,Furniture,308.69,19,0.26,4.5,4340.1814
04/06/2027,10,195,Grocery,361.46,6,0.1,4.6,1951.884
04/07/2027,16,120,Electronics,190.69,6,0.05,1.5,1086.933
04/08/2027,12,123,Grocery,115.55,1,0.19,2.9,93.5955
04/09/2027,17,117,Electronics,273.44,16,0.01,5,4331.2896
04/10/2027,16,120,Furniture,418.26,18,0.11,1.6,6700.5252
04/11/2027,12,153,Furniture,168.54,13,0.24,3.3,1665.1752
04/12/2027,8,109,Clothing,133.71,12,0.09,2.4,1460.1132
04/13/2027,3,123,Clothing,146.68,18,0.28,2.6,1900.9728
04/14/2027,16,184,Furniture,475.07,10,0.29,4.6,3372.997
04/15/2027,13,188,Electronics,186.05,14,0.24,3.4,1979.572
04/16/2027,19,159,Electronics,11.77,11,0.3,4,90.629
04/17/2027,8,156,Furniture,393.02,18,0.16,3.7,5942.4624
04/18/2027,5,122,Electronics,352.64,12,0.17,3.1,3512.2944
04/19/2027,8,121,Furniture,73,17,0.25,4.2,930.75
04/20/2027,12,167,Clothing,492.6,3,0.15,4.9,1256.13
04/21/2027,1,133,Electronics,307.95,1,0.12,4.9,270.996
04/22/2027,6,169,Clothing,255.38,1,0.18,4.2,209.4116
04/23/2027,18,127,Grocery,197.29,6,0.2,2.9,946.992
04/24/2027,8,194,Clothing,450.35,19,0.23,1.7,6588.6205
04/25/2027,7,198,Grocery,129.54,4,0.2,1.2,414.528
04/26/2027,1,138,Clothing,150.03,13,0.22,1.9,1521.3042
04/27/2027,16,141,Clothing,69.98,12,0.2,2.4,671.808
04/28/2027,12,122,Electronics,381.97,8,0.14,1.5,2627.9536
04/29/2027,6,169,Clothing,301.82,7,0.04,1.9,2028.2304
04/30/2027,2,179,Furniture,308.44,7,0.24,1.3,1640.9008
05/01/2027,14,101,Electronics,117.05,7,0.01,3.1,811.1565
05/02/2027,4,123,Electronics,329.07,14,0.3,1.5,3224.886
05/03/2027,1,116,Electronics,385.07,18,0.25,4,5198.445
05/04/2027,18,164,Clothing,185.37,19,0.2,2.3,2817.624
05/05/2027,13,169,Electronics,402.66,19,0.29,3.7,5431.8834
05/06/2027,2,168,Grocery,180.91,18,0.18,4.5,2670.2316
05/07/2027,9,159,Grocery,381.49,6,0.02,1.3,2243.1612
05/08/2027,2,149,Clothing,26.53,16,0.17,5,352.3184
05/09/2027,9,192,Electronics,280.07,3,0.08,3.6,772.9932
05/10/2027,1,111,Furniture,485.07,2,0.11,1.2,863.4246
05/11/2027,11,146,Furniture,490.81,15,0.14,2.3,6331.449
05/12/2027,3,166,Grocery,148.06,11,0.23,4.5,1254.0682
05/13/2027,4,164,Clothing,226.29,19,0.15,3.4,3654.5835
05/14/2027,18,126,Clothing,40.86,18,0.14,2.1,632.5128
05/15/2027,6,147,Clothing,437.94,11,0.09,4.8,4383.7794
05/16/2027,3,187,Clothing,288.6,3,0.16,4.1,727.272
05/17/2027,11,161,Clothing,198.7,4,0.07,3.9,739.164
05/18/2027,15,143,Electronics,65.26,6,0.08,4.6,360.2352
05/19/2027,5,118,Electronics,473.92,12,0.23,4.1,4379.0208
05/20/2027,10,158,Electronics,269.81,4,0.1,2.1,971.316
05/21/2027,12,107,Furniture,148.63,12,0.02,3.3,1747.8888
05/22/2027,15,154,Electronics,181.61,4,0.1,4.4,653.796
05/23/2027,17,146,Clothing,142.64,2,0.19,1.7,231.0768
05/24/2027,10,101,Clothing,304.89,12,0.24,1.7,2780.5968
05/25/2027,6,193,Furniture,465.68,13,0.29,1.6,4298.2264
05/26/2027,18,193,Furniture,429.78,16,0.22,1.8,5363.6544
05/27/2027,13,138,Grocery,235.59,4,0.13,1.4,819.8532
05/28/2027,3,144,Furniture,414.98,8,0.09,4.4,3021.0544
05/29/2027,10,131,Grocery,217.32,5,0.04,4.3,1043.136
05/30/2027,14,164,Electronics,133.63,14,0.19,1.6,1515.3642
05/31/2027,6,137,Clothing,491.87,15,0.15,3.8,6271.3425
06/01/2027,3,176,Grocery,158.9,11,0.2,3.5,1398.32
06/02/2027,16,110,Grocery,168.62,10,0.07,2.1,1568.166
06/03/2027,7,109,Grocery,494.95,10,0.1,1.9,4454.55
06/04/2027,14,158,Furniture,75.62,6,0.09,2,412.8852
06/05/2027,9,189,Furniture,382.66,16,0.24,3.9,4653.1456
06/06/2027,15,154,Furniture,468.55,4,0.05,2.3,1780.49
06/07/2027,3,119,Grocery,260.78,9,0.18,2.1,1924.5564
06/08/2027,2,180,Electronics,11.24,10,0.02,1.1,110.152
06/09/2027,2,116,Clothing,193.78,5,0.16,4.6,813.876
06/10/2027,3,167,Furniture,64.67,10,0.02,4,633.766
06/11/2027,18,104,Electronics,213.93,16,0.05,2.9,3251.736
06/12/2027,14,159,Furniture,397.11,11,0.03,4.8,4237.1637
06/13/2027,18,122,Furniture,224.97,6,0.1,2.2,1214.838
06/14/2027,10,145,Grocery,221.64,7,0.1,3.7,1396.332
06/15/2027,2,151,Grocery,282.83,12,0.25,2.2,2545.47
06/16/2027,1,109,Furniture,295.03,13,0.07,2.3,3566.9127
06/17/2027,4,145,Clothing,429.59,17,0.03,4.4,7083.9391
06/18/2027,14,127,Furniture,161.09,9,0.18,4.1,1188.8442
06/19/2027,1,196,Clothing,412.62,8,0.21,2.2,2607.7584
06/20/2027,14,142,Electronics,287.31,16,0.09,1.3,4183.2336
06/21/2027,16,125,Furniture,157.26,3,0.18,2.4,386.8596
06/22/2027,14,154,Clothing,154.61,5,0.23,4,595.2485
06/23/2027,3,147,Electronics,186.96,13,0.1,1.4,2187.432
06/24/2027,3,128,Electronics,315.12,18,0.16,3.7,4764.6144
06/25/2027,9,126,Grocery,123.1,16,0.04,4.6,1890.816
06/26/2027,6,117,Electronics,460.96,14,0.01,1.7,6388.9056
06/27/2027,13,159,Grocery,291.71,11,0.29,4.4,2278.2551
06/28/2027,2,173,Electronics,460.81,18,0.09,1.2,7548.0678
06/29/2027,8,168,Electronics,32.74,8,0.08,3.7,240.9664
06/30/2027,2,173,Clothing,177.88,12,0.29,4.2,1515.5376
07/01/2027,4,120,Clothing,21.18,19,0.22,2.8,313.8876
07/02/2027,15,123,Grocery,143.4,2,0.18,1.8,235.176
07/03/2027,4,102,Furniture,432.38,9,0.21,4.7,3074.2218
07/04/2027,13,194,Clothing,27.94,9,0.21,1.1,198.6534
07/05/2027,12,161,Electronics,223.71,14,0.23,3.2,2411.5938
07/06/2027,13,101,Grocery,67.61,15,0.02,2.5,993.867
07/07/2027,14,165,Grocery,214.25,11,0.12,2.8,2073.94
07/08/2027,18,141,Grocery,421.04,13,0.09,3.1,4980.9032
07/09/2027,6,133,Electronics,315.3,5,0.02,3.1,1544.97
07/10/2027,11,141,Clothing,371.01,6,0.12,1.8,1958.9328
07/11/2027,2,119,Furniture,181.06,5,0.18,3.7,742.346
07/12/2027,19,196,Grocery,472.75,1,0.05,1.1,449.1125
07/13/2027,19,167,Electronics,357.54,18,0.09,1.1,5856.5052
07/14/2027,5,144,Clothing,216.68,8,0.19,2.9,1404.0864
07/15/2027,19,174,Clothing,218.97,17,0.17,3.2,3089.6667
07/16/2027,2,141,Furniture,460.16,11,0.26,2.1,3745.7024
07/17/2027,10,146,Grocery,292.44,11,0.24,3.2,2444.7984
07/18/2027,2,104,Electronics,356.13,3,0.29,3.1,758.5569
07/19/2027,11,188,Clothing,214.35,8,0.18,2.4,1406.136
07/20/2027,18,148,Electronics,119.61,8,0.21,3.6,755.9352
07/21/2027,15,136,Clothing,364.54,3,0.26,4.8,809.2788
07/22/2027,9,133,Grocery,307.83,10,0.25,3,2308.725
07/23/2027,19,172,Grocery,255.66,19,0.22,4.1,3788.8812
07/24/2027,9,169,Furniture,315.77,14,0.15,2,3757.663
07/25/2027,3,117,Clothing,112.06,18,0.08,4,1855.7136
07/26/2027,9,177,Electronics,399.03,3,0.26,3.6,885.8466
07/27/2027,14,118,Clothing,474.6,14,0.23,3.6,5116.188
07/28/2027,19,177,Electronics,446.64,11,0.25,4.6,3684.78
07/29/2027,7,139,Furniture,167.5,10,0.04,1.9,1608
07/30/2027,16,116,Clothing,208.94,14,0.09,2.5,2661.8956
07/31/2027,16,159,Grocery,406.12,1,0.13,1.3,353.3244
08/01/2027,1,198,Electronics,301.61,16,0.25,3.9,3619.32
08/02/2027,4,192,Grocery,278.48,6,0.27,4.4,1219.7424
08/03/2027,4,141,Furniture,464.05,18,0.09,2.6,7601.139
08/04/2027,7,180,Furniture,272.65,16,0.21,2.4,3446.296
08/05/2027,8,171,Electronics,262.32,19,0.02,3.6,4884.3984
08/06/2027,17,164,Clothing,30.59,16,0.12,1.3,430.7072
08/07/2027,5,152,Grocery,44.01,5,0.15,2.2,187.0425
08/08/2027,7,199,Grocery,13.64,12,0.23,2.5,126.0336
08/09/2027,4,106,Electronics,457.49,6,0.27,3.1,2003.8062
08/10/2027,6,104,Electronics,210.11,2,0.1,2.9,378.198
08/11/2027,7,123,Electronics,239.6,16,0.16,1.8,3220.224
08/12/2027,18,127,Furniture,424.24,11,0.19,3.2,3779.9784
08/13/2027,5,161,Furniture,308.53,12,0.1,4.7,3332.124
08/14/2027,3,116,Grocery,308.66,11,0.3,1.1,2376.682
08/15/2027,7,119,Clothing,155.3,19,0.26,3.7,2183.518
08/16/2027,14,102,Electronics,418.62,8,0.09,3.5,3047.5536
08/17/2027,7,136,Furniture,91.26,18,0.15,4.7,1396.278
08/18/2027,5,189,Clothing,36.04,5,0.07,3.6,167.586
08/19/2027,5,114,Electronics,103.89,12,0.15,3.5,1059.678
08/20/2027,2,150,Clothing,141.19,10,0.2,4.1,1129.52
08/21/2027,6,147,Electronics,148.33,15,0.03,2.1,2158.2015
08/22/2027,15,107,Clothing,338.55,5,0.26,3.4,1252.635
08/23/2027,10,112,Grocery,116.73,17,0.18,3.1,1627.2162
08/24/2027,7,147,Electronics,341.56,4,0.3,2.8,956.368
08/25/2027,5,102,Electronics,54.65,12,0.01,1.3,649.242
08/26/2027,1,164,Grocery,82.13,18,0.25,2.2,1108.755
08/27/2027,13,172,Electronics,259.32,8,0.24,2.1,1576.6656
08/28/2027,18,130,Electronics,461.73,17,0.04,3.9,7535.4336
08/29/2027,13,125,Furniture,431.19,8,0.1,4.7,3104.568
08/30/2027,18,180,Grocery,484.69,13,0.27,1.9,4599.7081
08/31/2027,5,155,Furniture,328.73,3,0.16,1.3,828.3996
09/01/2027,13,133,Grocery,341.15,3,0.12,5,900.636
09/02/2027,4,108,Clothing,316.26,7,0.27,3.8,1616.0886
09/03/2027,17,161,Grocery,315.18,18,0.03,4.5,5503.0428
09/04/2027,3,112,Grocery,82.09,7,0.14,1.6,494.1818
09/05/2027,17,168,Furniture,276.43,2,0.2,4.2,442.288
09/06/2027,11,140,Electronics,199.17,7,0.18,4.3,1143.2358
09/07/2027,4,176,Grocery,226.84,2,0.08,1.6,417.3856
09/08/2027,2,100,Electronics,266.56,7,0.17,1.6,1548.7136
09/09/2027,16,188,Grocery,72.91,14,0.21,2.2,806.3846
09/10/2027,18,146,Furniture,186.15,15,0.18,1.9,2289.645
09/11/2027,8,103,Grocery,41.09,16,0.21,4.9,519.3776
09/12/2027,3,199,Clothing,490.04,8,0.08,2.5,3606.6944
09/13/2027,9,162,Grocery,68.08,16,0.25,4,816.96
09/14/2027,6,151,Grocery,136.68,7,0.13,4.2,832.3812
09/15/2027,10,109,Electronics,446.73,11,0.3,2.5,3439.821
09/16/2027,10,127,Electronics,246.53,4,0.01,3.7,976.2588
09/17/2027,13,105,Clothing,76.46,18,0.11,1.4,1224.8892
09/18/2027,17,126,Grocery,198.27,13,0.05,2.6,2448.6345
09/19/2027,9,111,Electronics,66.78,17,0.17,4.9,942.2658
09/20/2027,17,161,Grocery,108.11,12,0.07,1.7,1206.5076
09/21/2027,9,151,Furniture,35.49,18,0.22,2.5,498.2796
09/22/2027,9,147,Furniture,224.73,10,0.26,4.2,1663.002
09/23/2027,1,166,Clothing,405.25,7,0.06,3.7,2666.545
09/24/2027,2,145,Furniture,297.12,12,0.05,3.5,3387.168
09/25/2027,16,196,Electronics,307.11,12,0.26,4.4,2727.1368
09/26/2027,1,173,Electronics,108.29,13,0.11,1.1,1252.9153
09/27/2027,10,194,Clothing,178.51,1,0.13,4.1,155.3037
09/28/2027,18,114,Grocery,424.17,7,0.07,4.5,2761.3467
09/29/2027,8,170,Electronics,53.05,16,0.13,1.1,738.456
09/30/2027,11,135,Furniture,430.39,16,0.07,3.2,6404.2032
10/01/2027,2,113,Electronics,247.01,16,0.2,2.4,3161.728
10/02/2027,8,177,Clothing,420.2,16,0.15,1.2,5714.72
10/03/2027,8,102,Furniture,165.82,14,0.24,2.7,1764.3248
10/04/2027,17,166,Furniture,176.03,11,0.09,3.6,1762.0603
10/05/2027,15,185,Furniture,378.29,19,0.15,4.7,6109.3835
10/06/2027,17,118,Clothing,394.65,11,0.08,3.5,3993.858
10/07/2027,13,198,Clothing,122.53,2,0.28,4.4,176.4432
10/08/2027,19,175,Grocery,486.71,7,0.16,1.5,2861.8548
10/09/2027,5,153,Grocery,51.4,9,0.05,1.8,439.47
10/10/2027,12,168,Grocery,43.57,9,0.08,4.9,360.7596
10/11/2027,1,109,Clothing,301.8,14,0.02,4.5,4140.696
10/12/2027,5,132,Furniture,364.14,10,0.01,1.9,3604.986
10/13/2027,8,112,Furniture,480.83,16,0.16,3.5,6462.3552
10/14/2027,13,198,Electronics,208.42,18,0.1,2.5,3376.404
10/15/2027,8,150,Grocery,22.39,1,0.29,2.9,15.8969
10/16/2027,11,131,Furniture,305.42,2,0.05,4.4,580.298
10/17/2027,1,174,Furniture,151.95,4,0.24,3.9,461.928
10/18/2027,13,123,Furniture,222.14,2,0.09,2,404.2948
10/19/2027,19,134,Furniture,249.35,4,0.07,2.3,927.582
10/20/2027,3,182,Clothing,41.61,6,0.29,2.2,177.2586
10/21/2027,17,169,Grocery,248.13,4,0.24,4.1,754.3152
10/22/2027,5,139,Furniture,218.9,18,0.19,3,3191.562
10/23/2027,8,153,Furniture,359.15,5,0.21,4.8,1418.6425
10/24/2027,14,143,Furniture,326.38,11,0.3,4.3,2513.126
10/25/2027,4,161,Furniture,100.76,13,0.18,1.8,1074.1016
10/26/2027,11,198,Electronics,111.01,3,0.03,4.1,323.0391
10/27/2027,15,167,Furniture,132.99,19,0.02,3,2476.2738
10/28/2027,19,132,Furniture,97.69,11,0.2,2,859.672
10/29/2027,7,176,Furniture,332.03,11,0.2,2.5,2921.864
10/30/2027,19,155,Electronics,497.27,2,0.22,4.9,775.7412
10/31/2027,19,135,Clothing,329.53,15,0.03,2.9,4794.6615
11/01/2027,11,153,Electronics,307.27,8,0.28,3.9,1769.8752
11/02/2027,5,118,Furniture,210.86,2,0.17,2.9,350.0276
11/03/2027,5,142,Clothing,163.16,8,0.19,2.5,1057.2768
11/04/2027,8,111,Furniture,456.43,15,0.01,4.2,6777.9855
11/05/2027,10,110,Clothing,484.81,16,0.29,4.4,5507.4416
11/06/2027,6,169,Furniture,253.42,13,0.17,1.3,2734.4018
11/07/2027,15,111,Furniture,152.2,17,0.17,2.1,2147.542
11/08/2027,16,190,Clothing,387.36,14,0.28,3,3904.5888
11/09/2027,17,140,Clothing,74.9,14,0.28,2.3,754.992
11/10/2027,8,124,Furniture,385.14,1,0.07,4.1,358.1802
11/11/2027,8,102,Electronics,411.28,1,0.28,1.5,296.1216
11/12/2027,9,102,Electronics,71.2,3,0.22,4.2,166.608
11/13/2027,2,183,Electronics,488.66,15,0.01,3.5,7256.601
11/14/2027,15,127,Electronics,492.9,5,0.07,2.2,2291.985
11/15/2027,18,122,Clothing,468.99,5,0.12,2.4,2063.556
11/16/2027,3,147,Clothing,253.06,4,0.17,1.7,840.1592
11/17/2027,17,166,Electronics,130.58,14,0.21,2,1444.2148
11/18/2027,4,141,Grocery,295.18,7,0.06,3.9,1942.2844
11/19/2027,4,187,Grocery,215.77,15,0.25,2.5,2427.4125
11/20/2027,14,139,Grocery,110.91,11,0.25,3.7,915.0075
11/21/2027,9,105,Furniture,217.6,14,0.19,3.1,2467.584
11/22/2027,9,119,Electronics,335.31,6,0.28,1.6,1448.5392
11/23/2027,18,110,Furniture,44.75,10,0.24,3,340.1
11/24/2027,10,195,Clothing,173.37,7,0.07,4,1128.6387
11/25/2027,4,126,Clothing,18.72,10,0.24,2.2,142.272
11/26/2027,12,120,Grocery,377.25,14,0.29,3.6,3749.865
11/27/2027,8,112,Grocery,323.94,5,0.04,1.8,1554.912
11/28/2027,2,185,Clothing,40.71,1,0.29,1.5,28.9041
11/29/2027,13,134,Grocery,482.72,19,0.01,2.4,9079.9632
11/30/2027,16,146,Grocery,21.08,8,0.16,2.6,141.6576
12/01/2027,2,185,Clothing,299.08,19,0.23,4,4375.5404
12/02/2027,11,127,Furniture,390.42,17,0.24,2.8,5044.2264
12/03/2027,10,120,Grocery,396.07,19,0.22,1.3,5869.7574
12/04/2027,15,117,Furniture,26.8,16,0.16,3.5,360.192
12/05/2027,17,130,Grocery,454.14,4,0.2,2.9,1453.248
12/06/2027,8,159,Electronics,460.04,8,0.21,2.3,2907.4528
12/07/2027,18,136,Furniture,285.08,4,0.15,4.2,969.272
12/08/2027,9,120,Furniture,246.22,13,0.18,1.6,2624.7052
12/09/2027,8,113,Grocery,31.99,7,0.25,4.7,167.9475
12/10/2027,14,188,Furniture,285.36,1,0.09,2.3,259.6776
12/11/2027,18,190,Electronics,210.6,9,0.16,2.8,1592.136
12/12/2027,12,159,Clothing,388.68,4,0,4.7,1554.72
12/13/2027,19,122,Electronics,207.9,14,0.21,4,2299.374
12/14/2027,14,194,Clothing,344.95,9,0.06,1.3,2918.277
12/15/2027,17,128,Electronics,59.69,3,0.14,3.3,154.0002
12/16/2027,3,146,Electronics,75.15,15,0.06,2.2,1059.615
12/17/2027,7,129,Furniture,78.46,5,0.01,3,388.377
12/18/2027,17,189,Electronics,32.31,1,0.14,4,27.7866
12/19/2027,12,183,Grocery,275.25,11,0.13,3,2634.1425
12/20/2027,9,137,Grocery,399.04,19,0.13,1.3,6596.1312
12/21/2027,15,182,Grocery,309.1,5,0.06,3.1,1452.77
12/22/2027,18,126,Grocery,291.73,17,0.28,1.1,3570.7752
12/23/2027,13,188,Furniture,343.51,19,0,2.4,6526.69
12/24/2027,8,186,Grocery,176.43,17,0.27,2.9,2189.4963
12/25/2027,14,192,Electronics,187.36,5,0.22,3.6,730.704
12/26/2027,8,114,Grocery,163.99,9,0.05,3,1402.1145
12/27/2027,14,158,Furniture,358.93,6,0.14,1.6,1852.0788
12/28/2027,7,102,Clothing,89.2,13,0.3,4.7,811.72
12/29/2027,12,109,Electronics,16.38,11,0.19,3.6,145.9458
12/30/2027,11,178,Electronics,302.14,1,0.04,2.3,290.0544
12/31/2027,11,179,Furniture,471.77,17,0.14,4.9,6897.2774
01/01/2028,13,116,Clothing,308.61,6,0.14,4.5,1592.4276
01/02/2028,18,182,Grocery,393.63,3,0.24,1.6,897.4764
01/03/2028,2,110,Clothing,339.67,16,0.27,3.6,3967.3456
01/04/2028,15,147,Electronics,253.74,13,0.02,3.2,3232.6476
01/05/2028,18,104,Electronics,362.01,12,0.09,1.8,3953.1492
01/06/2028,15,168,Electronics,413.81,11,0.09,1.9,4142.2381
01/07/2028,19,163,Clothing,120.12,2,0.3,3.3,168.168
01/08/2028,12,113,Grocery,174.7,19,0.17,2.3,2755.019
01/09/2028,13,149,Electronics,119.63,8,0.26,4.3,708.2096
01/10/2028,11,125,Furniture,231.56,13,0.13,1.4,2618.9436
01/11/2028,5,171,Grocery,443.68,14,0.22,4.7,4844.9856
01/12/2028,1,168,Electronics,179.15,15,0.09,4.4,2445.3975
01/13/2028,3,106,Grocery,193.49,17,0.27,4,2401.2109
01/14/2028,19,115,Furniture,431.58,15,0.14,2.1,5567.382
01/15/2028,7,154,Clothing,262.53,10,0.24,3.9,1995.228
01/16/2028,12,177,Electronics,272.37,1,0.08,2.8,250.5804
01/17/2028,15,155,Furniture,431.79,12,0.21,3.5,4093.3692
01/18/2028,5,103,Electronics,250.36,9,0.12,2.3,1982.8512
01/19/2028,15,199,Electronics,343.96,5,0.01,4.3,1702.602
01/20/2028,8,147,Clothing,51.97,15,0.12,1.2,686.004
01/21/2028,10,116,Clothing,97.53,3,0.17,3.8,242.8497
01/22/2028,16,135,Grocery,208.14,19,0.05,4.3,3756.927
01/23/2028,8,169,Furniture,252.47,7,0.06,3.6,1661.2526
01/24/2028,1,179,Furniture,483.21,7,0.14,1.8,2908.9242
01/25/2028,12,192,Clothing,485.62,7,0.1,2.1,3059.406
01/26/2028,5,199,Electronics,427.09,2,0.13,3.1,743.1366
01/27/2028,3,137,Grocery,164.64,2,0.14,2.3,283.1808
01/28/2028,1,161,Clothing,482.37,12,0.04,1,5556.9024
01/29/2028,4,147,Grocery,347.78,5,0.05,1.2,1651.955
01/30/2028,8,109,Grocery,202.54,4,0.25,4.1,607.62
01/31/2028,3,135,Furniture,353.82,7,0.05,1.3,2352.903
02/01/2028,10,128,Grocery,18.1,16,0.2,4.7,231.68
02/02/2028,2,177,Furniture,81.62,3,0.13,2.8,213.0282
02/03/2028,11,103,Electronics,416.55,2,0.29,4,591.501
02/04/2028,10,143,Electronics,326.33,17,0.02,1.5,5436.6578
02/05/2028,14,155,Clothing,188.46,9,0.25,4.7,1272.105
02/06/2028,7,141,Electronics,255.33,8,0.15,1.1,1736.244
02/07/2028,2,199,Furniture,453.52,12,0,1.2,5442.24
02/08/2028,9,112,Grocery,319.47,7,0.08,1.2,2057.3868
02/09/2028,16,145,Grocery,205.09,14,0.12,1.4,2526.7088
02/10/2028,13,181,Electronics,68.96,16,0.09,2.9,1004.0576
02/11/2028,9,132,Furniture,153.94,1,0.11,4.2,137.0066
02/12/2028,4,120,Grocery,489.39,10,0.28,2.1,3523.608
02/13/2028,10,179,Electronics,224.31,11,0.11,4,2195.9949
02/14/2028,12,178,Furniture,241.2,7,0.13,4.1,1468.908
02/15/2028,17,156,Furniture,254.31,18,0.23,4.6,3524.7366
02/16/2028,14,168,Grocery,443.21,19,0.24,1.6,6399.9524
02/17/2028,14,169,Clothing,305.92,14,0.03,1.5,4154.3936
02/18/2028,2,166,Clothing,349.9,17,0.21,1.5,4699.157
02/19/2028,11,147,Furniture,200.81,19,0.14,2.4,3281.2354
02/20/2028,16,175,Furniture,24.25,13,0.04,3,302.64
02/21/2028,19,199,Electronics,466.18,3,0.08,2.8,1286.6568
02/22/2028,6,132,Furniture,475.07,2,0.01,2,940.6386
02/23/2028,19,135,Electronics,475.08,9,0.11,3.5,3805.3908
02/24/2028,5,132,Electronics,472.41,7,0.08,2.4,3042.3204
02/25/2028,4,130,Electronics,409.47,14,0.11,2.5,5101.9962
02/26/2028,15,120,Furniture,345.45,5,0.17,1.4,1433.6175
02/27/2028,4,126,Furniture,423.81,15,0.22,3.4,4958.577
02/28/2028,10,190,Electronics,304.27,1,0.18,3.6,249.5014
02/29/2028,3,171,Grocery,75.84,7,0.2,4,424.704
03/01/2028,5,161,Furniture,201.7,5,0.26,4.6,746.29
03/02/2028,6,195,Clothing,485.93,4,0.26,4.1,1438.3528
03/03/2028,8,125,Grocery,182.06,11,0.26,1.9,1481.9684
03/04/2028,7,165,Clothing,435.24,19,0.05,1.9,7856.082
03/05/2028,10,111,Furniture,55.67,6,0.08,4.7,307.2984
03/06/2028,6,121,Grocery,173.75,18,0.15,4.2,2658.375
03/07/2028,14,116,Furniture,181.97,5,0.11,4.1,809.7665
03/08/2028,4,106,Furniture,35.29,15,0.04,3.9,508.176
03/09/2028,13,167,Grocery,68.36,6,0.09,2.1,373.2456
03/10/2028,17,136,Furniture,104.65,4,0.29,4.4,297.206
03/11/2028,7,137,Grocery,420.53,17,0.1,1.6,6434.109
03/12/2028,4,195,Furniture,41.07,15,0.13,2.4,535.9635
03/13/2028,14,110,Electronics,156.36,18,0,2.4,2814.48
03/14/2028,3,100,Clothing,14.99,6,0.22,3.2,70.1532
03/15/2028,5,124,Electronics,350.86,19,0.12,2.9,5866.3792
03/16/2028,16,141,Furniture,313.95,12,0.03,2.8,3654.378
03/17/2028,4,151,Furniture,326.04,9,0.29,3.2,2083.3956
03/18/2028,2,123,Furniture,193.45,8,0.23,2.7,1191.652
03/19/2028,18,152,Electronics,112.05,15,0.22,2,1310.985
03/20/2028,19,155,Furniture,362.96,1,0.29,3.7,257.7016
03/21/2028,19,162,Grocery,407.45,2,0.12,4.2,717.112
03/22/2028,17,180,Clothing,77.91,3,0.22,2.9,182.3094
03/23/2028,14,107,Furniture,248.55,19,0.06,3.6,4439.103
03/24/2028,19,158,Furniture,131.87,10,0.21,3.1,1041.773
03/25/2028,13,144,Clothing,92.37,14,0,1.2,1293.18
03/26/2028,12,126,Clothing,369.82,19,0.04,2.7,6745.5168
03/27/2028,6,151,Clothing,273.67,11,0.13,1,2619.0219
03/28/2028,4,117,Electronics,115.93,6,0,3.6,695.58
03/29/2028,19,190,Electronics,161.9,19,0.14,3,2645.446
03/30/2028,16,185,Furniture,483.66,14,0.16,1.5,5687.8416
03/31/2028,13,115,Clothing,425.85,8,0.19,3.2,2759.508
04/01/2028,4,165,Furniture,441.17,2,0.03,4.6,855.8698
04/02/2028,17,104,Furniture,235.41,18,0.05,2.4,4025.511
04/03/2028,1,181,Furniture,315.67,4,0.18,4.9,1035.3976
04/04/2028,18,102,Electronics,194.62,3,0.2,4.8,467.088
04/05/2028,17,190,Clothing,48.08,2,0.01,4.1,95.1984
04/06/2028,15,180,Furniture,206.52,4,0.16,4.3,693.9072
04/07/2028,11,179,Electronics,301.05,18,0.24,2.6,4118.364
04/08/2028,13,169,Grocery,150.7,11,0.02,2.6,1624.546
04/09/2028,1,106,Grocery,425.5,9,0.12,4.8,3369.96
04/10/2028,17,149,Furniture,84.04,8,0.1,2.5,605.088
04/11/2028,6,113,Furniture,189.89,8,0.27,1.4,1108.9576
04/12/2028,4,137,Clothing,71.2,5,0.06,1.6,334.64
04/13/2028,16,178,Clothing,208.37,13,0.1,3.8,2437.929
04/14/2028,15,146,Furniture,29.43,7,0.27,2.5,150.3873
04/15/2028,15,132,Electronics,143.55,5,0.1,1.8,645.975
04/16/2028,6,142,Furniture,206.36,13,0.16,4.3,2253.4512
04/17/2028,15,190,Clothing,244.3,16,0.01,3,3869.712
04/18/2028,14,128,Clothing,276.41,14,0.3,3.3,2708.818
04/19/2028,11,156,Electronics,144.75,5,0.25,1.6,542.8125
04/20/2028,7,104,Furniture,266.29,19,0.19,1.8,4098.2031
04/21/2028,9,192,Clothing,259.41,4,0.02,1.5,1016.8872
04/22/2028,16,195,Furniture,164.93,11,0.02,3.1,1777.9454
04/23/2028,5,159,Clothing,416.8,2,0.16,4.1,700.224
04/24/2028,10,169,Grocery,277.36,13,0.09,3.9,3281.1688
04/25/2028,18,101,Grocery,172.81,16,0.19,2,2239.6176
04/26/2028,3,169,Grocery,474.2,9,0.18,4.4,3499.596
04/27/2028,13,142,Clothing,424.11,16,0.25,1.4,5089.32
04/28/2028,11,103,Electronics,491.47,7,0.08,1.5,3165.0668
04/29/2028,17,155,Grocery,349.19,16,0.17,4.4,4637.2432
04/30/2028,13,192,Clothing,195.33,13,0.23,2,1955.2533
05/01/2028,6,158,Furniture,147.62,5,0.15,3.8,627.385
05/02/2028,17,188,Grocery,335.03,15,0.25,1,3769.0875
05/03/2028,13,108,Electronics,490.6,7,0.04,1.4,3296.832
05/04/2028,19,102,Electronics,317.09,18,0.22,3.4,4451.9436
05/05/2028,19,189,Electronics,441.99,2,0.28,1.7,636.4656
05/06/2028,10,147,Furniture,171.26,8,0.1,1.1,1233.072
05/07/2028,3,142,Furniture,209.41,10,0.11,2.9,1863.749
05/08/2028,14,190,Electronics,454.07,10,0.03,2.3,4404.479
05/09/2028,19,199,Electronics,380.86,11,0.19,4.2,3393.4626
05/10/2028,5,195,Electronics,490.89,8,0.17,4.3,3259.5096
05/11/2028,5,100,Furniture,389.63,16,0.01,3.5,6171.7392
05/12/2028,17,156,Furniture,229.77,16,0.23,2.2,2830.7664
05/13/2028,10,152,Clothing,270.22,17,0.25,2.8,3445.305
05/14/2028,5,115,Grocery,451.25,6,0.27,3.8,1976.475
05/15/2028,4,150,Furniture,280.31,18,0.16,1.3,4238.2872
05/16/2028,6,174,Electronics,135.14,17,0.14,2.3,1975.7468
05/17/2028,4,189,Grocery,223.45,12,0.26,4.3,1984.236
05/18/2028,7,154,Furniture,262.99,15,0.12,2.6,3471.468
05/19/2028,7,100,Grocery,57.39,7,0.2,3.5,321.384
05/20/2028,18,189,Clothing,374.44,14,0.18,1.4,4298.5712
05/21/2028,3,127,Furniture,63.58,4,0.11,4.1,226.3448
05/22/2028,1,152,Electronics,208.41,17,0.03,1.4,3436.6809
05/23/2028,4,157,Electronics,404.26,11,0.01,4.4,4402.3914
05/24/2028,6,172,Clothing,239.11,6,0.13,1.4,1248.1542
05/25/2028,9,159,Clothing,422.59,10,0.14,4.6,3634.274
05/26/2028,14,158,Clothing,177.52,15,0.25,2.5,1997.1
05/27/2028,12,121,Clothing,479.24,6,0.12,3.5,2530.3872
05/28/2028,4,107,Clothing,112.64,16,0.08,4.4,1658.0608
05/29/2028,12,148,Furniture,28.75,12,0.14,1,296.7
05/30/2028,10,141,Furniture,437.49,19,0.07,2.1,7730.4483
05/31/2028,7,126,Grocery,378.58,16,0.03,4.6,5875.5616
06/01/2028,3,138,Clothing,123.67,14,0.03,2.6,1679.4386
06/02/2028,14,182,Electronics,492.52,6,0.1,3.8,2659.608
06/03/2028,10,124,Electronics,256.12,9,0,1.6,2305.08
06/04/2028,16,137,Clothing,476.02,1,0.07,3.7,442.6986
06/05/2028,16,184,Clothing,257.46,8,0.24,1.3,1565.3568
06/06/2028,10,123,Clothing,241.22,7,0.07,3.9,1570.3422
06/07/2028,13,123,Clothing,230.08,14,0.03,2.3,3124.4864
06/08/2028,6,159,Clothing,174.09,8,0.28,2.9,1002.7584
06/09/2028,12,182,Electronics,271.51,11,0.19,1.7,2419.1541
06/10/2028,9,149,Grocery,231.75,9,0.02,3.5,2044.035
06/11/2028,13,165,Clothing,28.01,19,0.02,2.4,521.5462
06/12/2028,4,113,Clothing,137.61,7,0.18,2.5,789.8814
06/13/2028,11,152,Clothing,114.43,6,0.16,3.6,576.7272
06/14/2028,18,131,Furniture,435.04,18,0.02,1.7,7674.1056
06/15/2028,11,195,Electronics,303.45,5,0.07,4.4,1411.0425
06/16/2028,4,191,Electronics,384.2,19,0.28,4,5255.856
06/17/2028,18,147,Grocery,478.84,11,0.17,3.3,4371.8092
06/18/2028,1,138,Furniture,325.58,5,0.13,1.5,1416.273
06/19/2028,7,139,Furniture,491.48,9,0.08,3.7,4069.4544
06/20/2028,6,141,Furniture,162.76,8,0.04,1.1,1249.9968
06/21/2028,15,176,Grocery,101.27,11,0.12,4.2,980.2936
06/22/2028,18,175,Grocery,207.62,6,0.28,2.2,896.9184
06/23/2028,11,107,Grocery,240.69,15,0.01,1.5,3574.2465
06/24/2028,15,178,Furniture,448.73,6,0.3,1.7,1884.666
06/25/2028,16,125,Electronics,284.37,11,0.06,4.9,2940.3858
06/26/2028,7,111,Furniture,153.17,15,0.12,4.1,2021.844
06/27/2028,10,142,Grocery,373.89,12,0.01,2,4441.8132
06/28/2028,12,150,Furniture,257.86,9,0.18,4.9,1903.0068
06/29/2028,14,190,Clothing,89.44,10,0.15,1.6,760.24
06/30/2028,5,181,Furniture,292.64,15,0.2,3.9,3511.68
07/01/2028,18,199,Furniture,456.58,17,0.16,3.6,6519.9624
07/02/2028,5,162,Electronics,422.89,16,0.12,4.3,5954.2912
07/03/2028,3,148,Electronics,297.54,8,0.22,2.5,1856.6496
07/04/2028,5,126,Electronics,194.77,17,0.01,2.6,3277.9791
07/05/2028,17,108,Clothing,52.62,11,0.16,3.5,486.2088
07/06/2028,19,138,Electronics,240.13,11,0.03,2.6,2562.1871
07/07/2028,19,164,Clothing,378.52,6,0.13,1.2,1975.8744
07/08/2028,12,170,Grocery,186.53,2,0.24,3.9,283.5256
07/09/2028,9,189,Electronics,125.37,1,0.04,3.6,120.3552
07/10/2028,1,170,Furniture,466.38,6,0.28,2.7,2014.7616
07/11/2028,18,106,Furniture,412.56,5,0.27,2.2,1505.844
07/12/2028,4,171,Clothing,322.76,9,0.12,2.3,2556.2592
07/13/2028,10,179,Electronics,77.02,5,0,4,385.1
07/14/2028,7,166,Furniture,81.01,18,0.24,3.9,1108.2168
07/15/2028,1,109,Grocery,60.58,19,0.26,4.3,851.7548
07/16/2028,17,170,Electronics,311.99,15,0.05,4,4445.8575
07/17/2028,2,184,Grocery,66.63,15,0.27,4,729.5985
07/18/2028,11,152,Furniture,422.89,9,0.27,2,2778.3873
07/19/2028,9,194,Electronics,496.55,14,0.14,1.4,5978.462
07/20/2028,7,186,Clothing,189.51,5,0.24,4,720.138
07/21/2028,17,156,Furniture,232.3,17,0.13,1.4,3435.717
07/22/2028,17,190,Grocery,358.72,15,0.17,4.9,4466.064
07/23/2028,2,185,Electronics,469.2,17,0.1,4.5,7178.76
07/24/2028,6,126,Grocery,448.11,9,0.05,3.1,3831.3405
07/25/2028,14,153,Grocery,38.22,13,0.22,2.4,387.5508
07/26/2028,6,103,Clothing,92.85,13,0,3.1,1207.05
07/27/2028,2,187,Clothing,379.75,5,0.17,3.9,1575.9625
07/28/2028,1,122,Furniture,347.56,14,0.26,4,3600.7216
07/29/2028,10,147,Clothing,75.28,7,0.07,1.3,490.0728
07/30/2028,5,182,Clothing,256.01,5,0.1,4.2,1152.045
07/31/2028,2,141,Furniture,392.6,12,0.18,3.6,3863.184
08/01/2028,16,102,Furniture,117.2,3,0.07,1.2,326.988
08/02/2028,2,190,Furniture,436.93,9,0.25,2.3,2949.2775
08/03/2028,10,102,Furniture,35.96,10,0.11,3,320.044
08/04/2028,2,127,Grocery,393.28,1,0.17,1.8,326.4224
08/05/2028,16,162,Grocery,311.75,14,0.07,1.6,4058.985
08/06/2028,16,180,Furniture,164.45,1,0.01,1.1,162.8055
08/07/2028,19,130,Furniture,363.26,10,0.05,4.6,3450.97
08/08/2028,7,109,Electronics,393.36,11,0.01,1.2,4283.6904
08/09/2028,12,148,Electronics,467.61,2,0.14,2.5,804.2892
08/10/2028,15,185,Electronics,190.21,2,0.18,1.8,311.9444
08/11/2028,8,193,Clothing,346.15,11,0.01,4,3769.5735
08/12/2028,6,120,Grocery,305.28,8,0.03,3.8,2368.9728
08/13/2028,10,199,Grocery,267.35,3,0.15,4.2,681.7425
08/14/2028,3,152,Electronics,446.3,9,0.24,3.5,3052.692
08/15/2028,19,186,Electronics,11.55,16,0.19,3.4,149.688
08/16/2028,17,175,Grocery,148.23,16,0.03,2.6,2300.5296
08/17/2028,7,188,Clothing,273.76,10,0.27,3.5,1998.448
08/18/2028,4,153,Electronics,97.36,6,0.28,1.5,420.5952
08/19/2028,14,156,Furniture,454.85,11,0.1,3.7,4503.015
08/20/2028,15,119,Electronics,327.32,8,0.18,1.4,2147.2192
08/21/2028,8,148,Grocery,244.16,1,0.15,4.4,207.536
08/22/2028,15,106,Grocery,409.2,6,0.28,3,1767.744
08/23/2028,14,128,Electronics,230.93,8,0.15,3.1,1570.324
08/24/2028,9,147,Electronics,283.74,14,0.29,3.3,2820.3756
08/25/2028,8,192,Furniture,11.35,3,0.06,4.1,32.007
08/26/2028,17,112,Furniture,189.19,2,0.1,2.9,340.542
08/27/2028,2,102,Clothing,78.01,1,0.23,2.7,60.0677
08/28/2028,3,101,Clothing,347.95,11,0.24,2.2,2908.862
08/29/2028,8,115,Furniture,244.72,6,0.22,1.5,1145.2896
08/30/2028,12,193,Clothing,157.86,8,0.26,1.8,934.5312
08/31/2028,1,105,Clothing,239.24,7,0.21,1,1322.9972
09/01/2028,10,144,Electronics,112.72,6,0.19,4.5,547.8192
09/02/2028,3,170,Furniture,463.29,18,0.14,4.1,7171.7292
09/03/2028,6,104,Electronics,36.45,12,0.14,1.9,376.164
09/04/2028,7,155,Electronics,434.05,8,0.12,1,3055.712
09/05/2028,18,170,Clothing,260.57,19,0.19,3,4010.1723
09/06/2028,11,197,Electronics,313.28,5,0.12,2.7,1378.432
09/07/2028,19,131,Grocery,158.28,19,0.04,4.1,2887.0272
09/08/2028,5,148,Clothing,483.68,9,0.03,2.6,4222.5264
09/09/2028,19,112,Grocery,148.11,12,0.28,4.5,1279.6704
09/10/2028,11,129,Clothing,298.55,15,0.01,1.4,4433.4675
09/11/2028,12,124,Electronics,496.77,13,0.03,2.5,6264.2697
09/12/2028,10,184,Clothing,441.74,13,0.13,4.7,4996.0794
09/13/2028,8,159,Grocery,272.8,5,0.08,1,1254.88
09/14/2028,9,158,Clothing,495.28,2,0.12,2.6,871.6928
09/15/2028,4,184,Grocery,353.67,19,0.04,2,6450.9408
09/16/2028,5,127,Furniture,112.26,8,0.04,3.1,862.1568
09/17/2028,8,157,Electronics,208.74,14,0.24,2.1,2220.9936
09/18/2028,9,119,Grocery,173.9,6,0.23,4.5,803.418
09/19/2028,15,133,Furniture,178.57,7,0.03,4.7,1212.4903
09/20/2028,15,104,Electronics,382.62,14,0.2,4.4,4285.344
09/21/2028,16,181,Furniture,296.29,6,0.18,2.6,1457.7468
09/22/2028,14,159,Grocery,28.67,16,0.21,5,362.3888
09/23/2028,8,142,Electronics,439.95,4,0.14,3.9,1513.428
09/24/2028,18,156,Furniture,155.43,7,0.08,2.4,1000.9692
09/25/2028,10,156,Grocery,498.57,16,0.2,1.4,6381.696
09/26/2028,6,174,Furniture,477.55,4,0.11,3.7,1700.078
09/27/2028,12,153,Electronics,470.86,7,0.07,3.9,3065.2986
09/28/2028,2,180,Electronics,407.45,2,0.12,1.5,717.112
09/29/2028,7,144,Electronics,118.1,8,0.23,3.2,727.496
09/30/2028,16,185,Grocery,270.99,10,0.14,4.9,2330.514
10/01/2028,3,136,Furniture,119.91,2,0.09,2.3,218.2362
10/02/2028,13,183,Furniture,137.24,6,0.25,2.2,617.58
10/03/2028,3,147,Grocery,309.37,4,0.26,4.6,915.7352
10/04/2028,18,153,Electronics,30.01,1,0.13,1.5,26.1087
10/05/2028,11,147,Clothing,485.03,6,0.11,4.7,2590.0602
10/06/2028,8,105,Electronics,460.15,12,0.18,4.1,4527.876
10/07/2028,6,133,Clothing,196.58,14,0.02,2.6,2697.0776
10/08/2028,1,162,Electronics,262.56,15,0.21,1.3,3111.336
10/09/2028,1,177,Grocery,238.4,18,0.23,1.1,3304.224
10/10/2028,8,147,Clothing,442.28,17,0.12,2.5,6616.5088
10/11/2028,5,122,Grocery,347.41,9,0.05,3.8,2970.3555
10/12/2028,16,183,Clothing,146.27,15,0.01,3,2172.1095
10/13/2028,11,112,Furniture,228.95,18,0.19,4,3338.091
10/14/2028,5,146,Clothing,220.19,18,0.08,3.7,3646.3464
10/15/2028,4,143,Clothing,480.07,5,0.14,3.3,2064.301
10/16/2028,6,131,Clothing,95.9,16,0.12,4.9,1350.272
10/17/2028,14,125,Furniture,53.89,9,0.05,3.9,460.7595
10/18/2028,19,152,Grocery,441.5,3,0.15,4.7,1125.825
10/19/2028,9,113,Furniture,449.38,12,0.14,2,4637.6016
10/20/2028,12,151,Clothing,437.15,14,0.19,3.9,4957.281
10/21/2028,11,135,Electronics,260.38,1,0.08,3.4,239.5496
10/22/2028,14,107,Furniture,333.27,9,0.06,4.7,2819.4642
10/23/2028,16,139,Electronics,286.05,9,0.24,3,1956.582
10/24/2028,1,185,Furniture,44.03,13,0.21,2.1,452.1881
10/25/2028,13,121,Furniture,301.96,8,0.23,2.5,1860.0736
10/26/2028,13,115,Clothing,16.67,11,0.04,1.9,176.0352
10/27/2028,2,190,Grocery,169.24,14,0.07,1.9,2203.5048
10/28/2028,4,159,Grocery,466.82,16,0.17,2.9,6199.3696
10/29/2028,6,159,Clothing,158.98,11,0.26,4.6,1294.0972
10/30/2028,5,109,Furniture,470.52,19,0.27,1.8,6526.1124
10/31/2028,3,124,Grocery,132.57,10,0.25,2.2,994.275
11/01/2028,1,130,Grocery,164.14,8,0.01,4.4,1299.9888
11/02/2028,4,120,Grocery,317.92,11,0.25,2.4,2622.84
11/03/2028,2,190,Clothing,383.2,8,0.27,4.8,2237.888
11/04/2028,5,180,Electronics,255.68,10,0.02,2.1,2505.664
11/05/2028,3,132,Electronics,442.24,17,0.12,2.8,6615.9104
11/06/2028,9,130,Electronics,29.72,11,0.16,1.4,274.6128
11/07/2028,6,189,Electronics,461.88,12,0.07,5,5154.5808
11/08/2028,18,120,Electronics,106.19,10,0.16,4.6,891.996
11/09/2028,6,135,Grocery,443.28,17,0.27,4.3,5501.1048
11/10/2028,19,164,Grocery,206.42,3,0.26,1.6,458.2524
11/11/2028,12,103,Furniture,418.05,7,0.28,4.9,2106.972
11/12/2028,11,167,Grocery,339.12,3,0.15,4.7,864.756
11/13/2028,2,189,Clothing,96.21,17,0.12,2.7,1439.3016
11/14/2028,15,103,Furniture,459.84,8,0.2,3.7,2942.976
11/15/2028,12,108,Grocery,130.3,19,0.13,5,2153.859
11/16/2028,12,129,Furniture,129.63,14,0.01,2.6,1796.6718
11/17/2028,9,144,Furniture,408.95,5,0.22,1.5,1594.905
11/18/2028,2,103,Electronics,61.88,19,0.08,4.5,1081.6624
11/19/2028,3,168,Furniture,118.8,13,0.01,2.9,1528.956
11/20/2028,12,122,Grocery,256.8,18,0.01,4.9,4576.176
11/21/2028,16,115,Electronics,416.93,11,0.28,3.2,3302.0856
11/22/2028,1,121,Grocery,82.27,12,0.08,1.1,908.2608
11/23/2028,3,171,Electronics,278.36,8,0.13,3,1937.3856
11/24/2028,2,147,Grocery,358.51,12,0.29,3.9,3054.5052
11/25/2028,9,161,Electronics,431.69,1,0.14,1.1,371.2534
11/26/2028,19,196,Electronics,468.43,18,0.02,2.7,8263.1052
11/27/2028,15,159,Clothing,394.47,2,0.17,1.6,654.8202
11/28/2028,18,179,Grocery,329.89,12,0.03,3.6,3839.9196
11/29/2028,11,104,Furniture,222.47,19,0.03,4.8,4100.1221
11/30/2028,16,179,Electronics,64.93,7,0.26,3.5,336.3374
12/01/2028,17,106,Grocery,357.77,7,0.09,3.8,2278.9949
12/02/2028,5,150,Electronics,496.44,1,0.2,2.6,397.152
12/03/2028,12,164,Clothing,371.01,18,0.15,3.3,5676.453
12/04/2028,11,108,Clothing,18.19,8,0.07,3.2,135.3336
12/05/2028,15,181,Clothing,253.17,10,0.16,4,2126.628
12/06/2028,3,144,Clothing,311.18,1,0.02,4.4,304.9564
12/07/2028,1,146,Furniture,347.94,15,0.1,3.7,4697.19
12/08/2028,16,166,Furniture,362.67,15,0.16,4.9,4569.642
12/09/2028,2,123,Electronics,283.47,4,0.07,4.3,1054.5084
12/10/2028,2,191,Grocery,119.45,10,0.2,1.5,955.6
12/11/2028,3,109,Clothing,471.68,8,0.02,3,3697.9712
12/12/2028,8,172,Clothing,351.37,14,0.15,4.6,4181.303
12/13/2028,15,176,Furniture,126.05,13,0.21,4.8,1294.5335
12/14/2028,7,147,Furniture,167.94,17,0.13,2.5,2483.8326
12/15/2028,6,134,Clothing,461.74,7,0.26,3.9,2391.8132
12/16/2028,9,153,Grocery,444.87,6,0.19,2.6,2162.0682
12/17/2028,1,186,Electronics,208.52,9,0.29,1.5,1332.4428
12/18/2028,8,180,Electronics,28.77,8,0.09,4.5,209.4456
12/19/2028,3,170,Electronics,33.76,14,0.28,4.7,340.3008
12/20/2028,4,115,Electronics,149.12,3,0.18,3,366.8352
12/21/2028,15,152,Grocery,318.27,13,0.22,1.1,3227.2578
12/22/2028,6,139,Grocery,296.26,9,0.27,4.3,1946.4282
12/23/2028,15,199,Grocery,320.58,9,0.17,2.9,2394.7326
12/24/2028,3,119,Furniture,361.47,11,0.26,1.3,2942.3658
12/25/2028,14,187,Clothing,19.33,6,0.16,1.8,97.4232
12/26/2028,14,168,Grocery,61.49,12,0.18,1.6,605.0616
12/27/2028,4,144,Electronics,186.15,4,0.13,3.7,647.802
12/28/2028,12,105,Grocery,85.88,4,0.04,2.2,329.7792
12/29/2028,17,191,Clothing,46.91,17,0.17,1.5,661.9001
12/30/2028,7,168,Furniture,324.07,7,0.29,4.7,1610.6279
12/31/2028,9,148,Electronics,409.51,6,0.24,4.8,1867.3656
01/01/2029,3,138,Furniture,378.79,8,0.22,1.6,2363.6496
01/02/2029,13,101,Grocery,410.35,7,0.19,1.9,2326.6845
01/03/2029,15,138,Electronics,336.27,8,0.1,3.4,2421.144
01/04/2029,18,120,Electronics,370.32,9,0.05,1.6,3166.236
01/05/2029,19,139,Grocery,143.17,1,0.07,1.6,133.1481
01/06/2029,1,181,Grocery,496.57,3,0,2.3,1489.71
01/07/2029,6,153,Clothing,99.75,18,0.2,4.8,1436.4
01/08/2029,2,111,Grocery,115.1,19,0.24,4.8,1662.044
01/09/2029,14,180,Grocery,151.57,11,0.08,4.4,1533.8884
01/10/2029,6,136,Grocery,487.91,16,0.03,3.8,7572.3632
01/11/2029,14,137,Electronics,494.26,18,0.1,3.9,8007.012
01/12/2029,4,114,Clothing,399.5,6,0.09,2.9,2181.27
01/13/2029,8,106,Electronics,318.24,2,0.14,3.1,547.3728
01/14/2029,3,177,Grocery,264.83,4,0.08,3.5,974.5744
01/15/2029,19,149,Clothing,485.6,5,0.1,3.9,2185.2
01/16/2029,14,164,Grocery,350.86,14,0.27,1.4,3585.7892
01/17/2029,17,166,Electronics,472.92,1,0.1,1.9,425.628
01/18/2029,8,143,Electronics,165.11,14,0.24,4.9,1756.7704
01/19/2029,14,130,Grocery,173.55,13,0.19,2.3,1827.4815
01/20/2029,6,142,Clothing,428.82,16,0.1,2.1,6175.008
01/21/2029,16,176,Electronics,83.43,4,0.25,2.7,250.29
01/22/2029,19,147,Grocery,473.5,6,0.18,2.2,2329.62
01/23/2029,14,181,Furniture,258.66,9,0,1.4,2327.94
01/24/2029,19,180,Grocery,463.94,1,0.02,1.8,454.6612
01/25/2029,3,180,Grocery,175.03,17,0.23,3.6,2291.1427
01/26/2029,10,160,Clothing,360.82,4,0.13,1.9,1255.6536
01/27/2029,19,174,Grocery,246.61,6,0.12,3.6,1302.1008
01/28/2029,9,183,Furniture,317.13,16,0.04,1.4,4871.1168
01/29/2029,13,109,Grocery,257.14,7,0.05,1.2,1709.981
01/30/2029,7,128,Furniture,483.89,5,0.24,4.4,1838.782
01/31/2029,14,147,Electronics,349.13,9,0.25,4,2356.6275
02/01/2029,9,197,Grocery,133.15,19,0.17,3.7,2099.7755
02/02/2029,19,180,Clothing,455.74,1,0.09,1.1,414.7234
02/03/2029,15,161,Grocery,154.07,8,0.28,2,887.4432
02/04/2029,14,112,Furniture,192.09,4,0.19,4.2,622.3716
02/05/2029,6,143,Furniture,60.04,17,0.24,1.6,775.7168
02/06/2029,4,146,Clothing,450.98,1,0,4.3,450.98
02/07/2029,8,163,Furniture,150.19,2,0.14,3.3,258.3268
02/08/2029,17,190,Grocery,136.87,14,0.26,4,1417.9732
02/09/2029,9,152,Furniture,460.93,2,0.1,3.6,829.674
02/10/2029,1,189,Grocery,404.71,1,0.22,2.7,315.6738
02/11/2029,14,191,Grocery,79.13,13,0.2,2.2,822.952
02/12/2029,11,176,Furniture,386.97,8,0.05,3.7,2940.972
02/13/2029,3,175,Clothing,457.39,9,0.23,4.2,3169.7127
02/14/2029,9,143,Electronics,48.47,2,0.03,1.2,94.0318
02/15/2029,14,127,Clothing,414.36,17,0.22,2.5,5494.4136
02/16/2029,9,101,Electronics,278.24,6,0.3,2.4,1168.608
02/17/2029,4,156,Clothing,337.91,3,0.29,3.2,719.7483
02/18/2029,4,156,Grocery,251.5,17,0.24,1.5,3249.38
02/19/2029,8,133,Grocery,351.92,6,0.16,4.7,1773.6768
02/20/2029,2,186,Furniture,26.71,8,0.2,3.2,170.944
02/21/2029,9,157,Electronics,383.73,14,0.22,4.7,4190.3316
02/22/2029,14,151,Electronics,26.34,10,0,4.3,263.4
02/23/2029,9,128,Furniture,233.1,10,0.03,1.8,2261.07
02/24/2029,16,134,Clothing,83.97,15,0.18,1.5,1032.831
02/25/2029,17,174,Furniture,413.55,8,0,4.4,3308.4
02/26/2029,16,147,Clothing,163.69,11,0.27,3.1,1314.4307
02/27/2029,12,132,Furniture,232.51,16,0.15,1.1,3162.136
02/28/2029,3,174,Electronics,220.09,3,0.08,4.7,607.4484
03/01/2029,11,172,Electronics,388.53,15,0.12,2.9,5128.596
03/02/2029,14,177,Clothing,245.76,13,0.26,2.2,2364.2112
03/03/2029,18,108,Electronics,396.59,11,0.28,3.1,3140.9928
03/04/2029,5,147,Electronics,46.02,14,0.03,4.3,624.9516
03/05/2029,16,166,Electronics,103.88,7,0.23,1.4,559.9132
03/06/2029,5,192,Electronics,280.25,19,0.17,2.4,4419.5425
03/07/2029,3,182,Grocery,474.07,15,0.18,2.3,5831.061
03/08/2029,12,135,Furniture,46.63,6,0.23,4.4,215.4306
03/09/2029,1,195,Furniture,31.11,7,0.07,4.1,202.5261
03/10/2029,9,170,Grocery,86.71,14,0.16,2.6,1019.7096
03/11/2029,9,191,Electronics,324.17,4,0.1,3.7,1167.012
03/12/2029,4,143,Furniture,205.51,9,0.03,2.6,1794.1023
03/13/2029,3,181,Furniture,414.52,7,0.03,3.3,2814.5908
03/14/2029,17,159,Furniture,45.25,15,0.04,5,651.6
03/15/2029,2,162,Clothing,106.24,3,0.18,3.1,261.3504
03/16/2029,1,104,Grocery,157.01,5,0.03,5,761.4985
03/17/2029,8,186,Clothing,317.1,17,0.17,4,4474.281
03/18/2029,13,185,Clothing,345.73,1,0.18,1.5,283.4986
03/19/2029,15,189,Grocery,70.86,1,0.27,4.2,51.7278
03/20/2029,8,175,Furniture,472.46,16,0.19,1.6,6123.0816
03/21/2029,12,139,Clothing,177.11,14,0.3,3.1,1735.678
03/22/2029,12,118,Furniture,359.45,11,0.01,3.5,3914.4105
03/23/2029,14,146,Clothing,266.86,14,0.21,4.6,2951.4716
03/24/2029,15,164,Furniture,119.15,8,0.01,1.8,943.668
03/25/2029,15,166,Electronics,424.65,19,0.22,4.5,6293.313
03/26/2029,9,190,Electronics,410.94,2,0.12,4.7,723.2544
03/27/2029,19,117,Electronics,204.08,10,0.18,1.4,1673.456
03/28/2029,8,149,Grocery,298.42,5,0.09,4.5,1357.811
03/29/2029,19,129,Electronics,136.33,15,0.05,2,1942.7025
03/30/2029,6,165,Clothing,348.03,1,0.22,1.3,271.4634
03/31/2029,19,104,Furniture,161.42,2,0.27,4.8,235.6732
04/01/2029,4,192,Furniture,423.6,19,0.06,2.6,7565.496
04/02/2029,7,196,Furniture,116.52,17,0.28,3.5,1426.2048
04/03/2029,4,141,Furniture,17.25,15,0.04,3.2,248.4
04/04/2029,12,183,Clothing,141.57,18,0.22,1.9,1987.6428
04/05/2029,13,193,Furniture,103.62,8,0.29,3.7,588.5616
04/06/2029,3,104,Clothing,259.06,14,0.04,1.2,3481.7664
04/07/2029,12,149,Clothing,109.81,8,0.13,1.8,764.2776
04/08/2029,2,184,Furniture,383.96,8,0.1,4.8,2764.512
04/09/2029,2,157,Furniture,128.27,19,0.12,4.8,2144.6744
04/10/2029,9,178,Furniture,356.41,13,0.23,2.9,3567.6641
04/11/2029,1,183,Clothing,293.45,5,0.2,1.7,1173.8
04/12/2029,8,107,Grocery,493.26,10,0.29,2.7,3502.146
04/13/2029,6,130,Clothing,499.95,7,0.06,4.5,3289.671
04/14/2029,6,111,Grocery,436.07,9,0.16,1.3,3296.6892
04/15/2029,18,120,Furniture,382.39,14,0.13,1.5,4657.5102
04/16/2029,17,193,Clothing,199.36,6,0.28,4.6,861.2352
04/17/2029,12,161,Furniture,379.11,10,0,2.7,3791.1
04/18/2029,6,190,Grocery,478.77,1,0.3,1.3,335.139
04/19/2029,8,189,Grocery,21.46,11,0.14,1.6,203.0116
04/20/2029,19,132,Clothing,273.58,8,0.19,4.5,1772.7984
04/21/2029,10,125,Clothing,116.82,6,0.11,3,623.8188
04/22/2029,1,189,Clothing,283.36,17,0.26,1.7,3564.6688
04/23/2029,13,199,Clothing,238.56,4,0.17,4.6,792.0192
04/24/2029,17,139,Electronics,292.13,6,0.2,4.4,1402.224
04/25/2029,3,164,Electronics,279.97,15,0.19,1.1,3401.6355
04/26/2029,8,158,Furniture,480.45,10,0.11,3.3,4276.005
04/27/2029,14,114,Grocery,280.57,17,0.02,2,4674.2962
04/28/2029,3,100,Grocery,424.65,10,0.24,3.1,3227.34
04/29/2029,16,110,Furniture,166.71,5,0.09,2.1,758.5305
04/30/2029,13,154,Furniture,224.67,19,0.25,2.3,3201.5475
05/01/2029,17,101,Furniture,240.5,7,0.18,3.4,1380.47
05/02/2029,13,164,Electronics,146.58,19,0.11,3.2,2478.6678
05/03/2029,6,194,Furniture,196.1,10,0.18,2.6,1608.02
05/04/2029,17,143,Grocery,303.27,19,0.19,1.4,4667.3253
05/05/2029,14,115,Furniture,294.29,11,0.21,4.9,2557.3801
05/06/2029,17,121,Clothing,321.85,3,0.25,1.7,724.1625
05/07/2029,8,117,Grocery,182.39,11,0.05,3.5,1905.9755
05/08/2029,11,146,Grocery,164.76,6,0.28,1.3,711.7632
05/09/2029,1,180,Grocery,309.69,6,0.12,3.8,1635.1632
05/10/2029,7,129,Electronics,75.1,15,0.26,1.4,833.61
05/11/2029,17,109,Electronics,133.99,3,0.07,1.9,373.8321
05/12/2029,10,198,Grocery,30.64,11,0.01,3.6,333.6696
05/13/2029,11,157,Clothing,45.58,8,0.17,2.1,302.6512
05/14/2029,9,161,Grocery,129.26,8,0.1,3.1,930.672
05/15/2029,9,184,Electronics,19.57,16,0.3,1.5,219.184
05/16/2029,5,179,Clothing,130.25,3,0.03,1.8,379.0275
05/17/2029,17,105,Grocery,330.94,8,0.01,3.9,2621.0448
05/18/2029,9,166,Electronics,39.94,8,0.01,1.1,316.3248
05/19/2029,17,140,Clothing,224,13,0.07,1.4,2708.16
05/20/2029,19,142,Furniture,457.42,1,0.17,1.9,379.6586
05/21/2029,7,184,Furniture,397.73,10,0.15,1.1,3380.705
05/22/2029,9,176,Grocery,159.66,5,0.11,1.4,710.487
05/23/2029,7,117,Furniture,463.15,5,0.03,2.1,2246.2775
05/24/2029,13,157,Electronics,171.53,17,0.07,1.4,2711.8893
05/25/2029,11,159,Clothing,45.53,14,0.06,4.5,599.1748
05/26/2029,14,187,Grocery,497.09,6,0.22,1.3,2326.3812
05/27/2029,19,126,Clothing,436.31,14,0.23,4.4,4703.4218
05/28/2029,11,167,Clothing,238.31,12,0.23,4.3,2201.9844
05/29/2029,13,121,Clothing,336.52,1,0.29,1.4,238.9292
05/30/2029,14,123,Electronics,338.9,5,0.27,1.1,1236.985
05/31/2029,13,139,Grocery,105.3,18,0.15,1.2,1611.09
06/01/2029,1,173,Furniture,108.02,14,0.12,3.4,1330.8064
06/02/2029,8,165,Clothing,240.09,7,0.27,3.7,1226.8599
06/03/2029,12,139,Clothing,456.67,15,0.18,3.5,5617.041
06/04/2029,19,105,Clothing,14.9,9,0.09,3.2,122.031
06/05/2029,12,117,Electronics,393.43,15,0.17,1.7,4898.2035
06/06/2029,8,180,Furniture,38.19,16,0.3,4.4,427.728
06/07/2029,8,186,Clothing,244.33,9,0.25,2.3,1649.2275
06/08/2029,13,129,Electronics,322.56,7,0.08,4.9,2077.2864
06/09/2029,12,120,Electronics,346.51,7,0.29,2.5,1722.1547
06/10/2029,16,161,Clothing,38.65,17,0.29,2.1,466.5055
06/11/2029,1,109,Clothing,215.12,11,0.07,4.6,2200.6776
06/12/2029,13,112,Electronics,296.08,6,0.27,3.3,1296.8304
06/13/2029,7,175,Electronics,42.36,14,0.26,3.9,438.8496
06/14/2029,5,108,Clothing,76.2,15,0.01,2.6,1131.57
06/15/2029,8,167,Electronics,335.19,8,0.2,4.5,2145.216
06/16/2029,14,138,Electronics,265.6,4,0.09,4.7,966.784
06/17/2029,13,123,Clothing,89.3,1,0.2,2.7,71.44
06/18/2029,15,133,Clothing,272.27,6,0.27,2,1192.5426
06/19/2029,17,160,Grocery,457.22,1,0.15,3.6,388.637
06/20/2029,15,140,Furniture,17.64,5,0.12,4.8,77.616
06/21/2029,18,104,Clothing,324.89,19,0.28,3.5,4444.4952
06/22/2029,18,178,Clothing,46.09,5,0.29,4.8,163.6195
06/23/2029,2,149,Clothing,13.16,5,0.02,2.4,64.484
06/24/2029,4,103,Furniture,83.82,17,0.28,4.7,1025.9568
06/25/2029,1,150,Grocery,217.22,12,0.02,1.5,2554.5072
06/26/2029,4,151,Electronics,403.15,7,0.1,2.4,2539.845
06/27/2029,18,138,Furniture,148.07,15,0.23,3,1710.2085
06/28/2029,5,107,Clothing,316.58,19,0.23,3.6,4631.5654
06/29/2029,19,144,Clothing,211.47,13,0.22,2.2,2144.3058
06/30/2029,15,187,Grocery,124.82,12,0.01,4.7,1482.8616
07/01/2029,8,127,Grocery,261.98,19,0.04,4.6,4778.5152
07/02/2029,17,126,Grocery,400.76,13,0.28,4.2,3751.1136
07/03/2029,1,164,Electronics,417.92,6,0.02,1.5,2457.3696
07/04/2029,12,133,Furniture,424.79,1,0.02,1.3,416.2942
07/05/2029,19,180,Furniture,175.89,6,0.25,3,791.505
07/06/2029,15,161,Grocery,398.79,13,0.19,4.1,4199.2587
07/07/2029,9,161,Electronics,113.97,13,0.11,1.5,1318.6329
07/08/2029,7,137,Furniture,371.83,13,0.05,3.6,4592.1005
07/09/2029,2,125,Clothing,474.71,4,0.27,3.1,1386.1532
07/10/2029,9,123,Clothing,16.73,5,0.3,3.9,58.555
07/11/2029,10,138,Clothing,225.78,13,0.01,2.7,2905.7886
07/12/2029,2,120,Furniture,327.41,9,0.17,3.8,2445.7527
07/13/2029,19,193,Grocery,353.87,17,0.08,1.6,5534.5268
07/14/2029,11,146,Clothing,96.28,3,0.25,1.9,216.63
07/15/2029,13,147,Grocery,486.37,18,0.1,4.6,7879.194
07/16/2029,10,112,Electronics,311.48,15,0.21,2.3,3691.038
07/17/2029,14,102,Clothing,90.53,1,0.16,4.9,76.0452
07/18/2029,18,131,Electronics,20.06,9,0.16,1.2,151.6536
07/19/2029,19,134,Grocery,393.8,6,0.26,3,1748.472
07/20/2029,9,118,Furniture,49.06,18,0.14,2.3,759.4488
07/21/2029,7,113,Grocery,79.11,1,0.25,5,59.3325
07/22/2029,3,147,Clothing,291.67,7,0.11,5,1817.1041
07/23/2029,6,185,Clothing,305.72,10,0.05,1.9,2904.34
07/24/2029,2,180,Grocery,346.57,6,0.14,2.1,1788.3012
07/25/2029,6,167,Clothing,202.82,7,0.15,4,1206.779
07/26/2029,3,144,Clothing,389.21,6,0.14,4.6,2008.3236
07/27/2029,16,118,Electronics,487.44,8,0.24,3.7,2963.6352
07/28/2029,8,163,Furniture,142.84,2,0.17,4.5,237.1144
07/29/2029,2,165,Grocery,354.48,9,0.27,1.3,2328.9336
07/30/2029,17,178,Electronics,464.95,9,0.15,3.6,3556.8675
07/31/2029,9,165,Clothing,346.28,7,0.07,3.8,2254.2828
08/01/2029,12,174,Electronics,343.74,9,0.04,1.8,2969.9136
08/02/2029,3,144,Furniture,119.65,17,0.26,4.1,1505.197
08/03/2029,11,186,Grocery,272.21,3,0.02,4.8,800.2974
08/04/2029,1,173,Furniture,285.64,16,0.04,4.6,4387.4304
08/05/2029,13,166,Furniture,353.06,16,0.02,2,5535.9808
08/06/2029,15,168,Electronics,498.44,2,0.13,2.3,867.2856
08/07/2029,5,102,Electronics,26.49,11,0.16,3,244.7676
08/08/2029,17,137,Furniture,41.96,16,0.01,1.6,664.6464
08/09/2029,6,176,Clothing,48.2,15,0.15,4.8,614.55
08/10/2029,11,141,Grocery,374.06,1,0.12,1.6,329.1728
08/11/2029,18,182,Clothing,76.81,17,0.23,4,1005.4429
08/12/2029,4,139,Clothing,315,3,0.25,2.4,708.75
08/13/2029,3,149,Grocery,169.09,19,0.21,3.3,2538.0409
08/14/2029,13,134,Electronics,234.09,7,0.14,1.2,1409.2218
08/15/2029,9,123,Clothing,115.67,11,0.06,1.8,1196.0278
08/16/2029,6,187,Electronics,434.39,18,0.25,2.8,5864.265
08/17/2029,12,116,Grocery,297.21,14,0.1,3.7,3744.846
08/18/2029,2,139,Clothing,472.84,16,0.11,4.1,6733.2416
08/19/2029,3,173,Electronics,291.55,6,0.27,1.1,1276.989
08/20/2029,3,165,Electronics,70.71,2,0.29,1.6,100.4082
08/21/2029,12,143,Clothing,93.73,11,0.27,3.9,752.6519
08/22/2029,15,122,Grocery,494.65,11,0.3,4.3,3808.805
08/23/2029,9,105,Furniture,365.53,10,0.26,1.9,2704.922
08/24/2029,8,165,Electronics,34.15,4,0.21,1.9,107.914
08/25/2029,11,120,Grocery,354.85,17,0.09,1.4,5489.5295
08/26/2029,16,134,Clothing,211.96,10,0.29,1.6,1504.916
08/27/2029,4,128,Electronics,160.53,9,0.26,1,1069.1298
08/28/2029,1,106,Electronics,85.49,13,0.07,3.4,1033.5741
08/29/2029,7,192,Electronics,421.55,11,0.15,4.6,3941.4925
08/30/2029,2,152,Grocery,41.28,10,0.02,1.6,404.544
08/31/2029,5,136,Electronics,152.02,5,0.29,4,539.671
09/01/2029,7,122,Electronics,160.13,3,0.17,3.3,398.7237
09/02/2029,4,196,Clothing,88.84,4,0.07,4.8,330.4848
09/03/2029,5,107,Electronics,259.01,3,0.09,4.2,707.0973
09/04/2029,1,175,Grocery,15.73,10,0.29,4.4,111.683
09/05/2029,1,147,Clothing,157.48,13,0.18,3.6,1678.7368
09/06/2029,15,109,Furniture,467.48,5,0.13,4.2,2033.538
09/07/2029,19,178,Clothing,162.16,13,0.15,2.4,1791.868
09/08/2029,10,123,Electronics,186.63,1,0.03,1.8,181.0311
09/09/2029,18,189,Furniture,241.85,11,0.02,4.7,2607.143
09/10/2029,3,146,Clothing,285.23,3,0.18,3.9,701.6658
09/11/2029,11,152,Electronics,406.27,17,0.15,1.4,5870.6015
09/12/2029,15,138,Clothing,103.26,19,0.11,4.5,1746.1266
09/13/2029,11,166,Grocery,437.16,13,0.17,2.4,4716.9564
09/14/2029,17,165,Electronics,381.2,16,0.02,2.2,5977.216
09/15/2029,17,105,Grocery,364.1,18,0.28,3.5,4718.736
09/16/2029,6,120,Electronics,52.53,19,0.09,3.3,908.2437
09/17/2029,5,172,Grocery,20.6,6,0.02,3.2,121.128
09/18/2029,8,173,Furniture,301.07,7,0.05,2,2002.1155
09/19/2029,2,135,Grocery,432.94,15,0.03,4.8,6299.277
09/20/2029,16,102,Clothing,296.38,5,0.05,4.8,1407.805
09/21/2029,12,187,Electronics,114.49,16,0.13,1,1593.7008
09/22/2029,6,185,Clothing,54.35,6,0.22,2.4,254.358
09/23/2029,1,177,Grocery,352.8,3,0.08,1.2,973.728
09/24/2029,4,141,Electronics,363.67,12,0.13,4.4,3796.7148
09/25/2029,17,144,Grocery,94.54,4,0.28,4.5,272.2752
09/26/2029,13,143,Furniture,23.81,3,0.09,3.1,65.0013
09/27/2029,18,190,Furniture,210.06,16,0.24,4.4,2554.3296
09/28/2029,5,132,Furniture,295.53,16,0.05,3.8,4492.056
09/29/2029,3,159,Grocery,355.94,19,0.05,3,6424.717
09/30/2029,11,185,Grocery,406.87,15,0.14,2.5,5248.623
10/01/2029,13,192,Furniture,309.16,9,0.07,2.1,2587.6692
10/02/2029,4,182,Grocery,64.33,2,0.27,2,93.9218
10/03/2029,14,182,Clothing,344.47,6,0.02,3.2,2025.4836
10/04/2029,11,169,Grocery,492.25,14,0.18,1.7,5651.03
10/05/2029,10,182,Clothing,453.74,9,0.18,1.7,3348.6012
10/06/2029,19,176,Furniture,437.12,10,0.02,1,4283.776
10/07/2029,18,125,Grocery,158.06,18,0.22,3.5,2219.1624
10/08/2029,6,185,Furniture,377.89,15,0.14,5,4874.781
10/09/2029,15,120,Electronics,427.04,4,0.22,4.6,1332.3648
10/10/2029,10,199,Grocery,342.38,5,0.25,3.8,1283.925
10/11/2029,5,101,Grocery,132.78,6,0.1,4.1,717.012
10/12/2029,5,146,Furniture,477.38,15,0.15,2.7,6086.595
10/13/2029,10,129,Furniture,230.9,2,0.08,2.2,424.856
10/14/2029,5,126,Furniture,73.6,16,0.06,2.5,1106.944
10/15/2029,3,170,Electronics,63.79,5,0,1.3,318.95
10/16/2029,6,119,Electronics,327.28,4,0.29,3.5,929.4752
10/17/2029,4,149,Furniture,224.48,1,0.13,1.7,195.2976
10/18/2029,18,194,Grocery,56.3,8,0,4.1,450.4
10/19/2029,9,122,Grocery,372.78,10,0,1.8,3727.8
10/20/2029,17,112,Furniture,401.67,15,0.09,1.9,5482.7955
10/21/2029,13,180,Clothing,365.45,2,0,4.8,730.9
10/22/2029,15,103,Electronics,109.11,19,0.11,1.4,1845.0501
10/23/2029,17,113,Electronics,347.99,12,0.02,3,4092.3624
10/24/2029,13,119,Clothing,15.25,10,0.01,1.3,150.975
10/25/2029,16,112,Furniture,159.5,12,0.2,1.4,1531.2
10/26/2029,4,102,Grocery,205.42,9,0.27,3.5,1349.6094
10/27/2029,5,189,Grocery,419.27,8,0.12,3.5,2951.6608
10/28/2029,5,189,Electronics,201.29,2,0.25,1.8,301.935
10/29/2029,9,181,Clothing,15.52,7,0.01,4.5,107.5536
10/30/2029,17,195,Grocery,182.65,4,0.23,3.8,562.562
10/31/2029,13,177,Electronics,254.47,19,0.02,2.2,4738.2314
11/01/2029,2,146,Grocery,475.01,8,0.25,2,2850.06
11/02/2029,13,102,Grocery,471.11,13,0.26,4,4532.0782
11/03/2029,19,100,Grocery,98.63,3,0.24,3.9,224.8764
11/04/2029,3,189,Electronics,100.72,5,0.25,1.6,377.7
11/05/2029,10,123,Clothing,90.06,8,0.17,2.4,597.9984
11/06/2029,2,134,Furniture,396.57,2,0.08,1.9,729.6888
11/07/2029,13,113,Clothing,12.95,10,0.19,2.2,104.895
11/08/2029,19,166,Grocery,72.32,16,0.13,2.2,1006.6944
11/09/2029,17,112,Clothing,273.6,4,0,4.9,1094.4
11/10/2029,14,146,Grocery,131.31,14,0.14,4,1580.9724
11/11/2029,12,149,Electronics,55.25,3,0.2,4.1,132.6
11/12/2029,12,177,Electronics,186.34,10,0,2.1,1863.4
11/13/2029,11,184,Electronics,144.36,13,0.19,1,1520.1108
11/14/2029,7,125,Grocery,260.44,5,0.2,1.2,1041.76
11/15/2029,4,102,Clothing,489.82,17,0.05,3.2,7910.593
11/16/2029,19,150,Furniture,70.91,17,0.13,2.1,1048.7589
11/17/2029,1,139,Furniture,192.64,11,0.29,1.8,1504.5184
11/18/2029,3,167,Electronics,466.67,19,0.27,1.2,6472.7129
11/19/2029,13,135,Furniture,439.67,18,0.12,4.5,6964.3728
11/20/2029,15,150,Grocery,203.19,17,0.1,3.4,3108.807
11/21/2029,2,100,Clothing,352.49,11,0.04,1.4,3722.2944
11/22/2029,11,132,Furniture,53.05,15,0.01,4.1,787.7925
11/23/2029,4,106,Furniture,359.15,8,0.09,4,2614.612
11/24/2029,19,151,Clothing,486.7,12,0.28,2.2,4205.088
11/25/2029,17,110,Furniture,273.37,17,0.29,1.8,3299.5759
11/26/2029,3,126,Clothing,254.26,5,0.24,4.3,966.188
11/27/2029,18,113,Grocery,101.79,4,0.11,2.3,362.3724
11/28/2029,8,185,Grocery,320.56,11,0.04,4.4,3385.1136
11/29/2029,19,179,Grocery,299.31,8,0.18,1.2,1963.4736
11/30/2029,5,145,Electronics,329.45,16,0.19,3,4269.672
12/01/2029,7,175,Grocery,22.78,16,0.13,1.7,317.0976
12/02/2029,8,109,Furniture,278.87,3,0.21,3.7,660.9219
12/03/2029,5,123,Electronics,301.52,12,0.22,5,2822.2272
12/04/2029,17,160,Electronics,111.69,13,0.23,2.7,1118.0169
12/05/2029,5,117,Electronics,112.08,1,0.15,1.4,95.268
12/06/2029,4,185,Grocery,145.35,4,0.24,2.3,441.864
12/07/2029,19,108,Electronics,358.74,6,0.01,4.6,2130.9156
12/08/2029,2,116,Grocery,307.07,5,0.2,4.1,1228.28
12/09/2029,11,157,Grocery,424.42,5,0.07,1.9,1973.553
12/10/2029,13,112,Electronics,154.87,10,0.08,4.8,1424.804
12/11/2029,15,149,Electronics,456.91,19,0.03,3.5,8420.8513
12/12/2029,12,105,Furniture,374.42,18,0.06,1.7,6335.1864
12/13/2029,11,184,Electronics,203.56,2,0.3,3.3,284.984
12/14/2029,7,150,Grocery,56.68,16,0.12,2.8,798.0544
12/15/2029,5,135,Furniture,135.92,15,0.28,4.3,1467.936
12/16/2029,17,170,Furniture,478.82,5,0.05,2.4,2274.395
12/17/2029,9,199,Grocery,162.08,9,0.06,4.5,1371.1968
12/18/2029,14,124,Electronics,171.65,5,0.17,4.2,712.3475
12/19/2029,12,110,Electronics,102.9,5,0.1,3.7,463.05
12/20/2029,6,143,Clothing,405.36,9,0.19,2,2955.0744
12/21/2029,17,113,Electronics,145.07,9,0.13,4.9,1135.8981
12/22/2029,19,128,Clothing,171.83,2,0.24,3.2,261.1816
12/23/2029,19,173,Furniture,213.03,7,0.13,4.6,1297.3527
12/24/2029,16,149,Furniture,222.53,1,0.17,1.9,184.6999
12/25/2029,12,104,Furniture,211.56,2,0.1,4.9,380.808
12/26/2029,12,171,Clothing,256.83,12,0.21,4.3,2434.7484
12/27/2029,6,168,Grocery,409.11,6,0.2,4.8,1963.728
12/28/2029,4,187,Grocery,411.45,19,0.12,1.8,6879.444
12/29/2029,6,156,Furniture,401.17,16,0.08,2.7,5905.2224
12/30/2029,11,125,Clothing,59.55,4,0.18,1.4,195.324
12/31/2029,1,105,Clothing,401.84,18,0.28,1.5,5207.8464
01/01/2030,15,115,Furniture,68.92,5,0.04,2.1,330.816
01/02/2030,11,159,Electronics,71.11,18,0.24,4.8,972.7848
01/03/2030,19,199,Furniture,474.45,6,0.16,3.7,2391.228
01/04/2030,18,111,Clothing,411.5,14,0.16,2.3,4839.24
01/05/2030,17,174,Electronics,280.68,17,0.29,4.8,3387.8076
01/06/2030,19,102,Grocery,438.74,18,0.18,4,6475.8024
01/07/2030,14,162,Electronics,494.79,10,0.25,4.6,3710.925
01/08/2030,18,163,Grocery,309.21,19,0.15,4.7,4993.7415
01/09/2030,19,161,Clothing,310.32,18,0.07,4,5194.7568
01/10/2030,15,105,Furniture,379.67,4,0.21,2,1199.7572
01/11/2030,15,118,Furniture,123.75,15,0.28,5,1336.5
01/12/2030,4,117,Furniture,91.89,6,0.25,2.3,413.505
01/13/2030,7,179,Furniture,382.19,6,0.06,3.7,2155.5516
01/14/2030,13,186,Furniture,179,3,0.1,4.4,483.3
01/15/2030,3,142,Clothing,76.18,9,0.16,1.7,575.9208
01/16/2030,16,172,Clothing,164.29,11,0.17,3.4,1499.9677
01/17/2030,9,102,Furniture,185.73,5,0.06,2.5,872.931
01/18/2030,8,171,Electronics,482.96,14,0.07,2,6288.1392
01/19/2030,13,137,Furniture,352,2,0.23,1,542.08
01/20/2030,17,167,Grocery,270.12,19,0.22,4.5,4003.1784
01/21/2030,17,175,Grocery,484.75,8,0.25,1.5,2908.5
01/22/2030,17,143,Grocery,452.54,13,0.28,4.5,4235.7744
01/23/2030,1,194,Grocery,260.88,19,0.09,3.4,4510.6152
01/24/2030,8,188,Furniture,453.78,5,0.26,3.5,1678.986
01/25/2030,19,179,Grocery,208.11,15,0.2,4.3,2497.32
01/26/2030,6,162,Electronics,122.91,4,0.29,3,349.0644
01/27/2030,3,141,Furniture,124.01,4,0.08,2.4,456.3568
01/28/2030,5,163,Grocery,334.53,18,0.08,1.6,5539.8168
01/29/2030,13,153,Furniture,255.52,19,0.21,3.3,3835.3552
01/30/2030,15,177,Furniture,332.89,9,0.28,3.2,2157.1272
01/31/2030,14,176,Furniture,346.18,15,0.25,2.2,3894.525
02/01/2030,16,170,Clothing,20.94,12,0.22,3.4,195.9984
02/02/2030,18,175,Grocery,36.48,4,0.12,2.8,128.4096
02/03/2030,11,136,Clothing,271.01,3,0.22,4.2,634.1634
02/04/2030,3,103,Electronics,103.61,5,0.24,3.2,393.718
02/05/2030,10,101,Electronics,319.94,17,0.23,4.7,4188.0146
02/06/2030,10,198,Clothing,280.57,5,0.2,3.1,1122.28
02/07/2030,16,143,Grocery,297.02,4,0.01,4.5,1176.1992
02/08/2030,12,166,Furniture,158.2,7,0.2,3.1,885.92
02/09/2030,2,167,Electronics,323.52,7,0.14,3.2,1947.5904
02/10/2030,9,175,Electronics,416.45,7,0.29,2.5,2069.7565
02/11/2030,3,182,Electronics,499.05,17,0.18,2.6,6956.757
02/12/2030,15,173,Grocery,420.84,15,0.18,4.7,5176.332
02/13/2030,3,161,Clothing,283.17,7,0.3,1.9,1387.533
02/14/2030,19,100,Clothing,104.78,15,0.03,1.5,1524.549
02/15/2030,18,116,Grocery,343.91,4,0.08,4.3,1265.5888
02/16/2030,8,115,Electronics,469.45,2,0.2,3.3,751.12
02/17/2030,17,108,Grocery,113.81,13,0.09,2.1,1346.3723
02/18/2030,8,152,Grocery,135.44,12,0.1,2.7,1462.752
02/19/2030,7,172,Clothing,83.01,10,0.27,3.1,605.973
02/20/2030,7,158,Grocery,370.99,19,0.17,3.4,5850.5123
02/21/2030,3,108,Grocery,209.22,15,0.03,4.3,3044.151
02/22/2030,1,111,Electronics,40.72,17,0.09,2.6,629.9384
02/23/2030,4,140,Furniture,438.73,6,0.02,3.7,2579.7324
02/24/2030,5,114,Electronics,283.26,5,0.17,4.3,1175.529
02/25/2030,1,165,Clothing,172.24,13,0.05,4.4,2127.164
02/26/2030,15,174,Furniture,178.55,14,0.26,2,1849.778
02/27/2030,5,110,Electronics,152.22,14,0.17,2.4,1768.7964
02/28/2030,13,107,Grocery,233.19,15,0.02,3.4,3427.893
03/01/2030,8,154,Grocery,175.15,16,0.09,4.5,2550.184
03/02/2030,8,195,Furniture,278.49,10,0.18,4.2,2283.618
03/03/2030,5,105,Furniture,389.02,1,0.1,3.3,350.118
03/04/2030,9,152,Grocery,340.49,11,0.15,4.9,3183.5815
03/05/2030,1,119,Clothing,154.28,7,0.27,2.8,788.3708
03/06/2030,4,138,Electronics,269.08,17,0.11,4.4,4071.1804
03/07/2030,3,198,Grocery,421.66,4,0.1,4.3,1517.976
03/08/2030,2,171,Electronics,43.42,7,0.25,4.6,227.955
03/09/2030,8,133,Electronics,48.37,3,0.1,5,130.599
03/10/2030,9,156,Electronics,282.52,14,0.02,3,3876.1744
03/11/2030,2,118,Electronics,323.17,18,0.05,1.8,5526.207
03/12/2030,14,170,Clothing,113.59,18,0.28,2.8,1472.1264
03/13/2030,14,130,Clothing,375.16,1,0.28,4.4,270.1152
03/14/2030,4,181,Clothing,326.67,6,0.07,4.3,1822.8186
03/15/2030,6,139,Grocery,462.41,9,0.17,2.3,3454.2027
03/16/2030,11,113,Grocery,92.79,2,0.04,1.2,178.1568
03/17/2030,3,199,Grocery,378.17,8,0.2,3,2420.288
03/18/2030,8,180,Clothing,50.99,4,0.06,2.9,191.7224
03/19/2030,3,136,Electronics,286.99,10,0.01,1.3,2841.201
03/20/2030,14,143,Clothing,280.43,1,0.25,4.2,210.3225
03/21/2030,13,108,Grocery,200.31,11,0.1,2.1,1983.069
03/22/2030,13,157,Furniture,423.84,9,0.03,3.6,3700.1232
03/23/2030,2,119,Grocery,12.14,19,0.25,1.4,172.995
03/24/2030,13,191,Electronics,264.89,11,0.23,4.4,2243.6183
03/25/2030,19,149,Clothing,116.41,4,0.21,4,367.8556
03/26/2030,6,119,Furniture,374.31,5,0.27,2.6,1366.2315
03/27/2030,16,135,Furniture,31.1,17,0.15,3.5,449.395
03/28/2030,2,126,Electronics,417.46,18,0.04,1.7,7213.7088
03/29/2030,8,171,Clothing,420.67,5,0.02,4.9,2061.283
03/30/2030,17,131,Furniture,418.1,18,0.1,4.2,6773.22
03/31/2030,2,100,Grocery,84.76,17,0.03,4.2,1397.6924
04/01/2030,10,116,Electronics,318.9,3,0.16,1.6,803.628
04/02/2030,16,108,Furniture,17.04,11,0,1.1,187.44
04/03/2030,6,183,Electronics,425.5,17,0.13,3.3,6293.145
04/04/2030,2,144,Clothing,364.26,8,0.05,1.6,2768.376
04/05/2030,2,195,Clothing,270.27,8,0.11,4.1,1924.3224
04/06/2030,13,165,Clothing,367.99,2,0.2,2.7,588.784
04/07/2030,15,131,Grocery,56.22,7,0.11,2.4,350.2506
04/08/2030,2,144,Furniture,269.04,6,0.1,1.3,1452.816
04/09/2030,7,108,Clothing,152.73,18,0.3,5,1924.398
04/10/2030,3,129,Grocery,486.58,7,0.22,4.8,2656.7268
04/11/2030,8,183,Clothing,429.99,18,0.15,1.5,6578.847
04/12/2030,14,137,Clothing,369.31,12,0.17,2.3,3678.3276
04/13/2030,7,159,Furniture,467.54,7,0.19,2.6,2650.9518
04/14/2030,7,100,Grocery,179.95,7,0.01,2.2,1247.0535
04/15/2030,1,104,Clothing,451.43,1,0.02,4.7,442.4014
04/16/2030,17,162,Grocery,169.37,10,0.19,3.9,1371.897
04/17/2030,9,198,Grocery,369.07,10,0.11,4.8,3284.723
04/18/2030,13,135,Clothing,370.84,12,0.02,4.5,4361.0784
04/19/2030,19,164,Clothing,18.99,3,0.09,4,51.8427
04/20/2030,19,177,Electronics,186.92,3,0.04,3.8,538.3296
04/21/2030,17,172,Furniture,19.52,13,0.27,4.5,185.2448
04/22/2030,10,193,Clothing,498.58,13,0.06,3.7,6092.6476
04/23/2030,10,123,Electronics,69.88,6,0.04,1.8,402.5088
04/24/2030,4,103,Furniture,275.98,3,0.19,3.6,670.6314
04/25/2030,8,177,Clothing,397.37,15,0.16,3.1,5006.862
04/26/2030,18,188,Grocery,108.62,9,0.17,4.9,811.3914
04/27/2030,14,167,Furniture,247.68,6,0.13,3,1292.8896
04/28/2030,18,124,Grocery,307.64,6,0.14,1.2,1587.4224
04/29/2030,14,173,Electronics,88.5,8,0.23,2.1,545.16
04/30/2030,15,198,Clothing,391.49,11,0.07,4.7,4004.9427
05/01/2030,4,106,Electronics,156.67,19,0.12,4.8,2619.5224
05/02/2030,13,112,Clothing,113.4,16,0.29,3.9,1288.224
05/03/2030,8,167,Clothing,283.56,9,0.06,1.2,2398.9176
05/04/2030,18,142,Grocery,211.05,11,0.09,1.1,2112.6105
05/05/2030,12,156,Electronics,460.94,16,0.06,2.9,6932.5376
05/06/2030,14,135,Grocery,441.23,6,0.01,5,2620.9062
05/07/2030,2,113,Grocery,246.84,17,0.08,4.5,3860.5776
05/08/2030,18,181,Grocery,186.04,16,0.01,4.7,2946.8736
05/09/2030,2,171,Electronics,169.5,18,0.05,3.5,2898.45
05/10/2030,11,195,Clothing,141.11,1,0.11,4.4,125.5879
05/11/2030,9,126,Clothing,276.83,18,0.01,2.3,4933.1106
05/12/2030,12,136,Electronics,404.44,8,0.23,1.1,2491.3504
05/13/2030,17,186,Clothing,162.27,10,0.24,4.7,1233.252
05/14/2030,15,170,Electronics,103.15,2,0.12,1.9,181.544
05/15/2030,17,175,Electronics,242.99,9,0.3,3.9,1530.837
05/16/2030,18,124,Clothing,43.83,4,0.2,3.6,140.256
05/17/2030,6,166,Furniture,353.63,11,0.22,1.6,3034.1454
05/18/2030,17,189,Grocery,264,10,0.06,1.8,2481.6
05/19/2030,18,103,Electronics,253.22,14,0.25,2.3,2658.81
05/20/2030,8,199,Electronics,157.22,7,0.28,4,792.3888
05/21/2030,9,178,Furniture,453.29,19,0.07,1.2,8009.6343
05/22/2030,6,195,Electronics,54.34,6,0.21,2.6,257.5716
05/23/2030,5,192,Electronics,436.21,16,0.22,3.7,5443.9008
05/24/2030,12,173,Clothing,194.59,19,0.09,1.7,3364.4611
05/25/2030,11,184,Clothing,441.51,19,0.14,1.5,7214.2734
05/26/2030,1,115,Furniture,367.09,13,0.03,2.6,4629.0049
05/27/2030,11,118,Electronics,61.04,12,0.05,2.1,695.856
05/28/2030,19,128,Grocery,417.45,15,0.02,3.6,6136.515
05/29/2030,9,150,Clothing,344.27,8,0.17,4.9,2285.9528
05/30/2030,2,117,Grocery,25.83,4,0.19,1,83.6892
05/31/2030,12,157,Grocery,75.51,8,0.27,4.6,440.9784
06/01/2030,4,143,Furniture,321.46,16,0.16,2.7,4320.4224
06/02/2030,4,115,Furniture,334.67,16,0.08,3.7,4926.3424
06/03/2030,18,164,Electronics,375.86,2,0.02,4.4,736.6856
06/04/2030,15,101,Furniture,362.92,17,0.27,3.3,4503.8372
06/05/2030,19,155,Clothing,333.16,5,0.14,1.4,1432.588
06/06/2030,13,178,Electronics,385.46,5,0.22,1.6,1503.294
06/07/2030,19,127,Electronics,291.79,12,0,4.2,3501.48
06/08/2030,17,164,Grocery,137.79,7,0.15,1.9,819.8505
06/09/2030,6,104,Grocery,457.06,5,0.1,3.3,2056.77
06/10/2030,16,121,Grocery,18.92,4,0.01,2.7,74.9232
06/11/2030,12,199,Electronics,189.62,17,0.23,2.2,2482.1258
06/12/2030,19,112,Furniture,367.15,6,0.15,4.1,1872.465
06/13/2030,5,164,Furniture,219.31,14,0.1,3.9,2763.306
06/14/2030,17,115,Furniture,22.17,9,0.24,3.6,151.6428
06/15/2030,1,185,Electronics,42.33,4,0.13,2.5,147.3084
06/16/2030,10,163,Electronics,327.83,11,0,1.9,3606.13
06/17/2030,15,131,Electronics,482.78,16,0.28,3.1,5561.6256
06/18/2030,11,179,Electronics,280.41,16,0.08,4.3,4127.6352
06/19/2030,13,150,Electronics,258.31,16,0.25,3.3,3099.72
06/20/2030,5,178,Furniture,165.98,6,0.24,4.9,756.8688
06/21/2030,1,157,Electronics,135.78,15,0.05,1.1,1934.865
06/22/2030,12,145,Furniture,20.28,3,0.14,5,52.3224
06/23/2030,11,151,Electronics,143.75,9,0.01,3.8,1280.8125
06/24/2030,17,162,Furniture,230.06,1,0.11,4.3,204.7534
06/25/2030,4,175,Clothing,107,11,0.22,2.3,918.06
06/26/2030,15,159,Clothing,52.8,6,0.07,3,294.624
06/27/2030,9,164,Furniture,361.69,5,0.04,4.2,1736.112
06/28/2030,19,180,Clothing,448.36,18,0.15,4,6859.908
06/29/2030,19,154,Clothing,469.02,12,0.16,2.3,4727.7216
06/30/2030,12,156,Furniture,312.82,7,0.2,2.3,1751.792
07/01/2030,5,191,Electronics,35.86,2,0.23,3.7,55.2244
07/02/2030,10,170,Electronics,373.02,7,0.21,4.7,2062.8006
07/03/2030,17,172,Furniture,63.95,9,0.25,2.8,431.6625
07/04/2030,5,185,Grocery,338.18,8,0.07,2.4,2516.0592
07/05/2030,16,125,Grocery,391.89,9,0.17,4.6,2927.4183
07/06/2030,7,111,Clothing,365.67,10,0.11,3.7,3254.463
07/07/2030,9,170,Grocery,476.42,12,0.29,2.6,4059.0984
07/08/2030,3,145,Clothing,371.69,2,0.13,1.2,646.7406
07/09/2030,15,146,Electronics,349.67,10,0.29,3.9,2482.657
07/10/2030,16,178,Furniture,138.25,3,0.23,2.4,319.3575
07/11/2030,18,137,Electronics,463.14,1,0.22,1.3,361.2492
07/12/2030,14,120,Furniture,97.98,17,0.15,3.4,1415.811
07/13/2030,3,113,Grocery,453.4,1,0.13,2.3,394.458
07/14/2030,12,101,Electronics,163.2,5,0.16,2.4,685.44
07/15/2030,9,171,Electronics,73.78,14,0.09,2.9,939.9572
07/16/2030,7,169,Clothing,415.07,6,0.27,3.9,1818.0066
07/17/2030,9,132,Furniture,11.22,9,0.24,2.1,76.7448
07/18/2030,13,105,Grocery,417.72,14,0.24,1.3,4444.5408
07/19/2030,18,189,Electronics,138.53,4,0.13,2.7,482.0844
07/20/2030,5,136,Furniture,443.51,1,0.02,1.2,434.6398
07/21/2030,13,113,Grocery,348.82,6,0.2,3.8,1674.336
07/22/2030,4,136,Electronics,336.43,7,0.11,4.8,2095.9589
07/23/2030,2,107,Furniture,189.01,6,0.26,3.6,839.2044
07/24/2030,16,176,Clothing,39.11,1,0.23,2.1,30.1147
07/25/2030,9,112,Electronics,416.74,8,0.04,1.7,3200.5632
07/26/2030,9,139,Furniture,93.74,12,0.18,1.9,922.4016
07/27/2030,6,191,Grocery,192.41,11,0.21,1.9,1672.0429
07/28/2030,11,157,Grocery,304.17,2,0.17,2.3,504.9222
07/29/2030,1,117,Clothing,246.3,2,0.15,1.4,418.71
07/30/2030,4,156,Electronics,107.34,2,0.07,4.6,199.6524
07/31/2030,13,182,Clothing,78.9,8,0.07,4.5,587.016
08/01/2030,13,137,Furniture,70.39,7,0.23,3.5,379.4021
08/02/2030,13,131,Grocery,432.87,16,0.01,1.2,6856.6608
08/03/2030,2,185,Clothing,25.46,9,0.23,4.2,176.4378
08/04/2030,9,165,Electronics,488.74,16,0.16,1.2,6568.6656
08/05/2030,8,176,Furniture,107.28,2,0.28,1.4,154.4832
08/06/2030,7,186,Electronics,64.06,3,0.3,2.3,134.526
08/07/2030,4,124,Clothing,292.72,2,0.2,2.7,468.352
08/08/2030,18,191,Grocery,49.19,19,0.12,2.4,822.4568
08/09/2030,3,157,Grocery,305.2,17,0.14,1.7,4462.024
08/10/2030,6,174,Clothing,426.81,12,0.06,1.4,4814.4168
08/11/2030,12,132,Electronics,33.47,11,0.03,4.4,357.1249
08/12/2030,12,187,Electronics,401.94,19,0.17,2.5,6338.5938
08/13/2030,8,165,Electronics,203.29,6,0.24,1.9,927.0024
08/14/2030,1,129,Electronics,88.15,10,0.08,2.9,810.98
08/15/2030,4,180,Grocery,96.29,14,0.13,1.1,1172.8122
08/16/2030,11,133,Electronics,460.19,1,0.17,3.4,381.9577
08/17/2030,3,185,Clothing,64.2,15,0.27,2,702.99
08/18/2030,13,168,Clothing,434.72,6,0.04,3.4,2503.9872
08/19/2030,17,147,Clothing,276.68,13,0.07,3.5,3345.0612
08/20/2030,10,139,Clothing,29.14,14,0.28,4.2,293.7312
08/21/2030,12,150,Electronics,237.59,13,0.01,1.9,3057.7833
08/22/2030,15,179,Grocery,410.55,16,0.2,2.9,5255.04
08/23/2030,10,112,Furniture,365.84,1,0.19,4.8,296.3304
08/24/2030,14,189,Electronics,249.5,14,0.11,3.9,3108.77
08/25/2030,13,130,Furniture,431.42,13,0.14,4.9,4823.2756
08/26/2030,5,138,Grocery,68.98,10,0.26,4.7,510.452
08/27/2030,6,162,Electronics,455.87,10,0.05,3.4,4330.765
08/28/2030,2,147,Furniture,424.76,4,0.07,2.1,1580.1072
08/29/2030,17,186,Grocery,357.06,14,0.15,4,4249.014
08/30/2030,4,147,Furniture,410.76,12,0.12,3.8,4337.6256
08/31/2030,14,160,Clothing,276.47,6,0.17,3.4,1376.8206
09/01/2030,10,111,Clothing,340.83,15,0.28,3.8,3680.964
09/02/2030,3,177,Grocery,284.69,5,0.28,3.5,1024.884
09/03/2030,3,155,Grocery,184.16,10,0.07,3.1,1712.688
09/04/2030,15,117,Furniture,288.74,9,0.09,2.7,2364.7806
09/05/2030,6,126,Grocery,136.16,10,0.05,1.2,1293.52
09/06/2030,17,127,Clothing,225.74,12,0.28,4.5,1950.3936
09/07/2030,12,181,Clothing,147.58,4,0.12,4.5,519.4816
09/08/2030,11,179,Electronics,70.22,4,0.13,3.4,244.3656
09/09/2030,4,151,Furniture,167.71,13,0.24,2.1,1656.9748
09/10/2030,6,115,Grocery,427.47,14,0.15,1.1,5086.893
09/11/2030,1,176,Grocery,196.73,12,0.04,1,2266.3296
09/12/2030,16,157,Grocery,376.52,13,0.13,1.3,4258.4412
09/13/2030,15,192,Furniture,95.85,13,0.19,2.4,1009.3005
09/14/2030,17,108,Clothing,217.97,2,0.22,1.8,340.0332
09/15/2030,8,125,Grocery,66.28,19,0.19,2.1,1020.0492
09/16/2030,12,127,Grocery,77.92,9,0.04,3.8,673.2288
09/17/2030,10,176,Clothing,312.54,10,0.09,4.8,2844.114
09/18/2030,15,135,Grocery,307.67,17,0.22,1.8,4079.7042
09/19/2030,9,108,Electronics,114.55,10,0.26,2.9,847.67
09/20/2030,2,146,Clothing,242.47,13,0.01,5,3120.5889
09/21/2030,5,177,Clothing,433.02,1,0.01,4.7,428.6898
09/22/2030,6,150,Clothing,95.36,2,0.19,2.4,154.4832
09/23/2030,7,175,Electronics,19.41,17,0.16,2.3,277.1748
09/24/2030,1,156,Clothing,329.48,13,0.05,2,4069.078
09/25/2030,7,131,Furniture,36.21,17,0.16,1.6,517.0788
09/26/2030,12,166,Furniture,490.17,13,0.29,2.8,4524.2691
09/27/2030,16,156,Furniture,308.71,17,0.19,2.4,4250.9367
09/28/2030,16,153,Clothing,240.49,19,0.13,4,3975.2997
09/29/2030,11,115,Clothing,220.7,14,0.25,1.9,2317.35
09/30/2030,4,161,Clothing,290.8,10,0.06,3.9,2733.52
10/01/2030,13,183,Electronics,54.41,2,0.12,2.2,95.7616
10/02/2030,7,195,Furniture,465.71,14,0.16,3.4,5476.7496
10/03/2030,4,155,Grocery,316.56,17,0.15,3.6,4574.292
10/04/2030,15,122,Grocery,100.15,5,0.28,3.7,360.54
10/05/2030,19,116,Clothing,285.66,18,0.09,1.7,4679.1108
10/06/2030,9,179,Electronics,75.3,3,0.02,2.1,221.382
10/07/2030,11,137,Clothing,18.6,16,0.27,2,217.248
10/08/2030,8,171,Grocery,318.95,19,0.07,3.3,5635.8465
10/09/2030,1,182,Furniture,327.76,18,0.11,1.3,5250.7152
10/10/2030,8,129,Grocery,296.01,5,0.16,3.1,1243.242
10/11/2030,13,157,Furniture,99.91,8,0.29,1.3,567.4888
10/12/2030,4,197,Furniture,305.68,6,0.16,2.3,1540.6272
10/13/2030,8,177,Electronics,37.69,15,0.13,3.7,491.8545
10/14/2030,3,121,Grocery,308.53,3,0.18,2.7,758.9838
10/15/2030,9,116,Clothing,281.47,9,0.29,2.1,1798.5933
10/16/2030,2,114,Electronics,331.07,11,0.25,3.5,2731.3275
10/17/2030,2,147,Furniture,448.78,14,0.05,4,5968.774
10/18/2030,13,131,Grocery,426.68,9,0.24,2,2918.4912
10/19/2030,15,176,Clothing,490.52,10,0.25,2.2,3678.9
10/20/2030,12,184,Electronics,488.36,15,0.21,3.6,5787.066
10/21/2030,4,139,Clothing,388.44,18,0.2,4.9,5593.536
10/22/2030,8,196,Grocery,478.65,19,0.13,1.9,7912.0845
10/23/2030,9,156,Clothing,434.97,7,0.19,3.6,2466.2799
10/24/2030,5,157,Electronics,366.52,19,0.22,4.6,5431.8264
10/25/2030,18,190,Clothing,46.94,5,0.04,2.8,225.312
10/26/2030,11,198,Grocery,34.03,18,0.08,2.3,563.5368
10/27/2030,15,115,Electronics,420.42,1,0.06,3.7,395.1948
10/28/2030,9,127,Furniture,249.93,12,0.25,1.1,2249.37
10/29/2030,17,197,Electronics,409.16,6,0.2,2.4,1963.968
10/30/2030,12,100,Grocery,163.33,13,0.14,2,1826.0294
10/31/2030,7,140,Clothing,204.85,17,0.25,1.9,2611.8375
11/01/2030,10,147,Furniture,353.09,9,0.22,1.7,2478.6918
11/02/2030,10,130,Furniture,458.51,1,0.27,3.9,334.7123
11/03/2030,13,135,Clothing,53,12,0.02,4.8,623.28
11/04/2030,19,132,Grocery,432.12,1,0.15,2.5,367.302
11/05/2030,11,132,Electronics,398.58,4,0.21,1.2,1259.5128
11/06/2030,13,181,Grocery,164.61,7,0.06,3.9,1083.1338
11/07/2030,8,122,Furniture,184.06,5,0.1,3.2,828.27
11/08/2030,8,159,Electronics,32.77,5,0.13,3.9,142.5495
11/09/2030,4,186,Electronics,17.71,7,0.24,3.6,94.2172
11/10/2030,15,178,Clothing,243.73,17,0.15,4.6,3521.8985
11/11/2030,11,189,Grocery,56.81,12,0.15,1.6,579.462
11/12/2030,11,129,Electronics,105.06,15,0.13,1.7,1371.033
11/13/2030,1,188,Clothing,424.92,3,0.07,2.4,1185.5268
11/14/2030,17,144,Grocery,289.8,17,0.28,3,3547.152
11/15/2030,15,179,Furniture,320.48,14,0.1,4.7,4038.048
11/16/2030,6,138,Furniture,101.86,15,0.17,4.6,1268.157
11/17/2030,15,144,Grocery,416.04,15,0.04,4.5,5990.976
11/18/2030,9,177,Electronics,435.31,15,0.13,1.9,5680.7955
11/19/2030,14,180,Electronics,266.43,19,0.27,3.9,3695.3841
11/20/2030,18,111,Furniture,457.15,11,0.3,2.5,3520.055
11/21/2030,17,192,Furniture,423.97,18,0.11,4.7,6791.9994
11/22/2030,18,131,Electronics,368.35,10,0.05,1.9,3499.325
11/23/2030,5,155,Grocery,369.7,9,0.09,1.6,3027.843
11/24/2030,9,123,Furniture,61.64,3,0.1,4.4,166.428
11/25/2030,11,112,Electronics,142.71,1,0.19,3.9,115.5951
11/26/2030,1,119,Grocery,42.76,11,0.15,4.3,399.806
11/27/2030,18,178,Clothing,14.25,16,0.23,1.6,175.56
11/28/2030,6,155,Grocery,87.57,3,0.21,4.5,207.5409
11/29/2030,2,152,Electronics,441.44,9,0.08,3.7,3655.1232
11/30/2030,15,167,Grocery,127.54,11,0.24,3.6,1066.2344
12/01/2030,14,153,Electronics,485.38,17,0.25,3.3,6188.595
12/02/2030,5,133,Furniture,302.67,1,0.18,4.1,248.1894
12/03/2030,6,127,Clothing,126.26,9,0.28,2.7,818.1648
12/04/2030,6,149,Furniture,253.59,3,0.23,1.5,585.7929
12/05/2030,18,101,Furniture,117.36,10,0.18,3.2,962.352
12/06/2030,14,193,Electronics,492.15,5,0.27,4,1796.3475
12/07/2030,10,125,Electronics,425.16,11,0.18,1.6,3834.9432
12/08/2030,14,150,Electronics,22.86,5,0.16,1.9,96.012
12/09/2030,13,146,Electronics,474.41,12,0.11,3.8,5066.6988
12/10/2030,3,125,Furniture,363.32,14,0.26,2.1,3763.9952
12/11/2030,6,183,Electronics,50.37,12,0.04,1.7,580.2624
12/12/2030,8,191,Electronics,338.61,19,0.14,4.6,5532.8874
12/13/2030,12,183,Furniture,326.99,9,0.16,1.6,2472.0444
12/14/2030,13,174,Clothing,117.21,7,0.17,2.4,680.9901
12/15/2030,11,173,Clothing,381.64,16,0.2,2.7,4884.992
12/16/2030,12,160,Grocery,52.66,7,0.15,2.9,313.327
12/17/2030,1,122,Furniture,249.83,14,0.08,2.4,3217.8104
12/18/2030,17,136,Electronics,14.86,8,0.26,4.7,87.9712
12/19/2030,16,140,Grocery,484.68,18,0.2,3.6,6979.392
12/20/2030,11,151,Clothing,378.27,3,0.26,2.4,839.7594
12/21/2030,13,182,Clothing,87.84,2,0.08,2.4,161.6256
12/22/2030,18,181,Furniture,177.42,5,0.19,3,718.551
12/23/2030,11,148,Electronics,88.68,8,0.21,1.1,560.4576
12/24/2030,12,126,Electronics,385.64,19,0.12,4.7,6447.9008
12/25/2030,6,105,Grocery,38.86,9,0.24,1.9,265.8024
12/26/2030,9,173,Clothing,421.8,2,0,3.8,843.6
12/27/2030,16,165,Grocery,471.68,15,0.18,4.1,5801.664
12/28/2030,4,123,Grocery,341.55,8,0.18,4.3,2240.568
12/29/2030,3,137,Grocery,114.35,10,0.16,1.7,960.54
12/30/2030,16,127,Electronics,186.44,7,0.19,3.1,1057.1148
12/31/2030,12,127,Clothing,243.85,19,0.05,1.3,4401.4925
01/01/2031,11,165,Grocery,306.27,1,0.21,4.2,241.9533
01/02/2031,5,160,Clothing,337.64,2,0.1,2.9,607.752
01/03/2031,18,145,Clothing,281.57,3,0.14,1.6,726.4506
01/04/2031,19,168,Grocery,182.14,14,0.1,3.9,2294.964
01/05/2031,6,174,Grocery,446.55,15,0.14,2.3,5760.495
01/06/2031,18,173,Furniture,49.88,14,0.19,1.5,565.6392
01/07/2031,6,142,Electronics,238.47,8,0.25,2.8,1430.82
01/08/2031,4,158,Clothing,390.03,18,0.15,1.9,5967.459
01/09/2031,12,101,Grocery,39.83,17,0.1,4.8,609.399
01/10/2031,19,114,Grocery,355.61,7,0.15,2.4,2115.8795
01/11/2031,2,136,Clothing,411.66,1,0.21,3.3,325.2114
01/12/2031,17,170,Grocery,333.81,9,0.1,4.8,2703.861
01/13/2031,11,119,Furniture,16.34,9,0.12,2.6,129.4128
01/14/2031,11,197,Clothing,98.27,11,0.17,2.4,897.2051
01/15/2031,16,134,Grocery,177.64,19,0.09,1.6,3071.3956
01/16/2031,2,133,Clothing,124.51,6,0.06,4.8,702.2364
01/17/2031,2,185,Grocery,481.7,7,0.04,4.2,3237.024
01/18/2031,8,130,Grocery,329.28,15,0.11,1.9,4395.888
01/19/2031,13,186,Electronics,155.52,6,0.01,2.3,923.7888
01/20/2031,10,118,Clothing,465.55,9,0.18,4.7,3435.759
01/21/2031,8,167,Electronics,372.89,15,0.05,3.1,5313.6825
01/22/2031,4,123,Grocery,149.46,6,0.11,3.2,798.1164
01/23/2031,15,183,Clothing,195.65,7,0.08,3.6,1259.986
01/24/2031,1,138,Clothing,107.72,17,0.19,4,1483.3044
01/25/2031,11,191,Furniture,485.83,6,0.26,4.8,2157.0852
01/26/2031,7,153,Furniture,263.48,9,0.19,4.2,1920.7692
01/27/2031,17,138,Grocery,449.07,3,0.16,4.7,1131.6564
01/28/2031,18,116,Grocery,179.78,14,0.2,4.3,2013.536
01/29/2031,12,118,Grocery,431.81,6,0.01,1.2,2564.9514
01/30/2031,9,147,Grocery,36.4,4,0.04,1.5,139.776
01/31/2031,5,134,Furniture,491.22,16,0.03,4.5,7623.7344
02/01/2031,10,131,Clothing,456.9,16,0.03,1.1,7091.088
02/02/2031,4,146,Electronics,187.97,9,0.08,4.2,1556.3916
02/03/2031,5,146,Clothing,389.61,4,0.16,4.4,1309.0896
02/04/2031,10,163,Clothing,378.61,8,0.03,2.7,2938.0136
02/05/2031,11,145,Furniture,451.61,8,0.28,2.4,2601.2736
02/06/2031,10,134,Clothing,160.55,6,0.26,1.8,712.842
02/07/2031,8,193,Clothing,238.1,8,0.29,1.2,1352.408
02/08/2031,2,116,Grocery,433.85,6,0.01,4,2577.069
02/09/2031,8,141,Electronics,391.5,14,0.26,1.3,4055.94
02/10/2031,16,128,Clothing,202.8,14,0.24,4.8,2157.792
02/11/2031,5,169,Clothing,424.41,18,0.27,2.2,5576.7474
02/12/2031,3,116,Electronics,33.01,13,0.16,4.2,360.4692
02/13/2031,12,180,Grocery,393.2,15,0.24,1.2,4482.48
02/14/2031,13,113,Furniture,111.32,3,0.02,3.1,327.2808
02/15/2031,13,123,Furniture,150.2,6,0.02,2.4,883.176
02/16/2031,10,156,Clothing,251.68,17,0.04,1.1,4107.4176
02/17/2031,4,149,Grocery,230.37,16,0.27,3.6,2690.7216
02/18/2031,9,156,Furniture,265.08,6,0.02,4.8,1558.6704
02/19/2031,2,160,Furniture,276.94,8,0.03,1,2149.0544
02/20/2031,19,138,Furniture,172.45,13,0.28,2.1,1614.132
02/21/2031,1,154,Furniture,95.86,13,0.03,3.8,1208.7946
02/22/2031,7,195,Furniture,386.56,17,0.26,4.5,4862.9248
02/23/2031,17,135,Clothing,205.99,3,0.24,1.8,469.6572
02/24/2031,3,136,Furniture,257.86,13,0.01,1.3,3318.6582
02/25/2031,3,113,Clothing,325.9,7,0.01,1,2258.487
02/26/2031,3,126,Electronics,455.72,5,0.16,1.9,1914.024
02/27/2031,17,182,Electronics,356.7,11,0.3,1.3,2746.59
02/28/2031,7,130,Grocery,32.28,18,0.26,2.4,429.9696
03/01/2031,14,172,Clothing,420.89,4,0.09,2.8,1532.0396
03/02/2031,17,180,Grocery,494.78,7,0.12,2.9,3047.8448
03/03/2031,18,182,Electronics,241.52,4,0.12,1.6,850.1504
03/04/2031,13,143,Electronics,485.1,10,0.22,2.9,3783.78
03/05/2031,18,167,Electronics,278.19,1,0.1,1,250.371
03/06/2031,4,147,Electronics,235.21,17,0.04,2,3838.6272
03/07/2031,1,156,Furniture,172.39,5,0.22,2.5,672.321
03/08/2031,18,174,Electronics,332.2,17,0.14,1.5,4856.764
03/09/2031,1,121,Furniture,122.61,3,0.02,4.3,360.4734
03/10/2031,13,103,Furniture,61.42,9,0.24,1.8,420.1128
03/11/2031,10,180,Grocery,23.35,3,0.18,4,57.441
03/12/2031,11,171,Furniture,153.27,3,0.15,2.9,390.8385
03/13/2031,9,145,Grocery,203.93,9,0.2,2.9,1468.296
03/14/2031,9,158,Furniture,280.52,5,0.15,3.6,1192.21
03/15/2031,5,133,Furniture,153.45,10,0.19,1.2,1242.945
03/16/2031,1,110,Electronics,492.19,15,0.26,1.3,5463.309
03/17/2031,17,130,Clothing,152.96,12,0.18,2.3,1505.1264
03/18/2031,2,110,Furniture,226.08,6,0.2,2.7,1085.184
03/19/2031,13,155,Clothing,60.61,7,0.18,2.7,347.9014
03/20/2031,9,137,Clothing,137.71,7,0.16,3.7,809.7348
03/21/2031,4,120,Clothing,33.68,4,0.05,1,127.984
03/22/2031,5,193,Furniture,284.16,13,0.1,4.8,3324.672
03/23/2031,11,109,Clothing,378.02,15,0.21,1.7,4479.537
03/24/2031,19,125,Furniture,105.9,18,0.13,2,1658.394
03/25/2031,3,190,Electronics,190.28,18,0.12,4.6,3014.0352
03/26/2031,12,107,Furniture,18.14,7,0.23,1,97.7746
03/27/2031,19,107,Grocery,421.37,10,0,5,4213.7
03/28/2031,19,159,Electronics,392.18,16,0.2,1.1,5019.904
03/29/2031,13,171,Clothing,40.99,8,0.15,1.5,278.732
03/30/2031,7,133,Clothing,188.79,19,0.11,2,3192.4389
03/31/2031,15,115,Grocery,478.09,11,0.1,2.8,4733.091
04/01/2031,7,112,Electronics,202.09,6,0.05,3.1,1151.913
04/02/2031,8,186,Grocery,267.84,10,0.1,1.4,2410.56
04/03/2031,5,175,Clothing,184.07,19,0.12,1.3,3077.6504
04/04/2031,14,190,Furniture,302.1,14,0.13,1.1,3679.578
04/05/2031,4,121,Clothing,489.3,6,0.2,2,2348.64
04/06/2031,10,195,Grocery,498.78,4,0.14,4.7,1715.8032
04/07/2031,15,126,Furniture,389.61,15,0.24,2.6,4441.554
04/08/2031,18,163,Furniture,208.11,5,0.19,4.1,842.8455
04/09/2031,13,101,Clothing,252.27,16,0.06,1.8,3794.1408
04/10/2031,8,196,Furniture,184.8,7,0.08,1.3,1190.112
04/11/2031,9,125,Electronics,492.93,2,0.02,3.2,966.1428
04/12/2031,16,191,Clothing,356.8,13,0.28,4.3,3339.648
04/13/2031,19,182,Clothing,229.98,2,0.27,4.6,335.7708
04/14/2031,16,168,Electronics,15.94,9,0.03,3.2,139.1562
04/15/2031,7,196,Clothing,265.04,5,0.17,2.2,1099.916
04/16/2031,14,183,Grocery,492.12,3,0.29,1.4,1048.2156
04/17/2031,14,129,Grocery,266.3,2,0.22,3.7,415.428
04/18/2031,4,107,Clothing,99.39,14,0.15,2.1,1182.741
04/19/2031,15,137,Electronics,20.83,8,0.07,4.4,154.9752
04/20/2031,3,160,Furniture,183.8,12,0.08,3.4,2029.152
04/21/2031,5,180,Electronics,459.93,17,0.22,4.4,6098.6718
04/22/2031,1,164,Grocery,498.31,16,0.23,3.3,6139.1792
04/23/2031,3,166,Clothing,473.23,6,0.16,4.1,2385.0792
04/24/2031,15,145,Electronics,367.42,6,0.04,2.2,2116.3392
04/25/2031,8,189,Furniture,283.49,18,0.28,3,3674.0304
04/26/2031,4,194,Furniture,299.44,2,0.25,1.1,449.16
04/27/2031,2,171,Furniture,274.11,8,0.04,3.4,2105.1648
04/28/2031,10,142,Furniture,356.45,14,0.02,3.1,4890.494
04/29/2031,4,158,Electronics,215.25,2,0.16,4,361.62
04/30/2031,3,145,Furniture,337.91,17,0.09,3.9,5227.4677
05/01/2031,2,171,Grocery,69.59,16,0.08,3.5,1024.3648
05/02/2031,17,134,Furniture,140.19,18,0.03,1.2,2447.7174
05/03/2031,13,138,Grocery,419.64,6,0.29,4.6,1787.6664
05/04/2031,5,191,Electronics,452.84,17,0.25,1.1,5773.71
05/05/2031,9,150,Grocery,274.11,18,0.03,4.2,4785.9606
05/06/2031,6,103,Electronics,25.5,14,0.26,2.9,264.18
05/07/2031,5,179,Furniture,464.22,10,0.2,4.3,3713.76
05/08/2031,10,176,Clothing,354.01,4,0.1,2.9,1274.436
05/09/2031,8,183,Grocery,212.87,18,0.26,3.6,2835.4284
05/10/2031,7,150,Grocery,303.21,11,0.18,2.5,2734.9542
05/11/2031,7,104,Clothing,220.59,16,0.25,4,2647.08
05/12/2031,6,154,Electronics,238.02,4,0.14,2,818.7888
05/13/2031,3,119,Electronics,444.54,19,0.15,3.9,7179.321
05/14/2031,19,123,Furniture,88.93,6,0.09,1.8,485.5578
05/15/2031,15,135,Grocery,60.8,8,0.12,3.9,428.032
05/16/2031,4,133,Electronics,11.34,18,0.17,2.2,169.4196
05/17/2031,12,153,Furniture,163.86,19,0.28,2.1,2241.6048
05/18/2031,6,133,Electronics,82.23,18,0.18,4.2,1213.7148
05/19/2031,19,182,Clothing,117.79,16,0.04,4.3,1809.2544
05/20/2031,4,116,Clothing,15.51,7,0,3.8,108.57
05/21/2031,15,104,Clothing,121.33,17,0.26,4.7,1526.3314
05/22/2031,9,188,Furniture,173.03,3,0.11,1.6,461.9901
05/23/2031,5,117,Grocery,25.47,15,0.09,2.1,347.6655
05/24/2031,13,154,Clothing,307.87,4,0.24,2.2,935.9248
05/25/2031,18,152,Clothing,288.71,16,0.28,2.2,3325.9392
05/26/2031,5,149,Electronics,57.55,14,0.22,2.3,628.446
05/27/2031,16,171,Clothing,301.55,17,0.05,3.8,4870.0325
05/28/2031,19,190,Grocery,499.34,9,0.12,2.1,3954.7728
05/29/2031,14,178,Furniture,472.79,7,0.23,2.1,2548.3381
05/30/2031,16,144,Clothing,11.31,14,0.27,3.3,115.5882
05/31/2031,15,112,Furniture,399.74,12,0.3,1.8,3357.816
06/01/2031,4,115,Furniture,183.27,17,0.15,2.5,2648.2515
06/02/2031,7,185,Grocery,41.19,9,0.25,1.2,278.0325
06/03/2031,16,183,Electronics,155.03,12,0.01,4.8,1841.7564
06/04/2031,8,112,Electronics,167.65,12,0.09,2.3,1830.738
06/05/2031,17,119,Furniture,266.39,8,0.11,4.4,1896.6968
06/06/2031,16,165,Clothing,333.93,10,0.29,3.1,2370.903
06/07/2031,10,198,Furniture,377.04,12,0,1.9,4524.48
06/08/2031,10,146,Electronics,130.49,5,0.09,1.8,593.7295
06/09/2031,2,118,Clothing,167.67,1,0.28,3.8,120.7224
06/10/2031,9,144,Electronics,161.11,9,0.09,4.9,1319.4909
06/11/2031,17,136,Grocery,187.74,15,0.07,1.7,2618.973
06/12/2031,11,153,Electronics,499.83,2,0.22,1.5,779.7348
06/13/2031,10,105,Clothing,391.19,4,0.22,2.5,1220.5128
06/14/2031,17,113,Clothing,487.75,4,0.14,2.6,1677.86
06/15/2031,4,103,Furniture,349.62,3,0.28,4.2,755.1792
06/16/2031,16,185,Clothing,209.07,16,0.06,2.9,3144.4128
06/17/2031,15,154,Grocery,200.97,8,0.27,1.2,1173.6648
06/18/2031,5,199,Electronics,249.4,7,0.23,4.7,1344.266
06/19/2031,6,133,Furniture,214.27,12,0.11,2.5,2288.4036
06/20/2031,17,126,Furniture,415.88,12,0.24,3.7,3792.8256
06/21/2031,1,106,Clothing,237.85,4,0.04,3.7,913.344
06/22/2031,19,102,Grocery,154.85,15,0.04,1.2,2229.84
06/23/2031,4,146,Furniture,389.68,6,0.28,1,1683.4176
06/24/2031,17,196,Grocery,428.67,3,0.03,1.4,1247.4297
06/25/2031,9,101,Grocery,216.01,7,0,4.8,1512.07
06/26/2031,2,179,Electronics,337.23,6,0.12,4.2,1780.5744
06/27/2031,8,124,Electronics,38.81,1,0.03,1.5,37.6457
06/28/2031,15,159,Electronics,269.44,8,0.26,3.5,1595.0848
06/29/2031,7,178,Grocery,32.04,1,0.28,3.4,23.0688
06/30/2031,6,123,Electronics,24.3,16,0.14,1,334.368
07/01/2031,1,114,Furniture,310.33,3,0.13,2.7,809.9613
07/02/2031,15,194,Furniture,158.63,2,0.16,3.8,266.4984
07/03/2031,7,113,Clothing,373.84,6,0.07,1.7,2086.0272
07/04/2031,17,153,Grocery,449.08,8,0.09,4.4,3269.3024
07/05/2031,2,177,Electronics,78.3,7,0.03,3.6,531.657
07/06/2031,9,105,Furniture,365.02,7,0.13,1,2222.9718
07/07/2031,9,177,Grocery,262.11,19,0.18,4.4,4083.6738
07/08/2031,13,180,Grocery,64.94,18,0.28,1.1,841.6224
07/09/2031,6,117,Electronics,329.28,3,0.22,4.6,770.5152
07/10/2031,6,119,Grocery,308.64,11,0.22,2.3,2648.1312
07/11/2031,3,161,Electronics,262.66,11,0.09,3.8,2629.2266
07/12/2031,17,180,Electronics,463.97,3,0.27,4.1,1016.0943
07/13/2031,17,179,Electronics,265.33,1,0.28,2.1,191.0376
07/14/2031,12,139,Grocery,495.35,10,0.28,2.4,3566.52
07/15/2031,16,138,Grocery,259.52,2,0.01,3,513.8496
07/16/2031,15,151,Electronics,66.77,17,0.18,3.3,930.7738
07/17/2031,13,131,Grocery,240.53,9,0.19,2.2,1753.4637
07/18/2031,1,172,Electronics,99.34,18,0.09,5,1627.1892
07/19/2031,17,126,Clothing,302.6,9,0.3,3.9,1906.38
07/20/2031,3,151,Grocery,349.63,11,0.09,2.1,3499.7963
07/21/2031,15,196,Grocery,239.53,17,0.06,3.6,3827.6894
07/22/2031,4,162,Clothing,57.87,14,0.15,2.7,688.653
07/23/2031,4,173,Clothing,239.63,18,0.1,4.4,3882.006
07/24/2031,18,162,Clothing,49.91,18,0.28,2.3,646.8336
07/25/2031,17,116,Electronics,344.24,12,0.13,1.8,3593.8656
07/26/2031,19,148,Electronics,397.28,18,0.12,1.2,6292.9152
07/27/2031,11,199,Furniture,481.57,8,0.19,4.9,3120.5736
07/28/2031,3,180,Clothing,82.91,8,0.02,2.4,650.0144
07/29/2031,8,181,Furniture,270.89,8,0.23,1.9,1668.6824
07/30/2031,14,122,Electronics,288.09,15,0.23,3,3327.4395
07/31/2031,1,197,Grocery,462.01,8,0.14,2.2,3178.6288
08/01/2031,14,171,Clothing,317.37,14,0.29,1.9,3154.6578
08/02/2031,2,112,Grocery,81.3,13,0.17,3.5,877.227
08/03/2031,4,122,Electronics,223.81,8,0.21,1.3,1414.4792
08/04/2031,19,156,Clothing,330.83,17,0.28,3,4049.3592
08/05/2031,6,161,Furniture,353.14,19,0.2,2.5,5367.728
08/06/2031,1,153,Furniture,432.91,6,0.13,3.1,2259.7902
08/07/2031,17,119,Electronics,98.45,17,0.01,2.3,1656.9135
08/08/2031,8,185,Grocery,476.26,4,0.22,3.3,1485.9312
08/09/2031,19,151,Electronics,38.98,7,0.29,1.3,193.7306
08/10/2031,1,122,Grocery,492.04,17,0.14,2.5,7193.6248
08/11/2031,5,134,Electronics,430.31,18,0.1,1.9,6971.022
08/12/2031,16,166,Furniture,333.53,6,0.16,2.8,1680.9912
08/13/2031,6,133,Grocery,370.15,10,0.22,2.6,2887.17
08/14/2031,8,132,Electronics,45.62,18,0,3.5,821.16
08/15/2031,13,145,Clothing,30.33,7,0.27,3.5,154.9863
08/16/2031,16,180,Furniture,59.87,14,0.27,2.7,611.8714
08/17/2031,3,144,Furniture,52.81,14,0.16,1.7,621.0456
08/18/2031,19,118,Clothing,278.22,10,0.04,3.3,2670.912
08/19/2031,12,193,Electronics,115.57,9,0.2,4.9,832.104
08/20/2031,16,186,Grocery,431.5,10,0.04,1.7,4142.4
08/21/2031,11,114,Furniture,228.42,2,0.15,1.3,388.314
08/22/2031,10,177,Electronics,350.8,3,0.03,2.1,1020.828
08/23/2031,4,165,Clothing,329.91,16,0.18,2.7,4328.4192
08/24/2031,12,138,Grocery,166.73,10,0.1,2.2,1500.57
08/25/2031,2,117,Electronics,129.15,11,0.25,4.3,1065.4875
08/26/2031,19,169,Electronics,177.8,10,0.24,3,1351.28
08/27/2031,5,158,Furniture,400.36,12,0.3,2,3363.024
08/28/2031,8,131,Furniture,297.28,14,0.08,4.8,3828.9664
08/29/2031,7,120,Grocery,134.23,9,0.02,1.5,1183.9086
08/30/2031,14,139,Electronics,410.74,13,0.13,1.5,4645.4694
08/31/2031,3,191,Clothing,36.83,6,0.03,2,214.3506
09/01/2031,18,126,Clothing,352.6,11,0.05,1.3,3684.67
09/02/2031,16,101,Grocery,225.16,1,0.18,4,184.6312
09/03/2031,19,196,Electronics,368.33,15,0.18,2.3,4530.459
09/04/2031,19,179,Furniture,464.46,7,0.01,3.9,3218.7078
09/05/2031,18,138,Electronics,377.52,11,0.13,4.1,3612.8664
09/06/2031,16,185,Furniture,226.56,17,0.16,2,3235.2768
09/07/2031,8,155,Clothing,83.98,5,0.08,3.1,386.308
09/08/2031,1,112,Grocery,405.11,9,0.26,3.1,2698.0326
09/09/2031,17,155,Grocery,235.75,16,0.05,4.5,3583.4
09/10/2031,12,165,Grocery,46.9,11,0.08,1.1,474.628
09/11/2031,11,177,Furniture,362.34,17,0.05,2.3,5851.791
09/12/2031,5,155,Clothing,153.01,6,0.03,4.5,890.5182
09/13/2031,12,127,Clothing,33.96,15,0.26,1.9,376.956
09/14/2031,17,163,Grocery,452.35,3,0.08,1.5,1248.486
09/15/2031,6,170,Grocery,246.72,9,0.22,3.3,1731.9744
09/16/2031,1,181,Furniture,147.67,12,0.13,2.2,1541.6748
09/17/2031,5,163,Furniture,361.03,19,0.19,2.9,5556.2517
09/18/2031,14,155,Electronics,444.09,18,0.28,4.3,5755.4064
09/19/2031,5,140,Furniture,10.15,16,0.25,3.1,121.8
09/20/2031,1,199,Electronics,347.05,8,0.02,3.1,2720.872
09/21/2031,18,140,Grocery,385.84,19,0.25,2.1,5498.22
09/22/2031,16,199,Clothing,112.86,5,0.14,4.2,485.298
09/23/2031,9,103,Furniture,249.92,12,0.11,4,2669.1456
09/24/2031,19,156,Clothing,53.75,6,0.2,1.9,258
09/25/2031,5,129,Furniture,375.91,12,0.29,2.3,3202.7532
09/26/2031,2,187,Furniture,425.25,15,0.03,4.2,6187.3875
09/27/2031,15,183,Electronics,63.01,10,0.23,2.4,485.177
09/28/2031,7,145,Furniture,410.07,17,0.06,2.6,6552.9186
09/29/2031,4,155,Grocery,388.07,7,0.11,2.5,2417.6761
09/30/2031,1,130,Clothing,179.99,7,0.26,1.6,932.3482
10/01/2031,13,187,Furniture,348.24,11,0.16,2.4,3217.7376
10/02/2031,7,106,Clothing,10.02,2,0.02,4.2,19.6392
10/03/2031,15,189,Clothing,466.58,2,0.15,3,793.186
10/04/2031,14,176,Clothing,279.69,14,0.24,2.8,2975.9016
10/05/2031,19,153,Furniture,313.97,18,0.16,1.6,4747.2264
10/06/2031,18,107,Electronics,335.68,16,0.05,1.7,5102.336
10/07/2031,10,154,Clothing,285.07,11,0.13,1.2,2728.1199
10/08/2031,9,168,Clothing,429.81,9,0.28,1.1,2785.1688
10/09/2031,8,143,Furniture,308.75,7,0.2,3,1729
10/10/2031,10,112,Furniture,454.8,4,0.22,2.6,1418.976
10/11/2031,17,192,Grocery,295.34,16,0.24,2.1,3591.3344
10/12/2031,2,119,Grocery,93.85,14,0.03,5,1274.483
10/13/2031,6,177,Electronics,457.65,11,0.17,2.6,4178.3445
10/14/2031,5,131,Electronics,344,8,0.11,4.2,2449.28
10/15/2031,9,159,Electronics,352.63,11,0.04,1.8,3723.7728
10/16/2031,5,149,Electronics,492.89,17,0.06,2,7876.3822
10/17/2031,18,126,Clothing,46.85,19,0.23,3.3,685.4155
10/18/2031,9,124,Furniture,220.01,10,0.05,1,2090.095
10/19/2031,17,151,Grocery,127.16,12,0.09,1.1,1388.5872
10/20/2031,17,167,Clothing,318.91,1,0.09,1.6,290.2081
10/21/2031,12,120,Furniture,405.34,2,0.01,1.9,802.5732
10/22/2031,7,117,Furniture,483.49,18,0.14,3.1,7484.4252
10/23/2031,3,138,Clothing,232.75,7,0.23,3.7,1254.5225
10/24/2031,10,114,Clothing,395.25,16,0.01,2.2,6260.76
10/25/2031,2,152,Grocery,459.36,13,0.03,2,5792.5296
10/26/2031,3,137,Electronics,344.83,4,0.22,4.3,1075.8696
10/27/2031,16,147,Electronics,128.94,10,0.18,1.7,1057.308
10/28/2031,2,151,Grocery,307.85,9,0.21,3.7,2188.8135
10/29/2031,10,187,Grocery,485.28,18,0.07,4.7,8123.5872
10/30/2031,6,171,Electronics,493.9,9,0.24,1.9,3378.276
10/31/2031,11,127,Clothing,324.76,10,0.14,1.3,2792.936
11/01/2031,7,184,Electronics,444.62,8,0.18,4.9,2916.7072
11/02/2031,15,115,Furniture,108.17,11,0.03,2.1,1154.1739
11/03/2031,6,115,Furniture,130.58,13,0.06,2.1,1595.6876
11/04/2031,9,134,Grocery,476.91,13,0.23,2.9,4773.8691
11/05/2031,12,116,Electronics,76.27,16,0.07,1.9,1134.8976
11/06/2031,19,172,Electronics,103.64,13,0.03,5,1306.9004
11/07/2031,3,198,Furniture,216.07,12,0.18,1.2,2126.1288
11/08/2031,15,151,Electronics,298.9,15,0.16,2.8,3766.14
11/09/2031,2,192,Grocery,305.87,16,0.18,3.2,4013.0144
11/10/2031,2,181,Grocery,153.07,8,0.19,2.9,991.8936
11/11/2031,3,111,Furniture,461.1,6,0.15,3.1,2351.61
11/12/2031,6,182,Electronics,458.4,8,0.15,5,3117.12
11/13/2031,15,147,Electronics,202.11,2,0.28,4.5,291.0384
11/14/2031,10,121,Furniture,222.8,18,0.16,2.2,3368.736
11/15/2031,9,148,Clothing,354.22,11,0.19,3.2,3156.1002
11/16/2031,1,151,Clothing,334.87,17,0.08,1,5237.3668
11/17/2031,16,178,Electronics,197.33,10,0.26,2.6,1460.242
11/18/2031,6,100,Grocery,212.98,2,0.01,1.7,421.7004
11/19/2031,9,165,Clothing,180.54,19,0.17,3.8,2847.1158
11/20/2031,4,163,Electronics,125.34,2,0.12,1.9,220.5984
11/21/2031,2,107,Clothing,234.49,6,0.18,4,1153.6908
11/22/2031,4,185,Furniture,346.35,17,0.11,2.3,5240.2755
11/23/2031,1,124,Clothing,373.56,12,0.22,4.7,3496.5216
11/24/2031,19,165,Clothing,391.65,5,0.01,2.8,1938.6675
11/25/2031,10,172,Furniture,193.62,2,0.12,4.4,340.7712
11/26/2031,15,172,Grocery,384.67,9,0.25,3.5,2596.5225
11/27/2031,19,176,Electronics,13.19,2,0.08,4.9,24.2696
11/28/2031,16,169,Grocery,243.75,14,0.02,4,3344.25
11/29/2031,4,193,Grocery,399.01,15,0.15,3.9,5087.3775
11/30/2031,2,178,Clothing,318.72,2,0.29,2.1,452.5824
12/01/2031,13,150,Electronics,242.29,18,0.02,3,4273.9956
12/02/2031,1,152,Clothing,325.87,12,0.02,2.2,3832.2312
12/03/2031,17,114,Furniture,454.4,7,0.18,1.1,2608.256
12/04/2031,13,149,Grocery,287.53,16,0.08,3.8,4232.4416
12/05/2031,4,170,Grocery,401.9,19,0.12,1.9,6719.768
12/06/2031,7,174,Furniture,490.56,3,0.25,2.6,1103.76
12/07/2031,17,137,Electronics,355.73,15,0.06,2.1,5015.793
12/08/2031,9,139,Grocery,290.93,15,0.22,1.8,3403.881
12/09/2031,4,165,Grocery,28.37,7,0.15,1.3,168.8015
12/10/2031,19,138,Electronics,193.49,8,0.27,2.4,1129.9816
12/11/2031,1,173,Clothing,287.07,7,0.29,1.3,1426.7379
12/12/2031,10,116,Furniture,400.63,3,0.15,3.2,1021.6065
12/13/2031,4,106,Electronics,224.67,19,0.18,1.1,3500.3586
12/14/2031,9,138,Furniture,480.43,19,0.22,4.8,7119.9726
12/15/2031,13,167,Furniture,143.18,18,0.1,4.9,2319.516
12/16/2031,14,134,Grocery,374.84,7,0.07,2.2,2440.2084
12/17/2031,10,150,Electronics,215.33,19,0.29,2,2904.8017
12/18/2031,6,146,Furniture,248.13,5,0.13,1.4,1079.3655
12/19/2031,16,135,Clothing,403.23,13,0,4.6,5241.99
12/20/2031,6,163,Furniture,155.15,2,0.25,3.3,232.725
12/21/2031,17,194,Grocery,57.44,18,0.18,3.4,847.8144
12/22/2031,10,188,Clothing,264.93,4,0.05,4.6,1006.734
12/23/2031,18,112,Clothing,269.11,4,0.01,4.6,1065.6756
12/24/2031,18,117,Electronics,400.61,8,0.09,4.3,2916.4408
12/25/2031,3,120,Clothing,484.48,11,0.28,4.1,3837.0816
12/26/2031,15,164,Electronics,37.1,1,0.28,4.5,26.712
12/27/2031,15,199,Electronics,299.93,9,0.09,4.5,2456.4267
12/28/2031,4,107,Clothing,343.83,6,0.25,2.5,1547.235
12/29/2031,9,147,Electronics,493.04,4,0.13,4.9,1715.7792
12/30/2031,19,184,Electronics,471.87,6,0.2,3.8,2264.976
12/31/2031,17,142,Clothing,359.1,13,0.1,2.5,4201.47
01/01/2032,11,152,Grocery,265.68,9,0.15,2.8,2032.452
01/02/2032,9,184,Furniture,89.15,14,0.09,3.7,1135.771
01/03/2032,10,126,Electronics,198.25,12,0.02,2.4,2331.42
01/04/2032,18,118,Electronics,296.71,4,0.04,4.3,1139.3664
01/05/2032,13,122,Clothing,365.35,8,0.09,1.6,2659.748
01/06/2032,8,149,Furniture,321.35,17,0.29,4.6,3878.6945
01/07/2032,7,150,Furniture,359.92,5,0.29,2.2,1277.716
01/08/2032,17,142,Electronics,220.28,3,0.25,1.6,495.63
01/09/2032,15,198,Clothing,366.54,4,0.07,4.4,1363.5288
01/10/2032,15,150,Grocery,80.43,8,0.13,2,559.7928
01/11/2032,1,168,Furniture,89.67,16,0.13,4.4,1248.2064
01/12/2032,14,140,Grocery,89.79,11,0.12,2.2,869.1672
01/13/2032,5,171,Clothing,446.52,2,0.01,4.7,884.1096
01/14/2032,11,110,Grocery,47.26,8,0.16,1.9,317.5872
01/15/2032,16,179,Clothing,402.74,7,0.02,1.3,2762.7964
01/16/2032,2,187,Electronics,124.45,1,0.24,4.7,94.582
01/17/2032,8,184,Grocery,239.53,2,0.21,1.7,378.4574
01/18/2032,11,151,Electronics,458.82,13,0.11,4.8,5308.5474
01/19/2032,18,122,Electronics,297.11,11,0.19,4.3,2647.2501
01/20/2032,3,148,Clothing,112.96,3,0.07,1.3,315.1584
01/21/2032,1,137,Grocery,149.2,2,0.08,2.8,274.528
01/22/2032,11,146,Furniture,461.02,16,0.09,1.3,6712.4512
01/23/2032,16,171,Grocery,219.3,1,0.24,2.3,166.668
01/24/2032,18,106,Furniture,297.62,7,0.06,2.4,1958.3396
01/25/2032,16,165,Electronics,235.37,3,0.17,3.4,586.0713
01/26/2032,10,193,Electronics,195.43,16,0.06,4.9,2939.2672
01/27/2032,18,176,Clothing,119.41,6,0.09,1.7,651.9786
01/28/2032,6,161,Furniture,346.23,14,0.07,2.3,4507.9146
01/29/2032,19,186,Grocery,361.94,11,0.19,3.3,3224.8854
01/30/2032,4,128,Clothing,144.69,19,0.16,1.7,2309.2524
01/31/2032,13,137,Clothing,396.62,1,0.22,3.8,309.3636
02/01/2032,14,183,Clothing,428.72,13,0.07,2.6,5183.2248
02/02/2032,3,132,Grocery,461.13,9,0,4.8,4150.17
02/03/2032,10,128,Clothing,88.99,11,0.2,3.5,783.112
02/04/2032,6,178,Grocery,158.92,1,0.03,2.5,154.1524
02/05/2032,1,122,Clothing,431.57,13,0.07,3.9,5217.6813
02/06/2032,14,102,Furniture,107.28,1,0.09,4.4,97.6248
02/07/2032,8,192,Electronics,11.7,3,0.22,4.2,27.378
02/08/2032,19,144,Furniture,436.71,17,0.19,2.1,6013.4967
02/09/2032,14,107,Furniture,169.96,5,0.06,2.7,798.812
02/10/2032,10,185,Clothing,213.1,6,0.18,2.8,1048.452
02/11/2032,17,128,Furniture,228.7,17,0.21,2.6,3071.441
02/12/2032,9,101,Furniture,425.65,10,0.12,2.2,3745.72
02/13/2032,6,149,Furniture,175.57,11,0.07,4,1796.0811
02/14/2032,11,164,Clothing,447.22,13,0.2,1,4651.088
02/15/2032,7,119,Grocery,312.3,10,0.18,2.2,2560.86
02/16/2032,17,151,Electronics,268.37,14,0.02,1.6,3682.0364
02/17/2032,1,184,Electronics,169.55,13,0.2,1.5,1763.32
02/18/2032,5,136,Grocery,129.42,4,0.15,2.1,440.028
02/19/2032,9,171,Grocery,315.79,17,0.23,4,4133.6911
02/20/2032,18,126,Furniture,228.98,18,0.06,4.9,3874.3416
02/21/2032,2,146,Electronics,456.15,11,0.08,3.1,4616.238
02/22/2032,11,198,Grocery,250.9,10,0.16,2.4,2107.56
02/23/2032,6,105,Furniture,260.78,18,0.14,4.3,4036.8744
02/24/2032,8,159,Electronics,214.19,19,0.12,1.3,3581.2568
02/25/2032,4,144,Clothing,396.74,9,0.22,1.4,2785.1148
02/26/2032,18,143,Clothing,218.17,5,0.17,2.4,905.4055
02/27/2032,11,182,Electronics,141.98,1,0.21,2.8,112.1642
02/28/2032,5,117,Electronics,432.4,5,0.05,4.2,2053.9
02/29/2032,15,164,Clothing,302.45,3,0.22,4.7,707.733
03/01/2032,18,124,Clothing,299.84,1,0.14,3.1,257.8624
03/02/2032,2,126,Electronics,309.3,19,0.01,3,5817.933
03/03/2032,11,106,Furniture,362.23,6,0.07,1.9,2021.2434
03/04/2032,13,143,Grocery,163.4,10,0.01,2.8,1617.66
03/05/2032,4,128,Grocery,26.58,5,0.14,4.7,114.294
03/06/2032,7,194,Electronics,407.19,12,0.1,2.6,4397.652
03/07/2032,11,143,Grocery,73.16,12,0.3,1.8,614.544
03/08/2032,4,135,Clothing,363.69,17,0.26,2.3,4575.2202
03/09/2032,15,118,Clothing,50.33,2,0.25,3.1,75.495
03/10/2032,1,105,Grocery,193.9,14,0.15,3.4,2307.41
03/11/2032,3,124,Electronics,40.88,12,0.24,2.7,372.8256
03/12/2032,14,130,Clothing,265.88,13,0.08,4,3179.9248
03/13/2032,6,108,Furniture,330.04,5,0.17,3.3,1369.666
03/14/2032,18,183,Furniture,94,5,0.12,3.7,413.6
03/15/2032,1,173,Clothing,192.1,17,0.05,4.5,3102.415
03/16/2032,6,136,Clothing,465.82,5,0.02,4.5,2282.518
03/17/2032,6,126,Grocery,226.77,19,0.17,1.8,3576.1629
03/18/2032,16,112,Electronics,403.25,4,0.03,3.5,1564.61
03/19/2032,5,140,Grocery,464.32,7,0.22,3.9,2535.1872
03/20/2032,17,165,Electronics,487.43,17,0.28,1.6,5966.1432
03/21/2032,10,184,Furniture,450.18,11,0.05,4.4,4704.381
03/22/2032,18,196,Furniture,165.53,6,0.14,1.7,854.1348
03/23/2032,7,123,Electronics,481.66,13,0.22,4.2,4884.0324
03/24/2032,3,143,Grocery,408.07,12,0.09,1.6,4456.1244
03/25/2032,13,197,Clothing,420.22,5,0.28,4,1512.792
03/26/2032,15,159,Electronics,17.43,10,0.27,1.6,127.239
03/27/2032,19,108,Grocery,477.58,11,0.03,2.5,5095.7786
03/28/2032,3,101,Furniture,391.26,9,0.01,1.6,3486.1266
03/29/2032,4,155,Clothing,386.3,13,0.29,2.1,3565.549
03/30/2032,5,129,Furniture,49.95,3,0.29,4.9,106.3935
03/31/2032,1,121,Electronics,123.96,17,0.13,1.4,1833.3684
04/01/2032,4,174,Furniture,481.51,18,0.02,2.6,8493.8364
04/02/2032,12,180,Furniture,255.33,5,0.19,3.7,1034.0865
04/03/2032,10,199,Electronics,204.95,16,0.09,1.4,2984.072
04/04/2032,13,112,Clothing,421.57,16,0.28,1.4,4856.4864
04/05/2032,14,170,Electronics,52.8,11,0.24,1.6,441.408
04/06/2032,5,115,Grocery,214.3,4,0.19,3.6,694.332
04/07/2032,4,196,Electronics,194.09,9,0.09,4.6,1589.5971
04/08/2032,14,144,Electronics,181.43,15,0.21,4.3,2149.9455
04/09/2032,10,164,Clothing,160.77,12,0.09,4.9,1755.6084
04/10/2032,17,110,Grocery,112.94,16,0.01,3.3,1788.9696
04/11/2032,10,169,Furniture,94.73,4,0.15,4.8,322.082
04/12/2032,7,119,Furniture,323.8,3,0.15,2.2,825.69
04/13/2032,16,198,Furniture,460.5,4,0.23,2.7,1418.34
04/14/2032,1,162,Furniture,259.34,2,0.26,2.6,383.8232
04/15/2032,17,189,Clothing,156.01,19,0.11,1.2,2638.1291
04/16/2032,9,111,Grocery,87.99,7,0.13,4.3,535.8591
04/17/2032,6,161,Clothing,416.77,2,0.14,1.1,716.8444
04/18/2032,19,193,Electronics,486.03,1,0.1,3.9,437.427
04/19/2032,13,191,Grocery,181.09,18,0.22,2.6,2542.5036
04/20/2032,3,190,Grocery,152.57,8,0.16,1,1025.2704
04/21/2032,7,141,Furniture,304.73,8,0.27,2.2,1779.6232
04/22/2032,9,182,Furniture,389.91,10,0.2,2.4,3119.28
04/23/2032,5,168,Furniture,233.15,18,0.06,4.9,3944.898
04/24/2032,10,157,Furniture,318.74,11,0.05,3.6,3330.833
04/25/2032,17,104,Electronics,361.11,1,0.11,3.2,321.3879
04/26/2032,12,126,Furniture,480.69,7,0.1,1.5,3028.347
04/27/2032,16,127,Clothing,90.87,8,0.12,2.6,639.7248
04/28/2032,3,125,Grocery,498.72,14,0.06,1.1,6563.1552
04/29/2032,9,190,Electronics,202.16,19,0.29,4,2727.1384
04/30/2032,15,148,Electronics,364.37,8,0.04,1.7,2798.3616
05/01/2032,5,120,Grocery,290.48,19,0.2,3.4,4415.296
05/02/2032,13,100,Grocery,248.47,4,0,3.8,993.88
05/03/2032,14,191,Grocery,352.06,10,0.12,2.5,3098.128
05/04/2032,15,157,Electronics,203.92,10,0.09,3.5,1855.672
05/05/2032,16,178,Clothing,71.79,4,0.11,4.1,255.5724
05/06/2032,13,154,Clothing,249.56,8,0.15,1.7,1697.008
05/07/2032,17,180,Grocery,265.74,7,0.18,3.4,1525.3476
05/08/2032,8,125,Electronics,108.93,15,0.18,3.9,1339.839
05/09/2032,2,183,Furniture,468.45,8,0.19,2.4,3035.556
05/10/2032,5,124,Electronics,121.46,10,0.25,1.6,910.95
05/11/2032,6,176,Grocery,210.52,7,0.27,2.1,1075.7572
05/12/2032,12,132,Electronics,85.92,19,0.22,4.7,1273.3344
05/13/2032,18,188,Electronics,272.54,3,0.02,2.4,801.2676
05/14/2032,1,171,Electronics,160.74,9,0.29,1.4,1027.1286
05/15/2032,17,168,Furniture,249.74,16,0.28,1.3,2877.0048
05/16/2032,11,105,Grocery,120.06,14,0.21,1.7,1327.8636
05/17/2032,10,122,Grocery,36.35,7,0.16,1.5,213.738
05/18/2032,19,129,Grocery,391.82,12,0.08,3,4325.6928
05/19/2032,14,177,Clothing,324.13,1,0.23,2.4,249.5801
05/20/2032,10,153,Clothing,176.96,16,0.26,4.4,2095.2064
05/21/2032,15,186,Grocery,33.27,3,0.2,4.5,79.848
05/22/2032,19,110,Electronics,434.13,1,0.19,2.9,351.6453
05/23/2032,4,130,Electronics,93.2,6,0.06,4.6,525.648
05/24/2032,2,105,Grocery,466.06,2,0.11,2.8,829.5868
05/25/2032,9,110,Furniture,244.51,7,0.22,3.6,1335.0246
05/26/2032,10,176,Furniture,176.79,8,0.01,1.7,1400.1768
05/27/2032,11,111,Electronics,373.46,13,0.19,1.2,3932.5338
05/28/2032,14,165,Electronics,439.65,16,0.23,1.6,5416.488
05/29/2032,7,152,Clothing,191.65,10,0.1,2,1724.85
05/30/2032,15,198,Furniture,209.6,4,0.02,4,821.632
05/31/2032,19,135,Electronics,222.25,13,0.25,1.7,2166.9375
06/01/2032,15,116,Electronics,461.94,17,0.04,1.5,7538.8608
06/02/2032,8,127,Grocery,349.36,8,0.11,4.7,2487.4432
06/03/2032,11,191,Clothing,131.35,8,0.21,3.8,830.132
06/04/2032,9,121,Furniture,100.65,7,0.25,2.9,528.4125
06/05/2032,15,106,Furniture,122.88,1,0.26,1.4,90.9312
06/06/2032,1,114,Clothing,139.15,15,0.16,4.4,1753.29
06/07/2032,1,195,Electronics,122.79,15,0.14,1.4,1583.991
06/08/2032,19,110,Furniture,332.67,19,0.25,3.4,4740.5475
06/09/2032,3,123,Furniture,66.81,4,0.17,3.7,221.8092
06/10/2032,10,166,Furniture,199.81,6,0.17,2.6,995.0538
06/11/2032,8,129,Grocery,316.28,10,0.13,4.6,2751.636
06/12/2032,15,169,Clothing,152.52,12,0.11,1.2,1628.9136
06/13/2032,10,165,Furniture,41.98,4,0.14,4.3,144.4112
06/14/2032,1,160,Clothing,50.09,6,0.11,3.2,267.4806
06/15/2032,18,177,Electronics,71.72,14,0.1,3.4,903.672
06/16/2032,2,140,Clothing,419.56,13,0.3,4.9,3817.996
06/17/2032,19,181,Grocery,332.35,3,0.1,3.3,897.345
06/18/2032,13,150,Grocery,41.62,15,0.08,4.2,574.356
06/19/2032,1,143,Clothing,201.62,3,0.11,1.6,538.3254
06/20/2032,2,194,Grocery,146.51,5,0.18,4.2,600.691
06/21/2032,16,112,Furniture,293.24,13,0.27,4,2782.8476
06/22/2032,15,189,Grocery,266.17,15,0.24,4.9,3034.338
06/23/2032,13,111,Electronics,245.75,17,0.25,4.7,3133.3125
06/24/2032,16,181,Clothing,164.11,6,0.26,1.9,728.6484
06/25/2032,17,108,Clothing,77.52,18,0.28,2.9,1004.6592
06/26/2032,7,184,Electronics,373.76,3,0.07,4.6,1042.7904
06/27/2032,17,147,Electronics,441.13,9,0.14,3.6,3414.3462
06/28/2032,7,148,Electronics,472.63,8,0.12,2.9,3327.3152
06/29/2032,13,152,Electronics,38.72,11,0.11,1.4,379.0688
06/30/2032,5,155,Furniture,372.56,11,0.2,2.4,3278.528
07/01/2032,17,139,Grocery,365.99,8,0.12,3.7,2576.5696
07/02/2032,3,123,Grocery,474.08,1,0.18,4.1,388.7456
07/03/2032,7,197,Furniture,133.93,2,0.11,2.8,238.3954
07/04/2032,17,171,Electronics,373.67,4,0.09,1.2,1360.1588
07/05/2032,7,132,Clothing,36.77,2,0.11,3.5,65.4506
07/06/2032,1,122,Clothing,319.31,2,0.24,4.7,485.3512
07/07/2032,17,176,Clothing,181.92,13,0.18,3,1939.2672
07/08/2032,17,153,Electronics,386.77,6,0.29,4.7,1647.6402
07/09/2032,11,152,Furniture,433.02,4,0.25,2.4,1299.06
07/10/2032,3,148,Furniture,188.76,15,0.15,4.5,2406.69
07/11/2032,15,177,Furniture,267.54,3,0.07,4.1,746.4366
07/12/2032,11,177,Grocery,67.53,4,0.2,4.8,216.096
07/13/2032,16,179,Grocery,214.28,17,0.22,4.2,2841.3528
07/14/2032,9,148,Grocery,186.79,6,0.14,2.3,963.8364
07/15/2032,1,159,Grocery,99.73,2,0.07,4.6,185.4978
07/16/2032,16,189,Clothing,448.29,13,0.17,3.7,4837.0491
07/17/2032,9,189,Clothing,82.56,15,0.08,1.6,1139.328
07/18/2032,19,164,Furniture,321.51,5,0.28,1.2,1157.436
07/19/2032,12,131,Grocery,446.17,19,0.19,2.5,6866.5563
07/20/2032,19,178,Furniture,456.86,6,0.09,4.1,2494.4556
07/21/2032,9,120,Electronics,398.69,17,0.06,3.5,6371.0662
07/22/2032,7,117,Grocery,96.31,1,0.22,3.1,75.1218
07/23/2032,14,193,Grocery,410.54,2,0.21,1,648.6532
07/24/2032,19,159,Furniture,145.52,1,0.18,2.7,119.3264
07/25/2032,19,112,Furniture,461.98,8,0.18,1.6,3030.5888
07/26/2032,2,123,Electronics,357.45,4,0.18,2.8,1172.436
07/27/2032,9,129,Furniture,394.78,18,0.11,5,6324.3756
07/28/2032,13,101,Grocery,51.67,9,0.28,4.5,334.8216
07/29/2032,15,182,Clothing,295.55,15,0.14,2.2,3812.595
07/30/2032,3,124,Electronics,412.36,16,0.01,3.4,6531.7824
07/31/2032,11,149,Electronics,432.18,3,0.1,3,1166.886
08/01/2032,14,113,Grocery,24.03,1,0.04,1.5,23.0688
08/02/2032,8,105,Clothing,470.19,13,0.11,5,5440.0983
08/03/2032,18,175,Furniture,31.24,14,0.18,2.7,358.6352
08/04/2032,19,183,Furniture,311.11,6,0.01,3,1847.9934
08/05/2032,16,186,Clothing,349.76,5,0.26,3.6,1294.112
08/06/2032,2,129,Clothing,62.6,5,0.18,1.8,256.66
08/07/2032,8,129,Grocery,33.53,4,0.09,1.9,122.0492
08/08/2032,6,137,Furniture,394.61,12,0.09,1.8,4309.1412
08/09/2032,12,157,Grocery,198.49,14,0.14,2.5,2389.8196
08/10/2032,15,193,Furniture,62.49,14,0.07,1.8,813.6198
08/11/2032,8,140,Furniture,383.71,11,0,4.7,4220.81
08/12/2032,4,193,Clothing,426.09,10,0.01,3.9,4218.291
08/13/2032,15,156,Grocery,297.82,10,0.11,4.6,2650.598
08/14/2032,17,135,Clothing,89.01,9,0.04,4.4,769.0464
08/15/2032,13,163,Grocery,17.46,2,0.01,3.8,34.5708
08/16/2032,18,197,Furniture,353.39,14,0.26,2,3661.1204
08/17/2032,2,115,Electronics,279.57,7,0.08,3.5,1800.4308
08/18/2032,13,187,Electronics,328.89,17,0.15,1.7,4752.4605
08/19/2032,13,177,Grocery,408.46,8,0.05,1.5,3104.296
08/20/2032,15,189,Grocery,222.77,4,0.01,3.5,882.1692
08/21/2032,10,171,Clothing,71.01,5,0.22,3.5,276.939
08/22/2032,3,113,Furniture,470.59,13,0.04,1.6,5872.9632
08/23/2032,19,130,Electronics,277.18,7,0.01,2.4,1920.8574
08/24/2032,3,165,Clothing,311.49,6,0.18,1.3,1532.5308
08/25/2032,14,167,Grocery,467.37,17,0,3.9,7945.29
08/26/2032,8,164,Furniture,466.48,6,0.13,4.9,2435.0256
08/27/2032,4,154,Clothing,290.33,19,0.09,4,5019.8057
08/28/2032,11,183,Clothing,155.83,3,0.1,4.4,420.741
08/29/2032,11,177,Grocery,498.59,9,0,2.9,4487.31
08/30/2032,11,139,Furniture,343.6,15,0.29,1.4,3659.34
08/31/2032,2,124,Electronics,210.13,8,0.16,3.9,1412.0736
09/01/2032,17,124,Clothing,284.32,15,0.17,2,3539.784
09/02/2032,9,102,Grocery,213.76,1,0.2,2.6,171.008
09/03/2032,2,168,Clothing,445.27,8,0.24,3.8,2707.2416
09/04/2032,15,125,Grocery,246.42,4,0.18,4.6,808.2576
09/05/2032,16,139,Grocery,413.53,10,0.23,2.9,3184.181
09/06/2032,4,137,Grocery,421.69,16,0.13,4.8,5869.9248
09/07/2032,8,137,Furniture,413.92,18,0.11,3.1,6630.9984
09/08/2032,9,167,Electronics,363.87,4,0.25,1.5,1091.61
09/09/2032,5,106,Furniture,428.89,8,0.26,3.1,2539.0288
09/10/2032,16,193,Electronics,199.74,4,0.04,4.4,767.0016
09/11/2032,13,129,Grocery,66.18,10,0.16,3.2,555.912
09/12/2032,7,118,Electronics,422.8,4,0.21,4,1336.048
09/13/2032,17,134,Furniture,254.1,16,0.03,3.2,3943.632
09/14/2032,3,132,Clothing,72.41,12,0.28,3.2,625.6224
09/15/2032,5,132,Furniture,66.5,10,0.16,2.1,558.6
09/16/2032,19,177,Furniture,88.03,11,0.19,1.8,784.3473
09/17/2032,12,137,Furniture,377.98,2,0.05,2.1,718.162
09/18/2032,7,109,Furniture,358.32,16,0.08,2.8,5274.4704
09/19/2032,9,156,Furniture,109.87,19,0.04,4.2,2004.0288
09/20/2032,6,127,Electronics,424.99,12,0.08,4.3,4691.8896
09/21/2032,17,177,Electronics,147.83,4,0.15,1.7,502.622
09/22/2032,16,199,Clothing,398.56,17,0.25,3.2,5081.64
09/23/2032,3,137,Furniture,249.51,12,0.16,2.7,2515.0608
09/24/2032,4,115,Furniture,368.46,16,0.07,3.3,5482.6848
09/25/2032,10,120,Clothing,196.88,3,0.01,3.6,584.7336
09/26/2032,5,191,Clothing,180.1,2,0.19,2.1,291.762
09/27/2032,10,196,Grocery,422.27,7,0.13,4.7,2571.6243
09/28/2032,12,105,Clothing,27.3,6,0.3,4.7,114.66
09/29/2032,10,140,Clothing,487.62,1,0.23,1.4,375.4674
09/30/2032,13,114,Clothing,327.61,15,0.24,3.8,3734.754
10/01/2032,11,102,Grocery,221.92,12,0,1.1,2663.04
10/02/2032,16,142,Electronics,317.75,13,0.23,1.2,3180.6775
10/03/2032,8,146,Grocery,70.14,8,0.06,4.8,527.4528
10/04/2032,8,198,Electronics,261.89,9,0.18,3.8,1932.7482
10/05/2032,8,113,Clothing,492.7,1,0.13,2.3,428.649
10/06/2032,13,165,Grocery,125.28,5,0.17,3.7,519.912
10/07/2032,2,128,Grocery,363.92,7,0.04,4.4,2445.5424
10/08/2032,12,103,Electronics,223.14,18,0.14,4.5,3454.2072
10/09/2032,10,125,Grocery,329.7,8,0.01,1.1,2611.224
10/10/2032,12,111,Grocery,110.39,10,0.01,4.3,1092.861
10/11/2032,11,101,Furniture,240.53,8,0.2,4.4,1539.392
10/12/2032,15,116,Electronics,490.25,12,0.29,3.4,4176.93
10/13/2032,16,134,Grocery,105.69,16,0.23,2.9,1302.1008
10/14/2032,17,109,Grocery,321.86,12,0.14,1.4,3321.5952
10/15/2032,2,185,Clothing,292.04,3,0.02,2,858.5976
10/16/2032,18,142,Furniture,286.88,18,0.01,3,5112.2016
10/17/2032,12,120,Furniture,311.41,5,0.05,4.5,1479.1975
10/18/2032,19,114,Clothing,256.1,14,0.29,4.2,2545.634
10/19/2032,18,134,Clothing,18.3,16,0.12,3,257.664
10/20/2032,17,184,Clothing,451.05,6,0.25,4.1,2029.725
10/21/2032,6,184,Clothing,415.22,16,0.21,4.1,5248.3808
10/22/2032,15,184,Furniture,95.34,14,0.18,3.3,1094.5032
10/23/2032,3,159,Grocery,212.5,5,0.28,1.9,765
10/24/2032,6,143,Grocery,387.57,14,0.07,2.4,5046.1614
10/25/2032,3,195,Clothing,490.23,11,0.14,1.7,4637.5758
10/26/2032,1,104,Electronics,476.06,9,0.26,1,3170.5596
10/27/2032,13,172,Clothing,450.69,7,0.17,1.3,2618.5089
10/28/2032,14,117,Grocery,87.6,5,0.07,4,407.34
10/29/2032,13,120,Electronics,458.09,15,0.06,1.1,6459.069
10/30/2032,4,171,Clothing,440.44,13,0.23,2.6,4408.8044
10/31/2032,7,197,Electronics,194.71,12,0,4.9,2336.52
11/01/2032,10,173,Clothing,203.32,15,0.27,4.2,2226.354
11/02/2032,7,150,Furniture,235.36,19,0.01,4,4427.1216
11/03/2032,15,140,Grocery,331.53,19,0.19,2.1,5102.2467
11/04/2032,15,123,Clothing,137.81,10,0.18,3.6,1130.042
11/05/2032,4,123,Electronics,21.24,17,0.17,3,299.6964
11/06/2032,6,195,Grocery,79.2,16,0.14,3.5,1089.792
11/07/2032,5,196,Clothing,225.66,5,0.26,2.7,834.942
11/08/2032,12,137,Clothing,148.18,4,0.2,3.1,474.176
11/09/2032,1,143,Clothing,384.61,10,0.23,5,2961.497
11/10/2032,8,156,Clothing,62.28,6,0.03,2.3,362.4696
11/11/2032,1,158,Furniture,459.56,11,0.01,1.9,5004.6084
11/12/2032,5,133,Grocery,448.71,11,0.01,2.8,4886.4519
11/13/2032,6,174,Furniture,455.29,16,0.04,3.1,6993.2544
11/14/2032,3,194,Grocery,372.41,14,0.2,1.3,4170.992
11/15/2032,15,181,Clothing,62.43,19,0.15,4.2,1008.2445
11/16/2032,5,122,Grocery,224.69,4,0.23,2.7,692.0452
11/17/2032,14,185,Electronics,74.39,5,0.06,2.7,349.633
11/18/2032,18,142,Grocery,493.97,19,0.11,3.6,8353.0327
11/19/2032,16,181,Electronics,173.19,17,0.27,4.1,2149.2879
11/20/2032,6,139,Electronics,296.81,18,0.28,4.9,3846.6576
11/21/2032,14,146,Furniture,391.9,8,0.28,1.7,2257.344
11/22/2032,8,140,Grocery,461.1,4,0.25,2.4,1383.3
11/23/2032,7,146,Clothing,380.22,18,0.21,1.7,5406.7284
11/24/2032,8,119,Grocery,340.51,11,0.27,4.5,2734.2953
11/25/2032,13,176,Furniture,238.33,14,0.21,3.2,2635.9298
11/26/2032,6,164,Electronics,306.65,13,0.29,4.4,2830.3795
11/27/2032,18,167,Electronics,56.14,16,0.01,4.9,889.2576
11/28/2032,2,123,Furniture,443.12,12,0.28,3.2,3828.5568
11/29/2032,8,199,Furniture,276.45,9,0.17,1.5,2065.0815
11/30/2032,11,135,Grocery,29.67,7,0.03,2.4,201.4593
12/01/2032,1,144,Electronics,460.75,10,0.06,1.1,4331.05
12/02/2032,6,101,Furniture,249.76,17,0.26,4.4,3141.9808
12/03/2032,16,127,Grocery,435.61,18,0.15,1.1,6664.833
12/04/2032,12,125,Grocery,429.88,7,0.29,3.4,2136.5036
12/05/2032,11,122,Clothing,409.72,3,0.04,1.4,1179.9936
12/06/2032,10,178,Electronics,40.09,15,0.12,1,529.188
12/07/2032,3,135,Grocery,131.06,16,0.1,2,1887.264
12/08/2032,13,190,Furniture,439.02,17,0.15,3.2,6343.839
12/09/2032,3,105,Electronics,450.51,13,0.19,1.3,4743.8703
12/10/2032,15,134,Furniture,234.45,3,0.2,3.5,562.68
12/11/2032,16,137,Furniture,225.62,5,0,3.7,1128.1
12/12/2032,13,134,Grocery,95.82,9,0.03,4.9,836.5086
12/13/2032,17,199,Grocery,484.52,18,0.01,4.6,8634.1464
12/14/2032,3,173,Clothing,114.44,11,0.26,3.3,931.5416
12/15/2032,11,193,Furniture,103.56,11,0.09,4.2,1036.6356
12/16/2032,19,152,Grocery,333.76,16,0.11,2.5,4752.7424
12/17/2032,11,137,Clothing,128.99,8,0.14,3.3,887.4512
12/18/2032,16,192,Electronics,470,2,0.25,2.6,705
12/19/2032,3,158,Clothing,15.34,10,0,2.3,153.4
12/20/2032,6,142,Clothing,12.82,6,0.04,3.9,73.8432
12/21/2032,14,103,Furniture,257.39,4,0.21,2.2,813.3524
12/22/2032,18,104,Electronics,249.15,5,0.29,2.5,884.4825
12/23/2032,17,167,Furniture,90.05,11,0.19,2.5,802.3455
12/24/2032,4,199,Furniture,252.31,12,0.08,4.5,2785.5024
12/25/2032,15,144,Clothing,211.71,16,0.16,1.7,2845.3824
12/26/2032,11,179,Clothing,446.26,14,0.29,2.5,4435.8244
12/27/2032,3,124,Grocery,14.53,14,0.16,4.6,170.8728
12/28/2032,3,177,Clothing,488.37,15,0.11,1.1,6519.7395
12/29/2032,16,110,Grocery,315.95,8,0.12,4.8,2224.288
12/30/2032,5,128,Furniture,84.4,5,0.29,4.6,299.62
12/31/2032,10,133,Clothing,32.91,9,0.22,2.7,231.0282
01/01/2033,19,185,Electronics,273.67,16,0.21,3.6,3459.1888
01/02/2033,4,113,Electronics,125.1,3,0.07,5,349.029
01/03/2033,19,123,Furniture,157.57,12,0.17,3.2,1569.3972
01/04/2033,11,158,Furniture,130.11,7,0.11,1.4,810.5853
01/05/2033,2,138,Clothing,328.58,17,0.07,4.4,5194.8498
01/06/2033,10,125,Grocery,281.23,15,0.27,1.5,3079.4685
01/07/2033,11,142,Clothing,48.21,15,0.11,2,643.6035
01/08/2033,16,135,Grocery,268,12,0.08,4.5,2958.72
01/09/2033,19,138,Clothing,397.68,2,0.28,2,572.6592
01/10/2033,11,160,Electronics,49.79,8,0.06,4,374.4208
01/11/2033,14,115,Electronics,445.97,5,0.22,2.8,1739.283
01/12/2033,2,158,Grocery,293.37,3,0.2,4,704.088
01/13/2033,5,195,Clothing,475.81,1,0.28,1.9,342.5832
01/14/2033,5,105,Furniture,82.59,16,0.25,2.7,991.08
01/15/2033,19,197,Grocery,496.85,10,0.21,2.3,3925.115
01/16/2033,12,155,Electronics,325.69,10,0.09,2,2963.779
01/17/2033,18,107,Grocery,288.07,11,0.15,2.3,2693.4545
01/18/2033,4,193,Clothing,262.49,12,0.28,2.3,2267.9136
01/19/2033,17,126,Furniture,21.59,8,0.01,4.8,170.9928
01/20/2033,10,170,Furniture,470.42,5,0.24,3.1,1787.596
01/21/2033,6,126,Grocery,325.56,9,0.08,2.8,2695.6368
01/22/2033,14,188,Clothing,54.9,11,0.06,3,567.666
01/23/2033,11,145,Clothing,20.27,15,0.07,5,282.7665
01/24/2033,11,140,Furniture,34.88,17,0.02,3.6,581.1008
01/25/2033,18,178,Electronics,308.6,11,0.3,3.8,2376.22
01/26/2033,18,124,Clothing,310.87,13,0.26,2.3,2990.5694
01/27/2033,11,185,Furniture,254.84,17,0.16,2.9,3639.1152
01/28/2033,12,117,Furniture,160.32,7,0.21,1.7,886.5696
01/29/2033,5,111,Clothing,270.55,9,0.17,3.7,2021.0085
01/30/2033,9,186,Clothing,262.99,18,0.24,2.4,3597.7032
01/31/2033,9,150,Grocery,19.51,18,0.25,4,263.385
02/01/2033,10,138,Electronics,148.41,10,0.07,1.9,1380.213
02/02/2033,19,188,Grocery,36.06,12,0.14,2.6,372.1392
02/03/2033,1,109,Grocery,451.08,18,0.19,2.9,6576.7464
02/04/2033,7,193,Furniture,365.36,9,0.29,1.7,2334.6504
02/05/2033,4,173,Furniture,498.1,9,0.2,1.3,3586.32
02/06/2033,1,197,Electronics,158.06,10,0.27,2.3,1153.838
02/07/2033,15,176,Grocery,440.46,1,0.25,3.2,330.345
02/08/2033,8,153,Grocery,305.5,11,0.17,3.6,2789.215
02/09/2033,12,128,Furniture,232.03,14,0.27,2.7,2371.3466
02/10/2033,18,140,Furniture,119.06,10,0.11,3,1059.634
02/11/2033,15,108,Clothing,371.81,14,0.11,3.2,4632.7526
02/12/2033,17,162,Grocery,453.03,19,0.23,3,6627.8289
02/13/2033,14,176,Electronics,125.3,10,0.04,1.4,1202.88
02/14/2033,14,136,Grocery,95.94,17,0.09,2.6,1484.1918
02/15/2033,18,113,Furniture,351.15,2,0.18,1.8,575.886
02/16/2033,18,172,Clothing,488.72,14,0.13,3.1,5952.6096
02/17/2033,16,171,Grocery,377.48,18,0.28,4,4892.1408
02/18/2033,1,138,Electronics,149.44,2,0.29,3.3,212.2048
02/19/2033,11,139,Furniture,215.78,19,0.15,1.9,3484.847
02/20/2033,15,153,Clothing,198.32,8,0.16,1.8,1332.7104
02/21/2033,12,102,Grocery,427.53,6,0.22,1.1,2000.8404
02/22/2033,8,154,Electronics,387.97,7,0.14,2.7,2335.5794
02/23/2033,6,132,Furniture,298.6,13,0.06,2.7,3648.892
02/24/2033,3,195,Electronics,144.73,2,0.22,1.9,225.7788
02/25/2033,13,170,Grocery,469.61,7,0.22,4.1,2564.0706
02/26/2033,13,118,Furniture,330.12,1,0.07,2.5,307.0116
02/27/2033,2,133,Grocery,485.53,6,0.25,3.7,2184.885
02/28/2033,5,177,Clothing,294.26,16,0.18,3.6,3860.6912
03/01/2033,17,149,Grocery,412.38,8,0.07,3.4,3068.1072
03/02/2033,6,146,Clothing,408.42,13,0.2,4.6,4247.568
03/03/2033,2,145,Grocery,175.29,18,0.07,1.1,2934.3546
03/04/2033,4,155,Electronics,482.37,14,0.08,1.3,6212.9256
03/05/2033,11,156,Electronics,20.75,18,0.25,3.9,280.125
03/06/2033,8,182,Furniture,386.67,4,0.28,2.4,1113.6096
03/07/2033,12,150,Electronics,483.12,15,0.08,4.9,6667.056
03/08/2033,8,153,Electronics,176.07,5,0.28,1.9,633.852
03/09/2033,11,189,Clothing,327.57,14,0.07,1.7,4264.9614
03/10/2033,8,180,Electronics,285.49,16,0.04,3.4,4385.1264
03/11/2033,8,127,Clothing,383.14,15,0.02,2.1,5632.158
03/12/2033,17,118,Clothing,434.43,11,0.07,2.4,4444.2189
03/13/2033,16,126,Clothing,305.49,2,0.12,4.7,537.6624
03/14/2033,14,147,Grocery,409.79,18,0.28,1.1,5310.8784
03/15/2033,11,118,Clothing,163.02,4,0.07,3.1,606.4344
03/16/2033,7,196,Grocery,122.01,15,0.11,2.3,1628.8335
03/17/2033,16,150,Clothing,221.03,12,0.22,2.4,2068.8408
03/18/2033,13,106,Grocery,342.09,3,0.09,2,933.9057
03/19/2033,15,128,Furniture,101.75,4,0.21,1.5,321.53
03/20/2033,16,142,Furniture,343.37,16,0.13,1.1,4779.7104
03/21/2033,9,168,Grocery,203.11,6,0.06,5,1145.5404
03/22/2033,3,193,Furniture,399.83,2,0.22,3.6,623.7348
03/23/2033,19,157,Electronics,28.05,9,0.01,4.1,249.9255
03/24/2033,5,107,Clothing,337.31,12,0.09,1.3,3683.4252
03/25/2033,10,141,Grocery,328.41,12,0.11,1.1,3507.4188
03/26/2033,17,175,Furniture,471.06,14,0.14,3.4,5671.5624
03/27/2033,15,141,Furniture,359.55,17,0.2,3.9,4889.88
03/28/2033,8,112,Electronics,400.19,9,0.14,2.6,3097.4706
03/29/2033,15,125,Clothing,453.25,12,0.18,2.6,4459.98
03/30/2033,14,117,Electronics,340.78,10,0.18,2.5,2794.396
03/31/2033,7,141,Grocery,152.18,11,0.11,1.6,1489.8422
04/01/2033,12,150,Furniture,436.19,2,0.28,4,628.1136
04/02/2033,17,183,Furniture,376.31,16,0.29,1.9,4274.8816
04/03/2033,17,115,Furniture,217.97,1,0.17,2.3,180.9151
04/04/2033,10,102,Electronics,358.16,1,0.02,3.7,350.9968
04/05/2033,19,190,Electronics,435.17,2,0.15,1,739.789
04/06/2033,14,178,Clothing,488.07,12,0.06,4.1,5505.4296
04/07/2033,11,197,Grocery,476.65,18,0.14,4.6,7378.542
04/08/2033,2,144,Clothing,169.41,12,0.06,1.2,1910.9448
04/09/2033,18,121,Clothing,216.63,1,0.21,3.4,171.1377
04/10/2033,7,122,Furniture,63.67,11,0.02,2.6,686.3626
04/11/2033,12,158,Electronics,131.3,2,0.29,1.3,186.446
04/12/2033,2,161,Grocery,442.39,12,0.06,3.7,4990.1592
04/13/2033,18,167,Clothing,186.82,2,0.2,3.4,298.912
04/14/2033,6,153,Grocery,314.07,17,0.28,3.6,3844.2168
04/15/2033,10,156,Furniture,336.32,6,0.07,4.3,1876.6656
04/16/2033,15,122,Clothing,393.1,16,0.28,2.1,4528.512
04/17/2033,5,159,Electronics,99.57,19,0.12,3.7,1664.8104
04/18/2033,3,172,Clothing,159.36,6,0.29,4,678.8736
04/19/2033,5,187,Furniture,229.68,7,0.29,1.7,1141.5096
04/20/2033,8,184,Clothing,188.77,19,0.06,4.8,3371.4322
04/21/2033,8,154,Furniture,491.62,17,0.25,2.4,6268.155
04/22/2033,8,179,Clothing,419.12,6,0.06,3.9,2363.8368
04/23/2033,12,162,Grocery,245.05,15,0.07,4,3418.4475
04/24/2033,8,155,Electronics,440.84,9,0.03,3,3848.5332
04/25/2033,11,154,Furniture,180.35,2,0.05,1.5,342.665
04/26/2033,14,124,Grocery,395.06,5,0.19,2.1,1599.993
04/27/2033,8,125,Furniture,119.6,5,0.13,1.9,520.26
04/28/2033,10,148,Clothing,388.44,12,0.24,3.1,3542.5728
04/29/2033,7,162,Furniture,233.66,10,0.1,2,2102.94
04/30/2033,17,144,Furniture,62.67,4,0.29,3.2,177.9828
05/01/2033,4,172,Electronics,143.9,12,0.01,2.2,1709.532
05/02/2033,13,178,Grocery,207.11,15,0.02,1,3044.517
05/03/2033,4,138,Clothing,377.15,10,0.21,2.5,2979.485
05/04/2033,5,196,Electronics,45.76,18,0.27,3.4,601.2864
05/05/2033,4,164,Furniture,333.18,5,0.24,4.1,1266.084
05/06/2033,18,168,Electronics,360.85,13,0.15,1.1,3987.3925
05/07/2033,6,155,Furniture,330.42,4,0.08,2,1215.9456
05/08/2033,2,108,Clothing,382.73,9,0,4.9,3444.57
05/09/2033,11,169,Furniture,97.3,18,0.15,2,1488.69
05/10/2033,14,127,Electronics,297.68,3,0.14,4.1,768.0144
05/11/2033,5,144,Electronics,471.16,11,0.1,3,4664.484
05/12/2033,6,125,Furniture,309.28,4,0.17,1.5,1026.8096
05/13/2033,10,127,Grocery,309.55,9,0.22,3.6,2173.041
05/14/2033,8,139,Electronics,370.86,12,0.21,4.9,3515.7528
05/15/2033,14,114,Grocery,173.27,10,0.08,4.5,1594.084
05/16/2033,3,105,Grocery,353.23,10,0.18,3.8,2896.486
05/17/2033,12,126,Grocery,458.95,9,0.04,3,3965.328
05/18/2033,16,137,Grocery,15.34,10,0.04,2.3,147.264
05/19/2033,17,167,Electronics,436.36,9,0.24,2.4,2984.7024
05/20/2033,1,174,Electronics,117.12,1,0.21,2.4,92.5248
05/21/2033,10,184,Grocery,233.4,16,0.23,4.7,2875.488
05/22/2033,10,163,Electronics,427.65,14,0.05,1.8,5687.745
05/23/2033,2,129,Grocery,413.72,13,0.27,2.5,3926.2028
05/24/2033,9,181,Grocery,447.04,6,0.04,2.7,2574.9504
05/25/2033,13,198,Grocery,470.8,14,0.26,2.6,4877.488
05/26/2033,16,102,Furniture,229.11,8,0.11,1,1631.2632
05/27/2033,18,161,Clothing,331.62,18,0.03,2.1,5790.0852
05/28/2033,19,111,Electronics,201.33,1,0.09,3,183.2103
05/29/2033,12,190,Electronics,181.85,12,0.05,4,2073.09
05/30/2033,8,129,Grocery,221.48,11,0.15,3.3,2070.838
05/31/2033,17,184,Furniture,374.11,13,0.28,2.5,3501.6696
06/01/2033,15,137,Furniture,255.71,4,0.1,3.7,920.556
06/02/2033,10,184,Electronics,408.89,6,0.18,3.7,2011.7388
06/03/2033,15,159,Grocery,375.16,13,0.27,2,3560.2684
06/04/2033,15,137,Electronics,20.03,13,0.19,1.4,210.9159
06/05/2033,7,114,Grocery,318.82,6,0.11,4.2,1702.4988
06/06/2033,13,117,Grocery,223.92,4,0.3,3.1,626.976
06/07/2033,17,151,Clothing,233.75,3,0.06,1.7,659.175
06/08/2033,9,128,Grocery,411,15,0.16,2,5178.6
06/09/2033,8,159,Clothing,278.33,11,0.24,4.1,2326.8388
06/10/2033,18,120,Electronics,443.95,2,0,3.6,887.9
06/11/2033,13,116,Electronics,359.27,17,0.21,4.8,4824.9961
06/12/2033,16,117,Furniture,280.89,2,0.08,2.9,516.8376
06/13/2033,9,156,Clothing,379.72,1,0.05,1.2,360.734
06/14/2033,12,136,Electronics,28.79,5,0.08,3.8,132.434
06/15/2033,12,159,Clothing,23.27,17,0.29,2,280.8689
06/16/2033,6,137,Electronics,50.84,1,0.27,2.3,37.1132
06/17/2033,19,111,Clothing,224.41,7,0.06,1.8,1476.6178
06/18/2033,7,174,Clothing,125.37,3,0.04,2.2,361.0656
06/19/2033,3,183,Grocery,492.29,16,0.11,4.3,7010.2096
06/20/2033,16,172,Electronics,275.72,16,0.18,3.3,3617.4464
06/21/2033,18,100,Furniture,334.58,12,0.26,1.4,2971.0704
06/22/2033,16,157,Grocery,146.62,9,0.29,3.3,936.9018
06/23/2033,7,102,Furniture,167.68,14,0.23,3.5,1807.5904
06/24/2033,4,162,Clothing,174.38,12,0.18,4.5,1715.8992
06/25/2033,8,120,Grocery,352.38,16,0.04,4.4,5412.5568
06/26/2033,13,122,Clothing,242.12,17,0.02,1.3,4033.7192
06/27/2033,13,108,Electronics,263.66,12,0.18,4.5,2594.4144
06/28/2033,17,182,Electronics,300.08,4,0.16,1.2,1008.2688
06/29/2033,17,154,Furniture,386.72,17,0.25,1.6,4930.68
06/30/2033,5,118,Electronics,54.28,1,0.1,1.4,48.852
07/01/2033,6,161,Furniture,390.67,17,0.01,1.7,6574.9761
07/02/2033,19,186,Clothing,285.99,11,0.13,4.2,2736.9243
07/03/2033,13,190,Grocery,337.86,19,0.29,3.7,4557.7314
07/04/2033,14,190,Electronics,170.5,18,0.24,3.7,2332.44
07/05/2033,4,138,Clothing,210.6,2,0.01,4.7,416.988
07/06/2033,7,199,Grocery,123.27,9,0.26,2.6,820.9782
07/07/2033,8,175,Clothing,489.86,9,0.14,1,3791.5164
07/08/2033,13,126,Furniture,253.53,12,0.11,3.6,2707.7004
07/09/2033,6,145,Clothing,498.08,13,0.1,4.5,5827.536
07/10/2033,6,133,Furniture,250,16,0.18,4.9,3280
07/11/2033,3,132,Furniture,117.68,13,0.16,2.5,1285.0656
07/12/2033,3,191,Electronics,258.65,14,0.2,4.3,2896.88
07/13/2033,13,194,Furniture,29.4,7,0.17,4.4,170.814
07/14/2033,2,195,Furniture,453.34,2,0.04,1.6,870.4128
07/15/2033,16,149,Clothing,411.09,12,0.08,3.5,4538.4336
07/16/2033,6,119,Furniture,365.65,17,0.25,1.7,4662.0375
07/17/2033,8,139,Furniture,308.82,5,0.2,2.8,1235.28
07/18/2033,8,198,Clothing,294.12,10,0.13,4.5,2558.844
07/19/2033,6,194,Grocery,498.4,18,0.05,4.2,8522.64
07/20/2033,14,157,Electronics,146.22,3,0,3.3,438.66
07/21/2033,3,130,Clothing,392.05,13,0.09,4.2,4637.9515
07/22/2033,10,137,Furniture,294.89,13,0.02,1.6,3756.8986
07/23/2033,3,185,Clothing,488.18,10,0.14,1.8,4198.348
07/24/2033,12,144,Grocery,415.62,2,0.25,1.8,623.43
07/25/2033,17,140,Clothing,499.28,16,0.09,4.1,7269.5168
07/26/2033,5,108,Clothing,298.28,4,0.25,4.6,894.84
07/27/2033,9,108,Clothing,110.23,19,0.21,3.3,1654.5523
07/28/2033,7,162,Clothing,256.81,5,0.04,4.8,1232.688
07/29/2033,4,178,Furniture,358.44,7,0.19,3.9,2032.3548
07/30/2033,13,176,Clothing,389.44,9,0.05,3.3,3329.712
07/31/2033,13,121,Grocery,10.25,5,0.2,3.4,41
08/01/2033,10,115,Clothing,257.46,8,0.04,4.4,1977.2928
08/02/2033,18,131,Clothing,125.26,2,0.12,1.4,220.4576
08/03/2033,17,165,Furniture,438.71,7,0.17,1.7,2548.9051
08/04/2033,13,189,Furniture,84.92,4,0.02,2.1,332.8864
08/05/2033,17,113,Clothing,336.56,15,0.05,4.6,4795.98
08/06/2033,4,137,Furniture,140.37,18,0.1,4.8,2273.994
08/07/2033,1,197,Furniture,184.71,2,0.14,2.4,317.7012
08/08/2033,1,107,Clothing,470.87,14,0.26,4.7,4878.2132
08/09/2033,15,199,Furniture,127.82,10,0.06,3.2,1201.508
08/10/2033,13,120,Electronics,56.55,5,0.1,2.9,254.475
08/11/2033,17,155,Electronics,43.95,12,0.14,4.3,453.564
08/12/2033,8,145,Electronics,257.26,10,0.09,3.2,2341.066
08/13/2033,18,142,Furniture,324.44,18,0.19,2.8,4730.3352
08/14/2033,13,191,Electronics,170.37,6,0.08,1.1,940.4424
08/15/2033,14,145,Grocery,348.23,12,0.23,1.1,3217.6452
08/16/2033,8,147,Electronics,39.91,1,0.15,3.5,33.9235
08/17/2033,8,169,Grocery,430.09,7,0.03,1.3,2920.3111
08/18/2033,15,183,Furniture,410.12,12,0.19,3.9,3986.3664
08/19/2033,13,130,Electronics,492.89,7,0.17,3.5,2863.6909
08/20/2033,7,132,Grocery,468.89,9,0.1,2.8,3798.009
08/21/2033,5,143,Furniture,184.54,15,0,3.8,2768.1
08/22/2033,17,170,Electronics,205.64,12,0.06,5,2319.6192
08/23/2033,16,107,Clothing,375.52,13,0.12,2,4295.9488
08/24/2033,2,172,Electronics,75.7,4,0.06,3.2,284.632
08/25/2033,18,101,Electronics,163.87,10,0.17,4.4,1360.121
08/26/2033,17,116,Electronics,68.09,3,0.21,1.1,161.3733
08/27/2033,7,151,Clothing,232.89,5,0.26,1.8,861.693
08/28/2033,13,144,Grocery,280.48,4,0.19,3.1,908.7552
08/29/2033,18,136,Grocery,113.47,19,0.21,3.2,1703.1847
08/30/2033,14,141,Clothing,23.05,15,0.18,1.3,283.515
08/31/2033,18,143,Electronics,362.48,7,0.3,2.6,1776.152
09/01/2033,13,180,Electronics,19.8,3,0.08,3.1,54.648
09/02/2033,11,137,Electronics,486.97,16,0.08,2.7,7168.1984
09/03/2033,16,198,Grocery,118.59,15,0.04,3.8,1707.696
09/04/2033,17,193,Grocery,335.31,18,0.15,4.1,5130.243
09/05/2033,8,105,Clothing,223.03,3,0.03,2.8,649.0173
09/06/2033,19,167,Furniture,39.24,14,0.08,2.7,505.4112
09/07/2033,15,150,Clothing,241.37,1,0.14,3.8,207.5782
09/08/2033,9,134,Grocery,263.21,7,0.29,3.2,1308.1537
09/09/2033,10,157,Electronics,428.79,2,0.29,4.5,608.8818
09/10/2033,12,156,Electronics,368.85,10,0.22,2.9,2877.03
09/11/2033,1,172,Electronics,48.86,16,0.12,3.3,687.9488
09/12/2033,9,105,Electronics,112.49,12,0.26,1.5,998.9112
09/13/2033,15,112,Furniture,162.82,18,0.26,4.3,2168.7624
09/14/2033,1,158,Clothing,67.04,6,0.27,2.7,293.6352
09/15/2033,12,185,Clothing,233.88,17,0.19,3.9,3220.5276
09/16/2033,3,191,Grocery,492.31,8,0.06,2.7,3702.1712
09/17/2033,11,129,Clothing,262.16,9,0.03,1,2288.6568
09/18/2033,2,199,Furniture,373.52,19,0.27,2.6,5180.7224
09/19/2033,16,101,Furniture,344.64,2,0.02,1.6,675.4944
09/20/2033,9,157,Furniture,426.46,7,0.09,2.6,2716.5502
09/21/2033,15,135,Electronics,115.7,11,0.15,2.3,1081.795
09/22/2033,12,171,Grocery,379.37,13,0.01,1.8,4882.4919
09/23/2033,1,144,Furniture,441.86,10,0.27,1.5,3225.578
09/24/2033,13,108,Clothing,94.04,15,0.09,3.9,1283.646
09/25/2033,14,164,Clothing,179.93,7,0.01,4,1246.9149
09/26/2033,8,176,Clothing,485.35,6,0.3,2.1,2038.47
09/27/2033,8,149,Furniture,392.59,12,0.09,3,4287.0828
09/28/2033,12,178,Furniture,148.47,3,0.26,2.9,329.6034
09/29/2033,1,131,Clothing,286.33,16,0.14,2.4,3939.9008
09/30/2033,11,197,Furniture,208.12,9,0.2,2.1,1498.464
10/01/2033,8,142,Clothing,250.08,10,0.07,1.7,2325.744
10/02/2033,10,194,Electronics,184.03,13,0.15,4.5,2033.5315
10/03/2033,19,177,Furniture,146.87,8,0.08,4.3,1080.9632
10/04/2033,11,153,Electronics,340.63,6,0.29,2.7,1451.0838
10/05/2033,7,146,Electronics,391.49,3,0.02,3.9,1150.9806
10/06/2033,11,113,Furniture,438.24,12,0.08,3,4838.1696
10/07/2033,17,147,Clothing,86.11,9,0.27,1.3,565.7427
10/08/2033,1,154,Grocery,413.2,9,0.14,4.3,3198.168
10/09/2033,8,128,Electronics,134.85,11,0.18,1.9,1216.347
10/10/2033,6,146,Furniture,219.39,6,0.2,3.8,1053.072
10/11/2033,18,162,Electronics,451.71,2,0.02,3.1,885.3516
10/12/2033,6,118,Clothing,232.71,7,0.01,3.8,1612.6803
10/13/2033,5,190,Furniture,106.56,9,0.28,2.9,690.5088
10/14/2033,13,108,Grocery,88.34,19,0.08,3.8,1544.1832
10/15/2033,19,136,Furniture,241.76,18,0.11,1.1,3872.9952
10/16/2033,8,191,Electronics,383.71,12,0.2,1.2,3683.616
10/17/2033,9,151,Furniture,498.63,11,0.07,4.6,5100.9849
10/18/2033,17,156,Furniture,395.83,10,0.22,4,3087.474
10/19/2033,3,187,Electronics,439.74,3,0.14,4.3,1134.5292
10/20/2033,19,127,Grocery,376.44,12,0.26,2.8,3342.7872
10/21/2033,11,135,Clothing,448.76,4,0.08,2.8,1651.4368
10/22/2033,17,163,Furniture,47.38,10,0.06,3.1,445.372
10/23/2033,19,117,Grocery,465.67,2,0.25,2,698.505
10/24/2033,2,188,Clothing,204.24,12,0.1,3.9,2205.792
10/25/2033,8,134,Electronics,461.59,11,0.12,4.3,4468.1912
10/26/2033,19,167,Grocery,47.11,14,0.24,4.6,501.2504
10/27/2033,7,177,Grocery,360.47,15,0.19,3.1,4379.7105
10/28/2033,17,138,Furniture,370.49,14,0.13,2.7,4512.5682
10/29/2033,6,189,Electronics,498.49,12,0.07,4.3,5563.1484
10/30/2033,19,107,Furniture,386.74,2,0.23,4,595.5796
10/31/2033,6,187,Electronics,197.46,2,0.05,4.5,375.174
11/01/2033,2,179,Clothing,283.05,1,0.28,3.6,203.796
11/02/2033,6,183,Furniture,189.61,15,0.05,4.5,2701.9425
11/03/2033,5,114,Electronics,106.05,10,0.24,1.4,805.98
11/04/2033,19,106,Electronics,131.77,1,0.13,3.7,114.6399
11/05/2033,4,116,Grocery,118.79,1,0.06,1.4,111.6626
11/06/2033,17,185,Furniture,278.92,1,0.12,4,245.4496
11/07/2033,11,185,Furniture,454.02,11,0.07,3.5,4644.6246
11/08/2033,4,163,Clothing,457.24,12,0.04,1.1,5267.4048
11/09/2033,13,111,Electronics,36.83,15,0.07,3.4,513.7785
11/10/2033,17,181,Grocery,49.15,14,0.26,1.6,509.194
11/11/2033,9,155,Electronics,130.11,1,0.03,1.6,126.2067
11/12/2033,4,145,Electronics,134.98,1,0.29,1.6,95.8358
11/13/2033,14,146,Electronics,56.5,6,0,2.9,339
11/14/2033,19,178,Furniture,200.35,3,0.2,1.5,480.84
11/15/2033,3,115,Electronics,297.99,14,0.26,1.5,3087.1764
11/16/2033,14,168,Clothing,293.3,6,0.28,2,1267.056
11/17/2033,8,101,Grocery,276.28,8,0.04,1,2121.8304
11/18/2033,1,191,Grocery,175.95,15,0.21,2.1,2085.0075
11/19/2033,10,153,Electronics,356.16,17,0.03,3.5,5873.0784
11/20/2033,18,126,Grocery,414.98,9,0.11,3.4,3323.9898
11/21/2033,16,130,Electronics,179.67,16,0.22,4.9,2242.2816
11/22/2033,8,140,Furniture,51.91,1,0.1,1.5,46.719
11/23/2033,1,135,Grocery,155.2,16,0.09,4.5,2259.712
11/24/2033,12,146,Furniture,77.31,19,0.03,2.6,1424.8233
11/25/2033,8,142,Furniture,239.01,9,0.02,2.5,2108.0682
11/26/2033,16,164,Clothing,86.41,17,0.03,2.4,1424.9009
11/27/2033,18,149,Clothing,236.79,6,0.26,1.5,1051.3476
11/28/2033,4,192,Grocery,118.29,14,0,2.9,1656.06
11/29/2033,6,100,Electronics,371.98,18,0.21,4.1,5289.5556
11/30/2033,12,171,Electronics,23.51,14,0.23,4.5,253.4378
12/01/2033,9,156,Electronics,281.83,7,0.17,4.9,1637.4323
12/02/2033,15,115,Electronics,93.05,10,0.22,4.1,725.79
12/03/2033,16,127,Clothing,10.49,16,0.2,3.5,134.272
12/04/2033,12,185,Electronics,435.91,7,0.14,3,2624.1782
12/05/2033,14,181,Electronics,339.05,6,0.11,4.5,1810.527
12/06/2033,13,121,Furniture,58.48,6,0.28,4,252.6336
12/07/2033,2,140,Electronics,335.4,7,0.29,1.6,1666.938
12/08/2033,3,175,Electronics,309.71,17,0.2,3.7,4212.056
12/09/2033,10,118,Clothing,241.94,8,0.06,2.7,1819.3888
12/10/2033,9,188,Grocery,215.44,2,0.13,3.4,374.8656
12/11/2033,8,149,Furniture,444.66,19,0.15,4.6,7181.259
12/12/2033,10,158,Furniture,130.12,7,0.23,3.6,701.3468
12/13/2033,19,168,Grocery,205.17,12,0.2,4.8,1969.632
12/14/2033,3,133,Furniture,171.27,3,0.15,4.5,436.7385
12/15/2033,5,138,Electronics,387.89,4,0.2,1.5,1241.248
12/16/2033,3,173,Electronics,459.07,11,0.01,1,4999.2723
12/17/2033,16,106,Grocery,426.39,12,0.23,2.5,3939.8436
12/18/2033,17,151,Clothing,400.87,19,0.06,4.5,7159.5382
12/19/2033,15,159,Clothing,493.53,19,0.2,1.9,7501.656
12/20/2033,3,151,Furniture,351.6,11,0.03,3.8,3751.572
12/21/2033,12,178,Clothing,378.02,13,0.03,2.9,4766.8322
12/22/2033,9,123,Clothing,491.57,1,0.01,4,486.6543
12/23/2033,12,125,Clothing,13.43,6,0.27,1.7,58.8234
12/24/2033,15,189,Clothing,320.68,16,0.18,2,4207.3216
12/25/2033,2,189,Clothing,372.1,2,0.11,2,662.338
12/26/2033,18,109,Clothing,459.74,14,0.24,3.2,4891.6336
12/27/2033,12,116,Clothing,443.08,18,0.19,2.2,6460.1064
12/28/2033,4,177,Furniture,422.56,17,0.19,4.2,5818.6512
12/29/2033,16,101,Electronics,473.44,18,0.15,2.4,7243.632
12/30/2033,16,176,Clothing,273.32,19,0,3.6,5193.08
12/31/2033,1,126,Electronics,13.39,15,0.08,4.8,184.782
01/01/2034,2,172,Grocery,15.42,2,0.03,3.4,29.9148
01/02/2034,3,170,Electronics,276.87,4,0.2,2,885.984
01/03/2034,17,147,Grocery,223.28,1,0.07,4.3,207.6504
01/04/2034,1,173,Furniture,231.11,8,0.14,1.1,1590.0368
01/05/2034,6,108,Electronics,206.2,14,0.11,2,2569.252
01/06/2034,15,185,Grocery,459.69,11,0.04,2.5,4854.3264
01/07/2034,14,122,Electronics,185.99,14,0.29,1.8,1848.7406
01/08/2034,15,170,Furniture,429.55,16,0.28,3.4,4948.416
01/09/2034,14,172,Electronics,452.4,10,0.03,3.2,4388.28
01/10/2034,5,126,Grocery,254.76,7,0.25,2.6,1337.49
01/11/2034,6,187,Clothing,229,16,0.15,2.2,3114.4
01/12/2034,17,192,Clothing,382.9,4,0.23,2.7,1179.332
01/13/2034,11,180,Clothing,356.91,12,0.05,2.2,4068.774
01/14/2034,16,183,Furniture,170.98,12,0.04,1.9,1969.6896
01/15/2034,12,170,Clothing,60.25,2,0.27,2.4,87.965
01/16/2034,15,142,Furniture,139.78,6,0.27,3.4,612.2364
01/17/2034,4,106,Clothing,74.2,15,0.14,3.6,957.18
01/18/2034,18,191,Furniture,154.42,15,0.26,2.2,1714.062
01/19/2034,3,182,Furniture,138.29,16,0.2,4.8,1770.112
01/20/2034,8,162,Electronics,322.48,3,0.06,2,909.3936
01/21/2034,3,183,Clothing,477.7,1,0.1,3.8,429.93
01/22/2034,8,143,Electronics,346.01,12,0.04,1.3,3986.0352
01/23/2034,18,138,Grocery,464.06,15,0.23,3.7,5359.893
01/24/2034,10,139,Clothing,394.22,19,0.3,2.8,5243.126
01/25/2034,17,106,Clothing,366.66,6,0.16,3.3,1847.9664
01/26/2034,8,169,Clothing,212.89,19,0.2,1.7,3235.928
01/27/2034,11,124,Clothing,169.15,17,0.22,2.7,2242.929
01/28/2034,5,158,Electronics,424.68,9,0.07,4.1,3554.5716
01/29/2034,13,112,Electronics,453.64,13,0.1,4.1,5307.588
01/30/2034,5,185,Furniture,231.42,15,0.12,2,3054.744
01/31/2034,13,180,Electronics,14.44,16,0.18,2.4,189.4528
02/01/2034,6,185,Furniture,398.34,13,0.26,1,3832.0308
02/02/2034,5,197,Grocery,149.68,2,0.08,1.4,275.4112
02/03/2034,9,161,Electronics,14.85,2,0.14,1.5,25.542
02/04/2034,16,107,Furniture,404.44,11,0.23,2.2,3425.6068
02/05/2034,2,144,Clothing,263.53,16,0.03,4,4089.9856
02/06/2034,1,117,Grocery,345.75,17,0.15,3,4996.0875
02/07/2034,8,187,Furniture,458.2,3,0.04,4.2,1319.616
02/08/2034,19,159,Grocery,275.18,1,0.16,4,231.1512
02/09/2034,11,159,Clothing,256.57,18,0.23,3.3,3556.0602
02/10/2034,12,101,Clothing,152.42,14,0.07,3,1984.5084
02/11/2034,12,165,Furniture,159.54,9,0.25,4.7,1076.895
02/12/2034,7,190,Furniture,400.31,9,0.1,3.3,3242.511
02/13/2034,13,113,Clothing,230.02,12,0.06,2.9,2594.6256
02/14/2034,8,147,Furniture,90.13,3,0.14,4.5,232.5354
02/15/2034,9,155,Clothing,56.32,2,0.26,1.3,83.3536
02/16/2034,7,111,Electronics,241.73,1,0.02,3.6,236.8954
02/17/2034,15,195,Furniture,237.83,9,0.1,1.5,1926.423
02/18/2034,2,191,Grocery,330.19,13,0.2,4.3,3433.976
02/19/2034,12,154,Clothing,240.82,16,0.11,4.2,3429.2768
02/20/2034,1,127,Electronics,80.3,19,0.02,3,1495.186
02/21/2034,8,188,Furniture,258.82,10,0.1,3.6,2329.38
02/22/2034,5,103,Clothing,454.33,5,0.25,4.1,1703.7375
02/23/2034,15,189,Electronics,88.13,14,0.29,2.9,876.0122
02/24/2034,1,135,Furniture,347.98,15,0.01,4.6,5167.503
02/25/2034,1,149,Clothing,300.99,3,0.17,2.7,749.4651
02/26/2034,10,102,Clothing,376.81,9,0.03,4.6,3289.5513
02/27/2034,10,100,Clothing,83.79,1,0.2,3.3,67.032
02/28/2034,15,116,Furniture,471.39,1,0,2.7,471.39
03/01/2034,17,170,Electronics,314.27,19,0,1,5971.13
03/02/2034,6,161,Clothing,425.06,6,0.23,2.2,1963.7772
03/03/2034,3,147,Electronics,130.84,11,0.02,4.5,1410.4552
03/04/2034,13,161,Electronics,372.31,18,0.09,2.7,6098.4378
03/05/2034,16,168,Grocery,392.71,14,0.29,2.7,3903.5374
03/06/2034,8,118,Electronics,204.74,16,0.3,3,2293.088
03/07/2034,15,133,Electronics,198.14,1,0.05,2.1,188.233
03/08/2034,17,198,Electronics,332.32,10,0.17,3,2758.256
03/09/2034,17,148,Electronics,55.77,10,0.17,2.5,462.891
03/10/2034,13,179,Electronics,370.46,13,0.14,4.6,4141.7428
03/11/2034,17,146,Furniture,31.01,1,0.28,3.3,22.3272
03/12/2034,6,190,Grocery,103.39,3,0.23,4.3,238.8309
03/13/2034,17,149,Clothing,335.43,14,0.23,3.7,3615.9354
03/14/2034,16,188,Grocery,58.18,16,0.08,1.9,856.4096
03/15/2034,14,125,Grocery,486.2,6,0.13,4.5,2537.964
03/16/2034,13,155,Clothing,435.51,1,0.15,1.3,370.1835
03/17/2034,6,177,Electronics,316.89,5,0.09,2.8,1441.8495
03/18/2034,3,113,Clothing,411.34,8,0.03,2,3191.9984
03/19/2034,14,177,Electronics,444.91,12,0.04,3.2,5125.3632
03/20/2034,14,124,Clothing,137.14,1,0.05,2.2,130.283
03/21/2034,15,199,Furniture,426.21,13,0.06,3.9,5208.2862
03/22/2034,8,103,Grocery,105.45,9,0.07,4.7,882.6165
03/23/2034,15,178,Electronics,212.54,8,0.08,3.8,1564.2944
03/24/2034,13,131,Grocery,283.55,13,0.14,2.4,3170.089
03/25/2034,17,181,Electronics,359.81,2,0.15,3.4,611.677
03/26/2034,3,177,Clothing,24.77,15,0.09,4.6,338.1105
03/27/2034,6,164,Clothing,152.35,14,0.27,2.1,1557.017
03/28/2034,5,160,Clothing,308.17,19,0.17,1.5,4859.8409
03/29/2034,17,119,Furniture,185.11,9,0.24,1.5,1266.1524
03/30/2034,2,173,Clothing,389.76,19,0.28,3,5331.9168
03/31/2034,15,109,Clothing,329.31,14,0.05,3.9,4379.823
04/01/2034,5,187,Furniture,124.86,8,0.13,3.6,869.0256
04/02/2034,6,133,Grocery,81.51,5,0.13,2.8,354.5685
04/03/2034,6,160,Grocery,318.23,7,0.11,3.9,1982.5729
04/04/2034,18,191,Electronics,230.73,4,0,3.5,922.92
04/05/2034,18,126,Grocery,92.79,8,0.24,3.5,564.1632
04/06/2034,4,139,Electronics,169.92,4,0.03,1.8,659.2896
04/07/2034,17,164,Electronics,158.49,1,0.3,2.3,110.943
04/08/2034,14,132,Grocery,62.98,8,0.23,2.4,387.9568
04/09/2034,14,167,Grocery,277.99,7,0.17,4.2,1615.1219
04/10/2034,13,170,Furniture,384.19,11,0.05,4.1,4014.7855
04/11/2034,7,108,Electronics,291.98,16,0.15,2,3970.928
04/12/2034,12,115,Grocery,414.88,17,0.08,1.2,6488.7232
04/13/2034,15,104,Grocery,72.51,5,0.08,4.1,333.546
04/14/2034,19,197,Furniture,223.45,7,0.25,2.6,1173.1125
04/15/2034,11,122,Grocery,308.61,10,0.11,1.9,2746.629
04/16/2034,15,142,Clothing,341.24,13,0.14,1.5,3815.0632
04/17/2034,12,188,Clothing,350.94,15,0.25,1.1,3948.075
04/18/2034,3,156,Electronics,367.19,6,0.03,2.7,2137.0458
04/19/2034,17,150,Furniture,329.2,2,0.18,2.4,539.888
04/20/2034,3,112,Grocery,56.17,4,0.17,3.8,186.4844
04/21/2034,19,123,Electronics,350.7,14,0.13,4.9,4271.526
04/22/2034,4,110,Grocery,365.14,15,0.25,1.8,4107.825
04/23/2034,3,151,Clothing,496.81,14,0.28,2,5007.8448
04/24/2034,16,116,Grocery,349.75,4,0.14,2.3,1203.14
04/25/2034,12,136,Grocery,346.55,6,0.14,2.9,1788.198
04/26/2034,8,112,Grocery,262.26,7,0.15,3.8,1560.447
04/27/2034,17,161,Clothing,435.28,13,0.22,2.4,4413.7392
04/28/2034,7,190,Clothing,498.45,17,0.2,1.4,6778.92
04/29/2034,11,183,Furniture,391.73,17,0.07,3.9,6193.2513
04/30/2034,18,196,Clothing,310.13,4,0.02,4.2,1215.7096
05/01/2034,1,195,Electronics,48.69,19,0.28,2,666.0792
05/02/2034,3,107,Grocery,366.1,13,0.08,1.5,4378.556
05/03/2034,4,155,Clothing,357.2,9,0.19,3.1,2603.988
05/04/2034,13,192,Electronics,390.03,2,0.25,1.8,585.045
05/05/2034,6,182,Clothing,71.03,18,0.09,2.5,1163.4714
05/06/2034,14,169,Grocery,330.33,17,0.19,4.1,4548.6441
05/07/2034,5,143,Electronics,154.9,7,0.03,1.9,1051.771
05/08/2034,16,159,Clothing,382.53,17,0.29,4.2,4617.1371
05/09/2034,15,140,Clothing,127.78,10,0.02,3.7,1252.244
05/10/2034,15,120,Electronics,345.15,14,0.13,1.9,4203.927
05/11/2034,4,185,Furniture,154.55,12,0.16,3.1,1557.864
05/12/2034,8,141,Electronics,14.41,12,0.24,3.5,131.4192
05/13/2034,16,173,Electronics,320.35,17,0.04,1.8,5228.112
05/14/2034,16,173,Electronics,65.5,19,0.13,1.6,1082.715
05/15/2034,4,128,Electronics,333.05,14,0.09,3.1,4243.057
05/16/2034,13,179,Clothing,463.55,17,0.09,3.8,7171.1185
05/17/2034,13,164,Electronics,484.93,15,0.23,2.9,5600.9415
05/18/2034,2,116,Electronics,125.6,6,0,1.3,753.6
05/19/2034,3,129,Grocery,406.53,19,0.22,4.7,6024.7746
05/20/2034,8,125,Clothing,183.24,6,0.24,3.8,835.5744
05/21/2034,15,152,Grocery,451.22,6,0.27,3.5,1976.3436
05/22/2034,11,118,Clothing,395.87,4,0.19,3.6,1282.6188
05/23/2034,9,152,Furniture,46.22,1,0.1,2.6,41.598
05/24/2034,7,184,Furniture,209.5,19,0.13,4.9,3463.035
05/25/2034,13,116,Clothing,175.29,11,0.29,1.5,1369.0149
05/26/2034,2,145,Furniture,394.74,7,0.26,4,2044.7532
05/27/2034,8,184,Furniture,211.04,2,0.14,2.7,362.9888
05/28/2034,7,152,Clothing,345.45,4,0.28,4.5,994.896
05/29/2034,12,163,Electronics,305.19,6,0.25,3.9,1373.355
05/30/2034,19,144,Grocery,488.06,5,0.27,3.2,1781.419
05/31/2034,7,148,Clothing,469.51,9,0.2,4.8,3380.472
06/01/2034,10,118,Clothing,219.57,11,0.26,4.6,1787.2998
06/02/2034,16,170,Clothing,364.55,18,0.27,1.2,4790.187
06/03/2034,3,180,Grocery,416.44,17,0.03,1.8,6867.0956
06/04/2034,10,164,Clothing,450.45,13,0.29,3.7,4157.6535
06/05/2034,6,136,Grocery,43.39,17,0.1,4.7,663.867
06/06/2034,18,169,Grocery,158.02,10,0.13,2.7,1374.774
06/07/2034,18,125,Furniture,166.91,18,0.24,1.2,2283.3288
06/08/2034,5,101,Electronics,222.88,17,0.2,3.6,3031.168
06/09/2034,7,158,Furniture,92.94,12,0.27,1.8,814.1544
06/10/2034,2,195,Clothing,253.14,15,0.12,3.2,3341.448
06/11/2034,11,104,Clothing,334.98,19,0.11,2.5,5664.5118
06/12/2034,13,136,Grocery,253.71,15,0.01,3.2,3767.5935
06/13/2034,5,130,Furniture,336.24,13,0.14,4.7,3759.1632
06/14/2034,6,175,Grocery,42.56,7,0.22,2.9,232.3776
06/15/2034,14,198,Furniture,439.23,11,0.09,1.1,4396.6923
06/16/2034,12,193,Furniture,470.14,8,0.14,3.3,3234.5632
06/17/2034,4,147,Furniture,312.77,16,0.07,2.3,4654.0176
06/18/2034,6,105,Furniture,441.88,11,0.23,4.1,3742.7236
06/19/2034,10,114,Furniture,74.41,5,0.02,2.9,364.609
06/20/2034,18,114,Electronics,400.75,7,0.21,4,2216.1475
06/21/2034,15,160,Clothing,68.38,16,0.11,4.6,973.7312
06/22/2034,8,115,Furniture,209.93,16,0.01,2.4,3325.2912
06/23/2034,9,119,Furniture,168.67,17,0.26,5,2121.8686
06/24/2034,5,176,Grocery,296.94,19,0.15,1.6,4795.581
06/25/2034,10,143,Clothing,157.74,15,0.18,3.6,1940.202
06/26/2034,6,141,Clothing,322.28,15,0.22,1.1,3770.676
06/27/2034,16,145,Clothing,190.02,15,0.2,1.9,2280.24
06/28/2034,3,194,Furniture,431.79,3,0.22,3.5,1010.3886
06/29/2034,10,133,Grocery,320.6,12,0.23,1.2,2962.344
06/30/2034,11,163,Clothing,115.5,6,0.18,1.4,568.26
07/01/2034,11,128,Grocery,174.7,5,0.11,2.2,777.415
07/02/2034,17,102,Electronics,425.24,11,0.07,3.3,4350.2052
07/03/2034,4,108,Electronics,199.38,12,0.27,1.1,1746.5688
07/04/2034,4,174,Grocery,272.54,7,0.29,2.9,1354.5238
07/05/2034,17,174,Furniture,327.98,9,0.11,3.5,2627.1198
07/06/2034,9,124,Clothing,180.43,18,0.03,2.6,3150.3078
07/07/2034,19,185,Electronics,154.05,14,0.07,1.3,2005.731
07/08/2034,5,141,Electronics,242.87,4,0.2,3.4,777.184
07/09/2034,6,145,Grocery,115.29,8,0.05,3.4,876.204
07/10/2034,3,172,Furniture,149.26,16,0.23,3,1838.8832
07/11/2034,1,183,Grocery,40.42,4,0.28,3.8,116.4096
07/12/2034,16,158,Grocery,158.95,19,0.29,1.8,2144.2355
07/13/2034,11,120,Grocery,167.15,6,0,3.7,1002.9
07/14/2034,13,173,Grocery,481.3,19,0.29,1.6,6492.737
07/15/2034,10,121,Grocery,298.97,15,0.22,2.6,3497.949
07/16/2034,3,128,Furniture,395.82,12,0.03,1.3,4607.3448
07/17/2034,9,162,Grocery,32.23,12,0.12,4.3,340.3488
07/18/2034,12,172,Furniture,62.2,2,0.21,3.2,98.276
07/19/2034,14,160,Clothing,409.12,9,0.29,4.9,2614.2768
07/20/2034,1,163,Clothing,315.54,3,0.05,4.8,899.289
07/21/2034,18,168,Clothing,103.58,1,0.04,5,99.4368
07/22/2034,17,139,Clothing,208.35,14,0.14,1.4,2508.534
07/23/2034,9,174,Electronics,273.95,13,0.29,3.4,2528.5585
07/24/2034,9,100,Furniture,423.37,5,0.29,2.6,1502.9635
07/25/2034,10,164,Clothing,39.6,7,0.07,3.1,257.796
07/26/2034,19,161,Electronics,302.39,14,0.1,2.2,3810.114
07/27/2034,15,153,Furniture,361.35,16,0.27,1.2,4220.568
07/28/2034,5,159,Electronics,489.17,18,0.22,3.8,6867.9468
07/29/2034,15,145,Electronics,405.51,14,0.29,4.9,4030.7694
07/30/2034,2,104,Grocery,145.35,1,0.27,3.1,106.1055
07/31/2034,13,121,Electronics,357.69,6,0.06,2.3,2017.3716
08/01/2034,16,189,Electronics,384.01,10,0.23,4.8,2956.877
08/02/2034,15,152,Furniture,367.57,6,0.01,2.5,2183.3658
08/03/2034,10,169,Electronics,411.87,2,0.25,4.7,617.805
08/04/2034,14,131,Grocery,452.83,7,0.18,4.4,2599.2442
08/05/2034,10,110,Clothing,58.23,17,0.29,3.1,702.8361
08/06/2034,14,109,Clothing,61.33,14,0.29,3.7,609.6202
08/07/2034,9,138,Furniture,400.24,7,0.02,3.8,2745.6464
08/08/2034,14,197,Furniture,133.66,9,0.05,3.6,1142.793
08/09/2034,3,130,Electronics,38.69,19,0.15,1.6,624.8435
08/10/2034,16,111,Furniture,206.6,11,0.26,3.8,1681.724
08/11/2034,2,179,Electronics,411.74,3,0.24,1,938.7672
08/12/2034,10,137,Furniture,72.02,4,0.29,3.8,204.5368
08/13/2034,3,166,Clothing,339.2,5,0.19,3.2,1373.76
08/14/2034,11,165,Clothing,11.77,4,0.08,2,43.3136
08/15/2034,11,151,Clothing,63.77,13,0.01,4.2,820.7199
08/16/2034,13,104,Clothing,181.92,9,0.07,2.6,1522.6704
08/17/2034,7,110,Electronics,50.97,14,0.2,2.9,570.864
08/18/2034,17,124,Electronics,424.49,16,0.28,1.1,4890.1248
08/19/2034,2,134,Electronics,433.39,6,0.1,2.6,2340.306
08/20/2034,12,134,Clothing,380.23,10,0.26,1.7,2813.702
08/21/2034,10,121,Grocery,128.82,13,0.12,2.1,1473.7008
08/22/2034,18,136,Clothing,266.39,3,0.09,2,727.2447
08/23/2034,11,185,Clothing,100.25,11,0.15,1.2,937.3375
08/24/2034,16,154,Grocery,147.83,3,0.13,2.8,385.8363
08/25/2034,17,174,Grocery,262.84,7,0.27,3.1,1343.1124
08/26/2034,19,195,Furniture,370.16,10,0.14,3.3,3183.376
08/27/2034,18,198,Clothing,56.38,1,0.08,2.8,51.8696
08/28/2034,3,194,Grocery,155.38,4,0.25,4.5,466.14
08/29/2034,16,171,Furniture,464.04,8,0.3,1.2,2598.624
08/30/2034,6,163,Grocery,220.27,17,0.19,3.5,3033.1179
08/31/2034,12,119,Grocery,470.05,5,0.08,4.5,2162.23
09/01/2034,11,197,Furniture,495.79,17,0.07,1.2,7838.4399
09/02/2034,15,103,Clothing,268.06,9,0.02,3,2364.2892
09/03/2034,15,117,Furniture,151.14,8,0.02,3.4,1184.9376
09/04/2034,16,150,Clothing,397.48,7,0.27,1.8,2031.1228
09/05/2034,10,167,Grocery,88.06,5,0.03,2,427.091
09/06/2034,12,119,Furniture,133.5,4,0.15,4.1,453.9
09/07/2034,13,108,Electronics,394.59,3,0.21,3.3,935.1783
09/08/2034,4,179,Grocery,222.49,8,0.26,2.3,1317.1408
09/09/2034,7,125,Furniture,108.75,5,0.05,4.1,516.5625
09/10/2034,2,124,Grocery,329.05,5,0.13,4,1431.3675
09/11/2034,15,167,Furniture,369.05,17,0.08,2.4,5771.942
09/12/2034,8,140,Clothing,71.28,15,0.08,3,983.664
09/13/2034,7,158,Electronics,145.72,8,0.09,3.7,1060.8416
09/14/2034,15,144,Grocery,118.43,7,0.18,2.4,679.7882
09/15/2034,14,140,Electronics,196.13,17,0,3.5,3334.21
09/16/2034,8,137,Clothing,384.09,12,0.12,2,4055.9904
09/17/2034,12,118,Furniture,359.72,4,0.06,2.2,1352.5472
09/18/2034,13,113,Electronics,334.64,18,0.29,2.2,4276.6992
09/19/2034,11,120,Furniture,13.08,4,0.17,4.7,43.4256
09/20/2034,17,114,Clothing,79.65,10,0.26,4.3,589.41
09/21/2034,17,102,Grocery,119.42,3,0.06,3.3,336.7644
09/22/2034,4,136,Clothing,143.26,5,0.24,3.3,544.388
09/23/2034,8,145,Electronics,81.75,12,0.12,1.2,863.28
09/24/2034,5,115,Electronics,211.05,5,0.05,3.6,1002.4875
09/25/2034,16,113,Electronics,46.84,5,0.23,2.3,180.334
09/26/2034,4,108,Furniture,377.51,4,0.23,3.4,1162.7308
09/27/2034,15,106,Grocery,395.98,6,0.3,4.4,1663.116
09/28/2034,12,113,Electronics,291.39,10,0.23,1.2,2243.703
09/29/2034,5,105,Electronics,53.96,6,0.04,3.4,310.8096
09/30/2034,16,184,Electronics,446.14,1,0.1,3.3,401.526
10/01/2034,14,114,Clothing,483.16,16,0.14,1.8,6648.2816
10/02/2034,10,151,Electronics,109.16,11,0.04,3.6,1152.7296
10/03/2034,7,171,Clothing,355.27,6,0.24,3.2,1620.0312
10/04/2034,13,133,Electronics,422.55,18,0.16,4.1,6388.956
10/05/2034,5,100,Clothing,274.52,6,0.28,1.4,1185.9264
10/06/2034,3,195,Furniture,168.43,17,0.18,2.8,2347.9142
10/07/2034,15,168,Furniture,244.49,12,0.16,5,2464.4592
10/08/2034,4,193,Clothing,261.01,17,0.02,3.8,4348.4266
10/09/2034,15,185,Grocery,206.31,18,0.04,3.7,3565.0368
10/10/2034,14,119,Grocery,465.62,10,0.25,2.3,3492.15
10/11/2034,19,179,Clothing,374.5,12,0.3,1.4,3145.8
10/12/2034,13,106,Furniture,128.24,4,0.12,4.8,451.4048
10/13/2034,10,106,Clothing,296.92,10,0.24,1.4,2256.592
10/14/2034,5,149,Grocery,347.46,5,0.19,5,1407.213
10/15/2034,6,101,Clothing,78.68,4,0.29,1.5,223.4512
10/16/2034,4,146,Furniture,185.63,16,0.07,1.7,2762.1744
10/17/2034,2,113,Grocery,453.72,5,0.16,2.2,1905.624
10/18/2034,16,130,Grocery,287.91,19,0.12,3,4813.8552
10/19/2034,18,149,Electronics,116.33,6,0.16,4.2,586.3032
10/20/2034,5,160,Electronics,70.16,7,0.08,4.9,451.8304
10/21/2034,4,140,Grocery,263.93,10,0.15,2.4,2243.405
10/22/2034,13,113,Grocery,278.37,7,0.19,1.1,1578.3579
10/23/2034,19,104,Clothing,173.86,14,0.02,3.5,2385.3592
10/24/2034,2,174,Furniture,318.9,10,0.22,3.8,2487.42
10/25/2034,13,104,Grocery,43.66,11,0.21,2.6,379.4054
10/26/2034,11,163,Furniture,81.12,14,0.26,1.7,840.4032
10/27/2034,4,128,Grocery,277.67,12,0.13,2.2,2898.8748
10/28/2034,15,174,Furniture,40.29,4,0.02,3.6,157.9368
10/29/2034,4,104,Electronics,441.65,13,0.14,3,4937.647
10/30/2034,9,195,Grocery,79.65,3,0.04,4,229.392
10/31/2034,7,135,Clothing,340.22,13,0.19,1.9,3582.5166
11/01/2034,19,178,Furniture,201.69,19,0.01,4.4,3793.7889
11/02/2034,19,118,Grocery,205.9,15,0.11,1.6,2748.765
11/03/2034,6,163,Electronics,384.8,19,0.02,2.3,7164.976
11/04/2034,6,121,Electronics,254.74,4,0,3.4,1018.96
11/05/2034,15,133,Electronics,365.57,6,0.29,3.9,1557.3282
11/06/2034,15,155,Electronics,257.54,15,0.3,2.1,2704.17
11/07/2034,9,116,Grocery,300.52,4,0.17,4.8,997.7264
11/08/2034,4,175,Clothing,382.75,6,0.07,3.8,2135.745
11/09/2034,18,188,Furniture,307.58,2,0.27,1.9,449.0668
11/10/2034,18,155,Clothing,311.65,4,0.28,3.9,897.552
11/11/2034,5,116,Furniture,396.72,18,0.26,3.8,5284.3104
11/12/2034,11,173,Clothing,475.05,15,0.16,4,5985.63
11/13/2034,5,191,Grocery,194.59,12,0.02,4.7,2288.3784
11/14/2034,4,181,Grocery,292.79,8,0.03,3.8,2272.0504
11/15/2034,12,117,Furniture,52.27,12,0.27,2.4,457.8852
11/16/2034,2,144,Grocery,185.81,9,0.26,4.2,1237.4946
11/17/2034,13,195,Furniture,211.9,7,0.13,3.8,1290.471
11/18/2034,10,177,Clothing,419.27,8,0.1,3.3,3018.744
11/19/2034,9,155,Grocery,261.56,10,0.19,2.4,2118.636
11/20/2034,10,179,Grocery,368.22,11,0.24,4.7,3078.3192
11/21/2034,7,149,Furniture,19.31,2,0.22,3.1,30.1236
11/22/2034,4,157,Furniture,237.6,4,0.18,3.5,779.328
11/23/2034,19,117,Furniture,451.65,9,0.07,2.7,3780.3105
11/24/2034,10,179,Furniture,119.91,8,0.08,4.1,882.5376
11/25/2034,3,180,Electronics,25.45,5,0.22,2.4,99.255
11/26/2034,19,106,Furniture,222.37,14,0.24,4.2,2366.0168
11/27/2034,2,175,Electronics,355.17,2,0.03,1.4,689.0298
11/28/2034,10,197,Clothing,232.69,17,0.06,3.8,3718.3862
11/29/2034,2,109,Furniture,235.39,8,0.2,2.9,1506.496
11/30/2034,2,168,Electronics,338.2,2,0.12,3.8,595.232
12/01/2034,17,184,Electronics,134.65,15,0.17,3.1,1676.3925
12/02/2034,16,102,Electronics,378.43,2,0.18,1.5,620.6252
12/03/2034,16,182,Grocery,85.03,11,0.23,2.9,720.2041
12/04/2034,14,143,Electronics,203.92,14,0.24,4.9,2169.7088
12/05/2034,7,198,Furniture,331.44,10,0.08,4,3049.248
12/06/2034,11,169,Furniture,415.9,7,0.16,2.2,2445.492
12/07/2034,1,113,Furniture,397.85,14,0.04,4.8,5347.104
12/08/2034,11,103,Electronics,363.63,13,0.25,4.1,3545.3925
12/09/2034,4,117,Electronics,185.96,2,0.25,2.5,278.94
12/10/2034,7,192,Grocery,69.93,10,0.09,3.4,636.363
12/11/2034,15,198,Clothing,116.25,1,0.05,2.7,110.4375
12/12/2034,18,151,Grocery,433.77,1,0.02,1.4,425.0946
12/13/2034,12,137,Furniture,430.09,3,0.17,4.2,1070.9241
12/14/2034,17,179,Furniture,476.26,11,0.03,1.8,5081.6942
12/15/2034,1,119,Furniture,47.23,19,0.2,2.8,717.896
12/16/2034,11,187,Grocery,273.04,9,0.2,3.8,1965.888
12/17/2034,1,198,Furniture,327.85,13,0.18,4.7,3494.881
12/18/2034,15,143,Furniture,358.22,4,0.26,1.3,1060.3312
12/19/2034,10,150,Furniture,325.49,6,0.11,2.6,1738.1166
12/20/2034,7,118,Electronics,387.31,2,0.27,3.5,565.4726
12/21/2034,2,167,Clothing,186.14,9,0.01,4.1,1658.5074
12/22/2034,10,196,Electronics,97.92,18,0.03,4.7,1709.6832
12/23/2034,4,165,Electronics,110.25,4,0.12,1,388.08
12/24/2034,12,112,Clothing,15.87,1,0.18,3.5,13.0134
12/25/2034,19,161,Clothing,181.66,1,0.01,1,179.8434
12/26/2034,11,160,Grocery,54.95,17,0.17,4.1,775.3445
12/27/2034,8,129,Clothing,167.53,19,0.09,1.6,2896.5937
12/28/2034,18,197,Grocery,317.82,3,0.27,4.6,696.0258
12/29/2034,11,129,Grocery,448.29,17,0.16,1.6,6401.5812
12/30/2034,11,150,Electronics,421.41,3,0.18,4.1,1036.6686
12/31/2034,13,187,Furniture,133.81,4,0.28,2.2,385.3728
01/01/2035,3,147,Electronics,75.7,13,0.23,3.2,757.757
01/02/2035,12,132,Electronics,104.61,15,0.13,3.4,1365.1605
01/03/2035,3,173,Clothing,485.78,12,0.14,1.8,5013.2496
01/04/2035,10,181,Clothing,279.24,3,0.19,2.2,678.5532
01/05/2035,17,118,Grocery,99.43,8,0.06,1.4,747.7136
01/06/2035,2,170,Grocery,421.97,1,0.03,1,409.3109
01/07/2035,17,156,Grocery,203.64,18,0.09,2,3335.6232
01/08/2035,16,118,Clothing,450.62,13,0.23,3.1,4510.7062
01/09/2035,2,187,Grocery,137.73,7,0.08,3.9,886.9812
01/10/2035,6,178,Grocery,202.68,13,0.04,4.2,2529.4464
01/11/2035,10,140,Clothing,257.42,17,0.07,1.3,4069.8102
01/12/2035,10,141,Furniture,447.38,13,0.2,2.1,4652.752
01/13/2035,8,186,Electronics,435.69,13,0.18,4.1,4644.4554
01/14/2035,1,151,Clothing,291.43,11,0.21,2.9,2532.5267
01/15/2035,13,103,Grocery,118.67,14,0.1,1.7,1495.242
01/16/2035,9,103,Electronics,207.64,10,0.27,2.6,1515.772
01/17/2035,10,104,Clothing,488.06,8,0.14,2.1,3357.8528
01/18/2035,15,140,Electronics,307.81,6,0.15,1.2,1569.831
01/19/2035,5,186,Electronics,392.74,19,0.28,4.1,5372.6832
01/20/2035,16,160,Furniture,230.43,19,0.29,2.2,3108.5007
01/21/2035,13,174,Grocery,270.68,12,0.2,4.8,2598.528
01/22/2035,18,154,Clothing,220.19,7,0.28,4.6,1109.7576
01/23/2035,11,174,Grocery,354.43,18,0.16,3.9,5358.9816
01/24/2035,9,112,Furniture,427.22,18,0.09,2.3,6997.8636
01/25/2035,16,113,Furniture,258.61,3,0.09,2.1,706.0053
01/26/2035,2,159,Clothing,245.63,9,0.17,2.9,1834.8561
01/27/2035,2,171,Clothing,176.74,6,0.18,2.4,869.5608
01/28/2035,12,124,Furniture,96.78,1,0.13,4.6,84.1986
01/29/2035,8,181,Clothing,470.23,10,0.27,1.5,3432.679
01/30/2035,9,143,Electronics,164.88,8,0.13,3.9,1147.5648
01/31/2035,12,181,Electronics,402.34,17,0.08,3.4,6292.5976
02/01/2035,9,109,Furniture,360.52,3,0,4.2,1081.56
02/02/2035,10,170,Grocery,397.55,3,0.29,3.2,846.7815
02/03/2035,2,149,Clothing,469.02,3,0.25,3.5,1055.295
02/04/2035,16,143,Clothing,315.45,7,0.18,4.9,1810.683
02/05/2035,7,113,Electronics,450,11,0.25,1.4,3712.5
02/06/2035,2,114,Clothing,92.17,18,0.24,1.4,1260.8856
02/07/2035,1,115,Grocery,317.09,5,0.28,2.6,1141.524
02/08/2035,19,101,Clothing,388.42,2,0.12,2.9,683.6192
02/09/2035,4,129,Clothing,143.1,14,0.17,1.8,1662.822
02/10/2035,2,129,Electronics,372.97,1,0.03,1.3,361.7809
02/11/2035,14,181,Clothing,391.45,4,0.29,1.1,1111.718
02/12/2035,2,130,Furniture,417.28,14,0.3,4.1,4089.344
02/13/2035,15,176,Furniture,163.31,15,0.24,2.9,1861.734
02/14/2035,12,119,Grocery,343.99,17,0.14,4.4,5029.1338
02/15/2035,5,148,Grocery,159.08,3,0.15,2.4,405.654
02/16/2035,7,134,Grocery,372.13,4,0.13,3.8,1295.0124
02/17/2035,10,122,Grocery,236.86,18,0.09,3,3879.7668
02/18/2035,14,196,Electronics,302.8,1,0.16,3.4,254.352
02/19/2035,14,198,Clothing,213.76,5,0.02,2.5,1047.424
02/20/2035,5,199,Electronics,89.37,18,0.3,1.3,1126.062
02/21/2035,18,160,Grocery,97.23,13,0.13,4.8,1099.6713
02/22/2035,14,183,Clothing,48.01,14,0.28,4.3,483.9408
02/23/2035,2,154,Furniture,312.86,3,0.22,2.2,732.0924
02/24/2035,12,166,Electronics,425.83,6,0.09,4.8,2325.0318
02/25/2035,6,107,Clothing,20.21,11,0.07,2.2,206.7483
02/26/2035,4,139,Furniture,42.46,9,0.3,2.8,267.498
02/27/2035,13,158,Furniture,234.16,19,0.23,4,3425.7608
02/28/2035,4,131,Grocery,371.48,7,0.07,2.2,2418.3348
03/01/2035,14,192,Furniture,87.28,10,0.02,2.3,855.344
03/02/2035,16,106,Furniture,143.11,7,0.21,2.6,791.3983
03/03/2035,4,101,Grocery,123.68,5,0.09,2.9,562.744
03/04/2035,1,184,Clothing,205.54,4,0.07,1.5,764.6088
03/05/2035,13,105,Clothing,120.25,17,0.22,1.1,1594.515
03/06/2035,4,191,Grocery,182.77,5,0.2,4.7,731.08
03/07/2035,18,135,Electronics,366.99,17,0.14,2.4,5365.3938
03/08/2035,6,131,Grocery,309.39,17,0.28,1.4,3786.9336
03/09/2035,3,144,Clothing,49.78,17,0.2,4,677.008
03/10/2035,13,141,Electronics,322.5,1,0.27,2.2,235.425
03/11/2035,16,152,Grocery,243.77,2,0.06,1.7,458.2876
03/12/2035,5,108,Clothing,467.94,19,0.09,4.9,8090.6826
03/13/2035,4,174,Clothing,151.76,9,0.03,4.7,1324.8648
03/14/2035,8,186,Clothing,365.82,15,0.09,1.4,4993.443
03/15/2035,19,174,Furniture,368.12,19,0.29,4.6,4965.9388
03/16/2035,14,148,Furniture,118.54,5,0.29,4.6,420.817
03/17/2035,7,101,Electronics,452.58,13,0.23,3.5,4530.3258
03/18/2035,14,166,Electronics,250.68,4,0.16,3.1,842.2848
03/19/2035,6,110,Electronics,342.65,13,0.23,1.9,3429.9265
03/20/2035,12,149,Furniture,81.47,6,0.17,1.5,405.7206
03/21/2035,16,134,Electronics,136.32,12,0,3.4,1635.84
03/22/2035,17,114,Clothing,297.19,9,0.15,4.3,2273.5035
03/23/2035,13,174,Clothing,166.32,15,0.18,3.8,2045.736
03/24/2035,14,130,Electronics,254.85,15,0.08,1.7,3516.93
03/25/2035,7,191,Electronics,193.26,17,0.06,2.2,3088.2948
03/26/2035,14,161,Furniture,323.87,5,0.08,3.2,1489.802
03/27/2035,15,127,Clothing,248.7,5,0.19,3.5,1007.235
03/28/2035,12,195,Grocery,12.26,5,0.04,1.3,58.848
03/29/2035,17,124,Grocery,328.34,14,0.22,3.5,3585.4728
03/30/2035,9,183,Furniture,216.84,2,0.13,3.9,377.3016
03/31/2035,15,191,Furniture,177.43,9,0.11,1.7,1421.2143
04/01/2035,12,124,Furniture,56.13,14,0.24,2,597.2232
04/02/2035,2,174,Clothing,117.98,15,0.15,2,1504.245
04/03/2035,5,182,Electronics,119.65,4,0.11,4.8,425.954
04/04/2035,13,191,Electronics,468.33,6,0.26,2.6,2079.3852
04/05/2035,8,100,Furniture,221.93,14,0.11,3.1,2765.2478
04/06/2035,14,158,Clothing,30.61,5,0.26,3.9,113.257
04/07/2035,15,168,Grocery,78.02,11,0.15,2.5,729.487
04/08/2035,11,173,Furniture,48.73,14,0.06,1.4,641.2868
04/09/2035,1,141,Clothing,298.55,7,0.18,3.6,1713.677
04/10/2035,3,133,Furniture,101.44,14,0.09,3.7,1292.3456
04/11/2035,17,199,Clothing,254.29,13,0.04,2,3173.5392
04/12/2035,19,165,Clothing,191.33,18,0.03,1.1,3340.6218
04/13/2035,14,117,Furniture,403.9,2,0.07,3.7,751.254
04/14/2035,8,176,Electronics,167.04,9,0.22,3.8,1172.6208
04/15/2035,13,104,Furniture,234.55,11,0.25,1.1,1935.0375
04/16/2035,3,119,Electronics,363.43,11,0.26,3.8,2958.3202
04/17/2035,5,165,Electronics,222.34,6,0.08,4.8,1227.3168
04/18/2035,9,174,Grocery,398.68,1,0.2,1.7,318.944
04/19/2035,6,161,Clothing,334.23,5,0.07,3.1,1554.1695
04/20/2035,2,193,Furniture,211.16,14,0.19,3.8,2394.5544
04/21/2035,13,195,Clothing,256.95,16,0.27,1.9,3001.176
04/22/2035,5,131,Grocery,483.93,9,0.01,4,4311.8163
04/23/2035,8,157,Electronics,334.19,19,0.3,4.5,4444.727
04/24/2035,1,149,Furniture,453.45,8,0.25,4.3,2720.7
04/25/2035,12,137,Clothing,97.59,8,0.23,2,601.1544
04/26/2035,11,154,Grocery,246.79,16,0.21,4.2,3119.4256
04/27/2035,7,127,Electronics,455.24,18,0.23,2.7,6309.6264
04/28/2035,15,173,Electronics,168.08,8,0.3,2.1,941.248
04/29/2035,11,185,Clothing,484.16,9,0.23,1.7,3355.2288
04/30/2035,16,180,Electronics,57.57,5,0.11,4.6,256.1865
05/01/2035,3,121,Grocery,452.31,2,0.18,2.7,741.7884
05/02/2035,14,142,Electronics,228.15,14,0.1,4.5,2874.69
05/03/2035,3,182,Furniture,46.13,18,0.29,1.6,589.5414
05/04/2035,1,180,Furniture,440.97,13,0.27,4.1,4184.8053
05/05/2035,15,187,Clothing,133.45,12,0.17,1.4,1329.162
05/06/2035,1,135,Grocery,20.9,15,0.23,1.1,241.395
05/07/2035,17,195,Electronics,76.55,15,0.27,5,838.2225
05/08/2035,2,151,Electronics,332.97,1,0.07,1.3,309.6621
05/09/2035,6,135,Electronics,489.13,7,0.17,2.8,2841.8453
05/10/2035,8,127,Furniture,64.62,13,0.14,4.5,722.4516
05/11/2035,16,177,Grocery,236.35,18,0.23,4.3,3275.811
05/12/2035,19,157,Electronics,98.51,1,0.11,2.9,87.6739
05/13/2035,1,135,Clothing,375.07,11,0.21,3.4,3259.3583
05/14/2035,3,169,Grocery,67.85,13,0.12,3.5,776.204
05/15/2035,3,108,Grocery,127.52,9,0.03,1.4,1113.2496
05/16/2035,5,120,Electronics,106.24,16,0.03,2.1,1648.8448
05/17/2035,12,163,Furniture,280.73,11,0.04,2.2,2964.5088
05/18/2035,12,175,Grocery,437.86,3,0.01,2.5,1300.4442
05/19/2035,13,160,Clothing,260.43,17,0.16,2.1,3718.9404
05/20/2035,9,193,Grocery,38.54,2,0.2,2,61.664
05/21/2035,7,194,Furniture,286.06,9,0.04,2.4,2471.5584
05/22/2035,4,139,Clothing,400.79,9,0.18,2.5,2957.8302
05/23/2035,19,155,Furniture,74.76,16,0.18,2.9,980.8512
05/24/2035,19,103,Electronics,45.63,1,0.04,1.7,43.8048
05/25/2035,6,130,Grocery,102.03,17,0.12,4.2,1526.3688
05/26/2035,13,126,Clothing,375.58,10,0.23,4.4,2891.966
05/27/2035,11,157,Furniture,299.92,5,0.01,2,1484.604
05/28/2035,13,124,Electronics,274.89,8,0.04,1.5,2111.1552
05/29/2035,13,168,Clothing,132.25,13,0.3,3.9,1203.475
05/30/2035,15,169,Grocery,172.8,5,0.22,4.7,673.92
05/31/2035,13,104,Grocery,483.28,4,0.14,1.1,1662.4832
06/01/2035,11,190,Furniture,127.91,8,0.19,1.1,828.8568
06/02/2035,19,107,Clothing,451.81,7,0.25,1.7,2372.0025
06/03/2035,8,108,Electronics,294.46,5,0.25,3.7,1104.225
06/04/2035,8,114,Electronics,70.42,10,0.1,4.9,633.78
06/05/2035,10,199,Electronics,238.98,17,0.15,4,3453.261
06/06/2035,16,106,Furniture,474.79,6,0.19,3.3,2307.4794
06/07/2035,19,195,Electronics,215.1,10,0.02,3.8,2107.98
06/08/2035,11,171,Clothing,433.06,16,0.28,1.9,4988.8512
06/09/2035,13,114,Furniture,135.65,10,0.13,3.8,1180.155
06/10/2035,9,136,Grocery,289.75,4,0.11,2.3,1031.51
06/11/2035,19,182,Furniture,423.49,2,0.27,1.9,618.2954
06/12/2035,16,138,Furniture,461.14,1,0.04,1.9,442.6944
06/13/2035,7,105,Furniture,248.05,3,0.01,3.7,736.7085
06/14/2035,19,182,Clothing,323.45,13,0.21,4.1,3321.8315
06/15/2035,12,156,Grocery,11.46,12,0.12,3.3,121.0176
06/16/2035,15,191,Grocery,134.08,1,0.23,1.3,103.2416
06/17/2035,14,180,Furniture,146.57,10,0.02,1.2,1436.386
06/18/2035,11,118,Furniture,55.81,6,0.12,1.9,294.6768
06/19/2035,10,162,Furniture,147.05,9,0.07,2.1,1230.8085
06/20/2035,11,130,Clothing,167.35,1,0.22,2.6,130.533
06/21/2035,6,174,Clothing,484.7,12,0.07,1.3,5409.252
06/22/2035,2,178,Electronics,337.62,5,0.14,3.9,1451.766
06/23/2035,11,109,Grocery,218.74,1,0.25,3.8,164.055
06/24/2035,19,186,Electronics,494.15,2,0.27,2.4,721.459
06/25/2035,6,166,Electronics,85.08,14,0.22,3.3,929.0736
06/26/2035,14,161,Furniture,243.27,2,0.13,1.4,423.2898
06/27/2035,6,102,Clothing,327.06,5,0.17,2.7,1357.299
06/28/2035,17,117,Electronics,37.23,10,0.21,4.4,294.117
06/29/2035,10,124,Electronics,361.33,6,0.26,3.6,1604.3052
06/30/2035,1,119,Electronics,58.94,5,0.27,1.4,215.131
07/01/2035,3,157,Furniture,78.74,2,0.28,4.4,113.3856
07/02/2035,8,192,Furniture,88.25,9,0.24,3.7,603.63
07/03/2035,8,185,Clothing,465.16,10,0.04,2.8,4465.536
07/04/2035,15,149,Electronics,344.79,8,0.22,3.8,2151.4896
07/05/2035,7,178,Electronics,331.16,6,0.24,1.7,1510.0896
07/06/2035,11,109,Clothing,282.19,5,0.26,3.2,1044.103
07/07/2035,7,120,Clothing,153.47,18,0.28,3.5,1988.9712
07/08/2035,4,128,Clothing,314.24,18,0.15,4.7,4807.872
07/09/2035,12,195,Grocery,210.97,2,0.2,1.3,337.552
07/10/2035,6,109,Clothing,81.25,12,0,2.5,975
07/11/2035,14,112,Furniture,347.9,8,0.17,4.7,2310.056
07/12/2035,12,146,Grocery,73.5,4,0.14,1.9,252.84
07/13/2035,11,122,Clothing,103.43,4,0.29,4.3,293.7412
07/14/2035,19,149,Furniture,410.67,9,0.27,1,2698.1019
07/15/2035,5,186,Clothing,333.46,9,0.24,1.1,2280.8664
07/16/2035,14,194,Clothing,319.19,12,0.02,2.3,3753.6744
07/17/2035,16,103,Grocery,214.92,14,0.12,4.1,2647.8144
07/18/2035,13,166,Furniture,204.18,3,0.21,1.4,483.9066
07/19/2035,4,184,Electronics,348.23,6,0.01,2.5,2068.4862
07/20/2035,11,152,Clothing,372.6,15,0.07,1.5,5197.77
07/21/2035,17,101,Grocery,260,19,0.27,1.9,3606.2
07/22/2035,7,167,Furniture,484.94,4,0.04,3,1862.1696
07/23/2035,14,164,Clothing,478.29,1,0.02,2.3,468.7242
07/24/2035,11,178,Electronics,212.09,9,0.17,1.8,1584.3123
07/25/2035,9,156,Furniture,412.1,16,0.28,2.6,4747.392
07/26/2035,13,196,Furniture,276.2,9,0.25,3.8,1864.35
07/27/2035,18,169,Grocery,260.76,12,0.29,1.5,2221.6752
07/28/2035,11,106,Clothing,36.93,14,0.23,2.9,398.1054
07/29/2035,15,118,Clothing,291.25,15,0.13,2.1,3800.8125
07/30/2035,19,143,Furniture,451.28,16,0.28,2.5,5198.7456
07/31/2035,1,162,Clothing,392.27,8,0.13,4.3,2730.1992
08/01/2035,4,164,Furniture,395.3,10,0.11,4.7,3518.17
08/02/2035,14,138,Electronics,88.37,14,0.13,2,1076.3466
08/03/2035,14,182,Grocery,185.64,17,0.24,3.5,2398.4688
08/04/2035,3,125,Clothing,124.27,3,0.28,3.7,268.4232
08/05/2035,17,143,Clothing,164.8,4,0.11,4.4,586.688
08/06/2035,3,111,Grocery,293.97,16,0.14,4.6,4045.0272
08/07/2035,16,121,Electronics,188.74,14,0.27,2.9,1928.9228
08/08/2035,14,176,Electronics,284.74,14,0.01,4.9,3946.4964
08/09/2035,13,191,Electronics,224.87,16,0.24,4.9,2734.4192
08/10/2035,15,113,Electronics,150.44,8,0.14,3,1035.0272
08/11/2035,14,185,Electronics,56.75,18,0.11,3.2,909.135
08/12/2035,19,129,Furniture,447,7,0.13,3.7,2722.23
08/13/2035,6,143,Clothing,15.57,3,0.13,2.5,40.6377
08/14/2035,10,183,Clothing,10.81,6,0.23,3.6,49.9422
08/15/2035,15,190,Clothing,415.13,16,0.28,3.1,4782.2976
08/16/2035,6,137,Furniture,498.44,4,0.15,1.1,1694.696
08/17/2035,10,158,Grocery,366.28,19,0.25,4.4,5219.49
08/18/2035,7,141,Electronics,17.48,2,0.22,4.8,27.2688
08/19/2035,17,151,Grocery,121.08,4,0.1,1.1,435.888
08/20/2035,18,162,Electronics,486.19,2,0.18,4.2,797.3516
08/21/2035,17,160,Electronics,406.22,7,0.2,2.5,2274.832
08/22/2035,9,133,Grocery,287.73,15,0.01,3.3,4272.7905
08/23/2035,10,138,Clothing,126.06,17,0.12,3,1885.8576
08/24/2035,10,140,Furniture,17.04,14,0.3,3.2,166.992
08/25/2035,7,136,Grocery,20.22,11,0.19,3,180.1602
08/26/2035,16,164,Clothing,309.87,17,0.1,4.4,4741.011
08/27/2035,18,178,Electronics,20.7,5,0.08,3.7,95.22
08/28/2035,6,131,Clothing,496.88,14,0.06,2.7,6538.9408
08/29/2035,1,107,Electronics,99.86,17,0.12,3.8,1493.9056
08/30/2035,1,196,Electronics,358.25,2,0.06,4.9,673.51
08/31/2035,12,117,Clothing,85.98,7,0.04,1.3,577.7856
09/01/2035,2,144,Electronics,274.65,4,0.11,2.6,977.754
09/02/2035,4,192,Furniture,49.5,8,0.18,4.5,324.72
09/03/2035,17,195,Clothing,385.72,1,0.04,4,370.2912
09/04/2035,4,132,Grocery,296.61,10,0.01,4.7,2936.439
09/05/2035,11,104,Electronics,52.22,1,0.01,1.2,51.6978
09/06/2035,4,181,Electronics,425.81,1,0.08,4.5,391.7452
09/07/2035,1,173,Furniture,278.04,4,0.06,4.2,1045.4304
09/08/2035,7,135,Furniture,461.58,17,0.16,4.3,6591.3624
09/09/2035,18,196,Grocery,459.15,5,0.14,3.4,1974.345
09/10/2035,9,122,Electronics,461.05,14,0.1,1.2,5809.23
09/11/2035,3,139,Grocery,48.11,6,0.25,3.2,216.495
09/12/2035,8,104,Grocery,69.27,7,0.15,2.6,412.1565
09/13/2035,19,133,Electronics,493.98,8,0.03,3.1,3833.2848
09/14/2035,4,123,Grocery,248.92,18,0.09,4,4077.3096
09/15/2035,18,116,Grocery,126.72,4,0.29,3.4,359.8848
09/16/2035,11,194,Furniture,387.14,3,0.29,2.2,824.6082
09/17/2035,14,170,Furniture,139.5,4,0.08,3.4,513.36
09/18/2035,18,180,Grocery,366.34,16,0.05,1.3,5568.368
09/19/2035,16,191,Electronics,420.27,13,0.15,1,4643.9835
09/20/2035,3,121,Furniture,394.29,11,0.14,2.6,3729.9834
09/21/2035,15,114,Grocery,144.28,11,0.12,4,1396.6304
09/22/2035,4,114,Clothing,206.79,5,0.16,4.3,868.518
09/23/2035,5,124,Clothing,212.49,1,0.07,3.2,197.6157
09/24/2035,17,152,Grocery,250.72,14,0.03,4.5,3404.7776
09/25/2035,7,120,Clothing,92.01,19,0.17,1.5,1450.9977
09/26/2035,16,165,Furniture,231.71,5,0.28,4.9,834.156
09/27/2035,14,190,Electronics,260.28,6,0.04,4.7,1499.2128
09/28/2035,16,131,Grocery,270.54,19,0.21,3.4,4060.8054
09/29/2035,7,120,Furniture,411.75,12,0.13,1.2,4298.67
09/30/2035,9,167,Electronics,263.49,14,0.09,2.8,3356.8626
10/01/2035,4,143,Clothing,123.08,17,0.26,1.7,1548.3464
10/02/2035,11,182,Clothing,334.93,7,0.14,3.5,2016.2786
10/03/2035,2,165,Clothing,400.68,1,0.17,1.8,332.5644
10/04/2035,12,189,Clothing,166.49,17,0.13,2.9,2462.3871
10/05/2035,12,197,Furniture,326.2,6,0.02,1.8,1918.056
10/06/2035,4,113,Furniture,82,4,0.18,1.7,268.96
10/07/2035,18,114,Electronics,177.54,14,0.13,2,2162.4372
10/08/2035,7,119,Grocery,455.52,8,0.03,1.1,3534.8352
10/09/2035,1,133,Electronics,456.54,18,0.18,3.9,6738.5304
10/10/2035,13,135,Grocery,291.91,13,0,2.2,3794.83
10/11/2035,6,182,Clothing,354.15,8,0.06,3.8,2663.208
10/12/2035,6,108,Clothing,428.47,16,0.23,3.6,5278.7504
10/13/2035,12,170,Clothing,479.69,5,0.01,1.3,2374.4655
10/14/2035,8,129,Clothing,250.04,3,0.19,2.2,607.5972
10/15/2035,19,176,Furniture,285.17,13,0.28,3.3,2669.1912
10/16/2035,5,190,Electronics,213.66,15,0.05,4.7,3044.655
10/17/2035,18,162,Grocery,45.27,4,0.13,2.6,157.5396
10/18/2035,5,134,Grocery,217.17,3,0.17,3,540.7533
10/19/2035,10,112,Furniture,397.41,2,0.14,4,683.5452
10/20/2035,1,178,Clothing,404.39,4,0.19,4.2,1310.2236
10/21/2035,10,145,Electronics,447.26,6,0.12,4.7,2361.5328
10/22/2035,5,155,Clothing,35.22,4,0.04,3,135.2448
10/23/2035,12,108,Furniture,268.31,17,0.03,1.8,4424.4319
10/24/2035,7,186,Grocery,62.64,7,0.22,4.1,342.0144
10/25/2035,9,135,Furniture,108.36,18,0.07,1.5,1813.9464
10/26/2035,12,102,Grocery,451.11,10,0.25,2.7,3383.325
10/27/2035,1,197,Electronics,253.43,17,0.22,3.5,3360.4818
10/28/2035,11,118,Grocery,381.69,4,0.01,3.8,1511.4924
10/29/2035,15,127,Electronics,41.55,19,0.06,3.9,742.083
10/30/2035,2,122,Clothing,214.24,7,0.09,1.8,1364.7088
10/31/2035,7,106,Clothing,340.38,13,0.18,4.9,3628.4508
11/01/2035,12,175,Furniture,75.37,3,0.24,1.7,171.8436
11/02/2035,18,113,Electronics,169.65,8,0.02,1.4,1330.056
11/03/2035,3,145,Clothing,41.63,11,0.07,3.7,425.8749
11/04/2035,7,114,Electronics,329.16,16,0.11,4.6,4687.2384
11/05/2035,11,166,Clothing,485.74,19,0.06,3.2,8675.3164
11/06/2035,18,114,Clothing,415.25,9,0.16,3.4,3139.29
11/07/2035,12,150,Grocery,487.57,10,0.14,3.2,4193.102
11/08/2035,6,187,Furniture,424.35,6,0.09,1.2,2316.951
11/09/2035,5,107,Grocery,429.05,3,0.16,3.7,1081.206
11/10/2035,1,168,Electronics,292.82,8,0.11,2.4,2084.8784
11/11/2035,12,161,Clothing,263.94,6,0.1,4.7,1425.276
11/12/2035,11,150,Furniture,209.06,8,0.08,1.7,1538.6816
11/13/2035,4,162,Clothing,410.87,14,0.16,2.2,4831.8312
11/14/2035,18,167,Clothing,99.21,8,0.13,3,690.5016
11/15/2035,4,177,Grocery,37.55,11,0.06,2.9,388.267
11/16/2035,17,115,Electronics,474.47,10,0,2.6,4744.7
11/17/2035,2,183,Furniture,11.85,10,0.05,2.3,112.575
11/18/2035,2,123,Furniture,488.65,11,0.01,1.6,5321.3985
11/19/2035,12,105,Furniture,367.14,1,0.13,4.3,319.4118
11/20/2035,6,156,Electronics,170.96,15,0.07,2.8,2384.892
11/21/2035,10,130,Furniture,351.93,5,0.13,3.3,1530.8955
11/22/2035,16,105,Electronics,410.76,14,0.1,3.2,5175.576
11/23/2035,14,198,Furniture,130.23,8,0.16,3.3,875.1456
11/24/2035,7,178,Clothing,387.74,17,0.22,3.8,5141.4324
11/25/2035,19,128,Electronics,404.14,4,0.14,3.5,1390.2416
11/26/2035,17,166,Grocery,132.18,4,0.02,2.1,518.1456
11/27/2035,9,174,Furniture,30.54,18,0.01,3.2,544.2228
11/28/2035,13,102,Grocery,110.02,19,0.06,2,1964.9572
11/29/2035,5,127,Electronics,108.32,3,0.13,3.4,282.7152
11/30/2035,5,173,Clothing,41.97,9,0.01,2.7,373.9527
12/01/2035,10,196,Grocery,365.74,7,0.1,1.2,2304.162
12/02/2035,10,147,Grocery,196.19,2,0.27,3.9,286.4374
12/03/2035,7,179,Clothing,443.35,9,0.03,2.1,3870.4455
12/04/2035,15,109,Clothing,133.56,6,0.28,4.7,576.9792
12/05/2035,7,132,Electronics,232.08,6,0.26,2.1,1030.4352
12/06/2035,15,199,Furniture,323.12,16,0.25,5,3877.44
12/07/2035,3,166,Grocery,439.96,2,0.26,2.9,651.1408
12/08/2035,19,168,Grocery,267.06,16,0.02,1.1,4187.5008
12/09/2035,10,111,Electronics,193.03,3,0.05,1.3,550.1355
12/10/2035,15,156,Furniture,434.84,16,0.04,1.3,6679.1424
12/11/2035,3,143,Electronics,162.02,12,0.03,1.2,1885.9128
12/12/2035,6,112,Grocery,48.92,3,0.1,2.1,132.084
12/13/2035,12,123,Grocery,228.07,11,0.25,2.3,1881.5775
12/14/2035,15,143,Clothing,394.7,11,0.08,1.4,3994.364
12/15/2035,6,156,Clothing,25.08,16,0.07,2.8,373.1904
12/16/2035,13,195,Furniture,297.08,5,0.2,2.5,1188.32
12/17/2035,19,115,Grocery,301.29,8,0.03,3.5,2338.0104
12/18/2035,3,195,Grocery,464.99,11,0.11,1.8,4552.2521
12/19/2035,8,199,Clothing,150.37,11,0.09,4.7,1505.2037
12/20/2035,8,120,Electronics,146.63,18,0.25,3.1,1979.505
12/21/2035,15,175,Electronics,225.84,19,0.15,3.5,3647.316
12/22/2035,4,150,Grocery,184.89,10,0.19,1.2,1497.609
12/23/2035,19,120,Grocery,370.81,4,0.04,3.2,1423.9104
12/24/2035,3,159,Furniture,324.46,10,0.28,2.5,2336.112
12/25/2035,13,150,Furniture,381.87,14,0.1,4.7,4811.562
12/26/2035,8,120,Clothing,411.82,6,0.21,4.5,1952.0268
12/27/2035,16,105,Grocery,462.26,5,0.29,3.6,1641.023
12/28/2035,13,172,Electronics,221.16,15,0.15,4.1,2819.79
12/29/2035,3,164,Furniture,492.5,5,0.15,3.6,2093.125
12/30/2035,16,175,Clothing,115.67,6,0.04,1.1,666.2592
12/31/2035,9,157,Clothing,360.04,19,0.12,3.8,6019.8688
01/01/2036,14,177,Electronics,271.66,17,0.26,1.7,3417.4828
01/02/2036,13,105,Furniture,410.28,14,0.04,3.7,5514.1632
01/03/2036,7,164,Electronics,243.62,11,0.28,1,1929.4704
01/04/2036,15,185,Clothing,394.13,14,0.2,2.2,4414.256
01/05/2036,7,133,Grocery,465.78,5,0.13,3.1,2026.143
01/06/2036,6,155,Electronics,368.82,13,0.16,2.3,4027.5144
01/07/2036,2,174,Clothing,390.29,12,0.05,3.8,4449.306
01/08/2036,9,102,Grocery,42.92,19,0.07,3.1,758.3964
01/09/2036,17,141,Grocery,110.43,10,0.09,4.8,1004.913
01/10/2036,5,161,Furniture,487.41,13,0.12,2.4,5575.9704
01/11/2036,12,105,Furniture,349.66,15,0.27,3.9,3828.777
01/12/2036,1,105,Clothing,285.11,13,0.11,4.3,3298.7227
01/13/2036,10,162,Electronics,189.82,4,0.16,2,637.7952
01/14/2036,11,119,Grocery,31.75,9,0.05,4,271.4625
01/15/2036,16,120,Furniture,190.88,19,0.22,2.6,2828.8416
01/16/2036,14,101,Furniture,254.47,7,0.17,1.5,1478.4707
01/17/2036,8,189,Electronics,113.62,15,0.13,1,1482.741
01/18/2036,17,194,Furniture,94.84,17,0.28,4,1160.8416
01/19/2036,18,189,Clothing,259.12,14,0.27,1.7,2648.2064
01/20/2036,12,155,Electronics,297.09,14,0.2,1.2,3327.408
01/21/2036,17,195,Grocery,127.56,9,0.28,3,826.5888
01/22/2036,14,109,Clothing,297.82,16,0.17,2.4,3955.0496
01/23/2036,16,186,Grocery,451.17,2,0.25,3.8,676.755
01/24/2036,14,169,Grocery,241.85,14,0.12,1.4,2979.592
01/25/2036,9,122,Furniture,430.12,4,0.03,1.5,1668.8656
01/26/2036,4,191,Clothing,464.36,3,0.3,2.6,975.156
01/27/2036,11,129,Clothing,55.27,3,0.05,3.1,157.5195
01/28/2036,6,177,Electronics,56.95,11,0.08,4.3,576.334
01/29/2036,15,136,Clothing,243.26,5,0.05,3.3,1155.485
01/30/2036,5,154,Electronics,298.17,16,0.1,4.6,4293.648
01/31/2036,11,195,Clothing,218.68,19,0.09,1.9,3780.9772
02/01/2036,18,148,Grocery,169.96,9,0.18,3.4,1254.3048
02/02/2036,13,133,Electronics,324.09,11,0.3,3.6,2495.493
02/03/2036,11,143,Clothing,11.02,12,0.02,3.9,129.5952
02/04/2036,14,121,Electronics,484.36,8,0.23,5,2983.6576
02/05/2036,18,130,Furniture,123.72,14,0.04,2.9,1662.7968
02/06/2036,19,106,Furniture,459.38,17,0.01,2.5,7731.3654
02/07/2036,15,120,Electronics,63.42,15,0.19,4.4,770.553
02/08/2036,9,115,Electronics,126.66,15,0.26,1.7,1405.926
02/09/2036,8,119,Grocery,125.09,12,0.05,1.1,1426.026
02/10/2036,1,142,Clothing,498.11,9,0.1,2.8,4034.691
02/11/2036,4,143,Furniture,12.25,12,0.05,2,139.65
02/12/2036,14,146,Furniture,323.42,19,0.27,2.6,4485.8354
02/13/2036,2,118,Clothing,436.15,12,0.08,4.9,4815.096
02/14/2036,16,147,Furniture,339.41,11,0.13,2.4,3248.1537
02/15/2036,3,195,Furniture,187.74,6,0.27,3.8,822.3012
02/16/2036,8,178,Electronics,479.57,8,0.17,2,3184.3448
02/17/2036,6,168,Furniture,447.83,11,0.28,2.2,3546.8136
02/18/2036,16,110,Furniture,222.64,3,0.28,2,480.9024
02/19/2036,16,178,Furniture,290.93,16,0.14,3.3,4003.1968
02/20/2036,7,128,Clothing,484.08,6,0.17,1.9,2410.7184
02/21/2036,13,144,Grocery,491.45,9,0.07,3.9,4113.4365
02/22/2036,13,167,Electronics,230.41,9,0.3,3.7,1451.583
02/23/2036,5,135,Grocery,425.2,6,0.08,2.7,2347.104
02/24/2036,18,147,Furniture,157.97,5,0.23,1.1,608.1845
02/25/2036,15,186,Furniture,192.19,1,0.09,1.1,174.8929
02/26/2036,18,114,Furniture,90.76,3,0.09,3.1,247.7748
02/27/2036,2,143,Grocery,112.5,3,0.03,4.4,327.375
02/28/2036,10,166,Clothing,331.87,12,0.17,3.4,3305.4252
02/29/2036,13,195,Clothing,260.28,4,0.07,2.7,968.2416
03/01/2036,18,173,Electronics,123.25,16,0.04,4.5,1893.12
03/02/2036,15,139,Grocery,207.43,11,0.07,1.8,2122.0089
03/03/2036,12,185,Clothing,192.86,8,0.08,2.4,1419.4496
03/04/2036,15,113,Electronics,493.81,9,0.15,3.3,3777.6465
03/05/2036,13,162,Furniture,428.25,14,0.12,2.2,5276.04
03/06/2036,18,180,Furniture,200.1,15,0.02,5,2941.47
03/07/2036,15,184,Electronics,457.82,19,0.16,2.8,7306.8072
03/08/2036,11,150,Clothing,177.89,9,0.24,1.2,1216.7676
03/09/2036,19,178,Grocery,337.27,17,0.17,1.7,4758.8797
03/10/2036,3,157,Electronics,483.66,9,0.29,3.1,3090.5874
03/11/2036,7,114,Clothing,201.24,3,0.03,3.2,585.6084
03/12/2036,14,164,Electronics,343.14,16,0.25,4.9,4117.68
03/13/2036,14,187,Clothing,155,13,0.15,3.4,1712.75
03/14/2036,13,154,Furniture,140.49,17,0.16,3.7,2006.1972
03/15/2036,12,175,Electronics,291.34,4,0.16,1.9,978.9024
03/16/2036,9,109,Grocery,489.84,9,0.1,1.4,3967.704
03/17/2036,1,141,Electronics,232.04,9,0.1,3.4,1879.524
03/18/2036,19,194,Furniture,469.44,18,0.19,4.5,6844.4352
03/19/2036,11,110,Furniture,458.04,14,0.01,3.3,6348.4344
03/20/2036,19,115,Clothing,134.34,3,0.18,2.8,330.4764
03/21/2036,18,172,Furniture,206.89,4,0.22,3.3,645.4968
03/22/2036,12,177,Clothing,325.22,1,0.11,2.9,289.4458
03/23/2036,1,118,Furniture,263.84,18,0.07,1.6,4416.6816
03/24/2036,19,130,Clothing,57.02,4,0.06,4,214.3952
03/25/2036,17,172,Grocery,496.91,10,0.02,3.1,4869.718
03/26/2036,5,199,Clothing,378.8,4,0.03,2.6,1469.744
03/27/2036,3,152,Clothing,224.47,17,0.05,3.2,3625.1905
03/28/2036,2,189,Grocery,312.9,8,0.01,2,2478.168
03/29/2036,3,107,Clothing,52.91,19,0.08,2.7,924.8668
03/30/2036,8,123,Clothing,252.7,9,0.09,3.5,2069.613
03/31/2036,16,107,Grocery,466.11,16,0.3,1.9,5220.432
04/01/2036,6,182,Furniture,449.33,15,0.3,4,4717.965
04/02/2036,13,147,Electronics,175.32,16,0.06,3.1,2636.8128
04/03/2036,16,129,Clothing,270.37,12,0.06,4.4,3049.7736
04/04/2036,16,157,Furniture,351.72,18,0.15,4.4,5381.316
04/05/2036,3,185,Electronics,176.6,7,0.04,3,1186.752
04/06/2036,13,154,Grocery,41.79,16,0.15,1.8,568.344
04/07/2036,14,172,Clothing,257.67,19,0.12,3.9,4308.2424
04/08/2036,8,161,Clothing,304.8,6,0.1,2.7,1645.92
04/09/2036,12,147,Grocery,12.86,6,0.25,3.4,57.87
04/10/2036,8,103,Clothing,56.83,6,0.25,1.4,255.735
04/11/2036,9,136,Electronics,111.57,15,0.3,3.5,1171.485
04/12/2036,1,107,Electronics,180.55,2,0.07,2.5,335.823
04/13/2036,6,100,Grocery,275.12,9,0.27,2.3,1807.5384
04/14/2036,19,191,Clothing,153.98,8,0.16,4.9,1034.7456
04/15/2036,11,169,Furniture,145.33,7,0.18,2.7,834.1942
04/16/2036,11,146,Clothing,435.98,16,0.27,3.7,5092.2464
04/17/2036,13,199,Grocery,81.07,15,0.28,3.5,875.556
04/18/2036,11,174,Furniture,252.78,9,0.22,1.4,1774.5156
04/19/2036,18,104,Electronics,476.88,15,0.1,4,6437.88
04/20/2036,15,149,Electronics,316.26,2,0.15,2.3,537.642
04/21/2036,1,123,Furniture,361.43,14,0.18,4.2,4149.2164
04/22/2036,7,146,Furniture,221.31,11,0.25,3.4,1825.8075
04/23/2036,13,117,Grocery,19.77,3,0.2,2.3,47.448
04/24/2036,12,183,Clothing,326.6,2,0.11,2.4,581.348
04/25/2036,18,127,Electronics,319.64,18,0.13,3.9,5005.5624
04/26/2036,19,176,Clothing,64.11,14,0.02,3.2,879.5892
04/27/2036,15,104,Electronics,236.46,5,0.28,3.7,851.256
04/28/2036,8,129,Clothing,458.51,12,0.03,1.6,5337.0564
04/29/2036,19,100,Electronics,110.49,14,0.17,4.1,1283.8938
04/30/2036,10,185,Clothing,235.94,6,0.26,2.3,1047.5736
05/01/2036,7,181,Grocery,235.94,8,0.13,3.5,1642.1424
05/02/2036,18,145,Electronics,407.27,7,0.24,1.5,2166.6764
05/03/2036,16,168,Grocery,414.04,7,0.24,2.3,2202.6928
05/04/2036,6,130,Electronics,382.04,12,0.02,3.6,4492.7904
05/05/2036,9,169,Electronics,189.07,7,0.12,2.1,1164.6712
05/06/2036,13,190,Electronics,45.3,12,0.21,4.5,429.444
05/07/2036,8,155,Clothing,181.25,16,0.13,3.6,2523
05/08/2036,16,188,Electronics,343.1,7,0.16,4.5,2017.428
05/09/2036,13,192,Grocery,354.35,8,0.18,2.6,2324.536
05/10/2036,13,127,Clothing,482.85,1,0.05,1.1,458.7075
05/11/2036,17,115,Clothing,232.28,13,0.12,3.3,2657.2832
05/12/2036,5,153,Electronics,319.89,19,0.01,2.4,6017.1309
05/13/2036,17,152,Furniture,274.2,1,0.04,2.8,263.232
05/14/2036,9,111,Clothing,83.8,18,0.15,3.7,1282.14
05/15/2036,2,119,Electronics,235.99,7,0.17,3.8,1371.1019
05/16/2036,18,181,Grocery,276.97,17,0.04,1.1,4520.1504
05/17/2036,9,133,Furniture,475.87,15,0.23,4.1,5496.2985
05/18/2036,6,152,Clothing,189.6,19,0.11,3,3206.136
05/19/2036,11,163,Furniture,490.25,4,0.28,3.2,1411.92
05/20/2036,6,122,Clothing,275.73,17,0.12,2.2,4124.9208
05/21/2036,6,126,Furniture,128.81,7,0.04,2.7,865.6032
05/22/2036,13,116,Furniture,103.92,16,0.23,3.8,1280.2944
05/23/2036,11,147,Grocery,79.43,17,0.17,4.1,1120.7573
05/24/2036,14,120,Furniture,231.94,15,0.12,2.5,3061.608
05/25/2036,2,149,Grocery,20.74,9,0.11,3.8,166.1274
05/26/2036,8,139,Electronics,228.07,13,0.05,2,2816.6645
05/27/2036,3,194,Clothing,494.32,7,0.1,4.3,3114.216
05/28/2036,3,102,Grocery,338.35,19,0.01,3.4,6364.3635
05/29/2036,1,116,Clothing,382.3,11,0.15,4.1,3574.505
05/30/2036,19,160,Grocery,68.31,8,0.27,2.9,398.9304
05/31/2036,18,149,Clothing,241.82,17,0.24,1.9,3124.3144
06/01/2036,17,189,Grocery,150.25,4,0.01,2.7,594.99
06/02/2036,13,186,Clothing,448.11,4,0.26,2.5,1326.4056
06/03/2036,3,105,Electronics,98.83,18,0.14,2.3,1529.8884
06/04/2036,1,127,Clothing,234.78,17,0.06,1.8,3751.7844
06/05/2036,4,171,Electronics,298.14,3,0.23,4,688.7034
06/06/2036,13,154,Electronics,261.88,9,0.1,1.3,2121.228
06/07/2036,17,157,Electronics,416.82,6,0.08,4.6,2300.8464
06/08/2036,11,144,Furniture,123.41,2,0.05,1.7,234.479
06/09/2036,2,171,Clothing,194.92,12,0.15,4.9,1988.184
06/10/2036,16,118,Furniture,398.12,15,0.03,5,5792.646
06/11/2036,2,128,Furniture,268.75,9,0.24,2.6,1838.25
06/12/2036,19,122,Clothing,207.04,2,0.14,5,356.1088
06/13/2036,19,131,Electronics,24.43,12,0.13,4.5,255.0492
06/14/2036,16,109,Furniture,379.16,16,0,1.3,6066.56
06/15/2036,19,190,Furniture,486.37,7,0.25,4.8,2553.4425
06/16/2036,9,148,Grocery,313.94,1,0.15,1.2,266.849
06/17/2036,1,164,Clothing,429.71,7,0.13,1.7,2616.9339
06/18/2036,10,128,Furniture,263.27,3,0.23,3.3,608.1537
06/19/2036,19,158,Clothing,123.52,5,0.02,1.3,605.248
06/20/2036,1,144,Clothing,17.08,3,0.11,1.6,45.6036
06/21/2036,2,166,Furniture,330.17,15,0.17,4.8,4110.6165
06/22/2036,16,150,Clothing,251.62,6,0.14,5,1298.3592
06/23/2036,12,194,Electronics,393.23,15,0.05,4.2,5603.5275
06/24/2036,8,110,Furniture,350.39,3,0.09,3.1,956.5647
06/25/2036,18,185,Furniture,494.1,1,0.09,4.6,449.631
06/26/2036,2,181,Furniture,260.05,2,0.3,1.4,364.07
06/27/2036,13,198,Grocery,219.32,4,0.1,4.8,789.552
06/28/2036,6,105,Grocery,150.5,14,0.06,2.4,1980.58
06/29/2036,6,166,Grocery,243.66,14,0.25,4.4,2558.43
06/30/2036,9,161,Grocery,437.71,10,0.13,3.7,3808.077
07/01/2036,16,104,Furniture,30.8,11,0.13,4.8,294.756
07/02/2036,11,108,Electronics,489.17,4,0.16,4.5,1643.6112
07/03/2036,7,127,Clothing,496.72,15,0.18,4.6,6109.656
07/04/2036,10,182,Clothing,302.93,4,0.18,3.5,993.6104
07/05/2036,10,191,Furniture,172.46,16,0.01,4.3,2731.7664
07/06/2036,18,190,Electronics,119.29,2,0.25,4,178.935
07/07/2036,9,176,Clothing,145.48,13,0.06,1.6,1777.7656
07/08/2036,15,137,Electronics,34.55,8,0.09,3.6,251.524
07/09/2036,4,142,Furniture,242.8,13,0.05,1.6,2998.58
07/10/2036,8,120,Grocery,38.09,8,0.23,4.5,234.6344
07/11/2036,9,190,Electronics,362.05,4,0.18,1.3,1187.524
07/12/2036,13,161,Clothing,192.25,5,0.23,4.9,740.1625
07/13/2036,9,145,Clothing,107.69,6,0.2,2.6,516.912
07/14/2036,4,169,Clothing,276.98,19,0.03,1.7,5104.7414
07/15/2036,17,137,Grocery,487.14,10,0.09,4.7,4432.974
07/16/2036,16,148,Electronics,350.61,3,0.15,1.2,894.0555
07/17/2036,15,174,Electronics,250.96,13,0.09,2.9,2968.8568
07/18/2036,3,180,Clothing,390.69,9,0.06,4.1,3305.2374
07/19/2036,5,138,Electronics,371.36,17,0.26,2.3,4671.7088
07/20/2036,5,170,Clothing,446.95,10,0.22,3.1,3486.21
07/21/2036,15,129,Electronics,110.29,12,0.1,3.8,1191.132
07/22/2036,18,120,Grocery,430.85,13,0.23,4.8,4312.8085
07/23/2036,15,100,Grocery,157.5,10,0.19,1.4,1275.75
07/24/2036,2,188,Furniture,471.09,19,0,1.6,8950.71
07/25/2036,13,131,Furniture,147.72,19,0.11,3,2497.9452
07/26/2036,4,107,Furniture,464.16,17,0.09,2.7,7180.5552
07/27/2036,10,168,Electronics,482.26,5,0.07,2.6,2242.509
07/28/2036,13,129,Grocery,81.29,8,0.08,2.2,598.2944
07/29/2036,10,107,Grocery,487.5,5,0.28,3.2,1755
07/30/2036,9,118,Grocery,52,15,0.15,4.5,663
07/31/2036,8,158,Clothing,117.1,4,0.25,1.6,351.3
08/01/2036,3,154,Electronics,227.64,13,0.06,1.9,2781.7608
08/02/2036,16,129,Electronics,496.86,17,0.05,3.7,8024.289
08/03/2036,14,178,Furniture,249.4,5,0.27,1.2,910.31
08/04/2036,9,135,Clothing,279.7,1,0.15,3.7,237.745
08/05/2036,11,154,Clothing,350.27,15,0.27,2.3,3835.4565
08/06/2036,3,143,Grocery,484.46,10,0.02,2.4,4747.708
08/07/2036,5,126,Furniture,393.84,11,0.27,2.6,3162.5352
08/08/2036,10,176,Electronics,119.84,18,0.12,2.4,1898.2656
08/09/2036,13,177,Clothing,158.47,13,0.05,4.4,1957.1045
08/10/2036,4,153,Grocery,57.84,16,0.21,4.8,731.0976
08/11/2036,13,147,Electronics,325.78,19,0.24,3.2,4704.2632
08/12/2036,12,129,Grocery,98.56,12,0.01,3.3,1170.8928
08/13/2036,5,138,Electronics,136.13,14,0.3,1.3,1334.074
08/14/2036,10,112,Grocery,445.18,2,0.21,3.9,703.3844
08/15/2036,9,115,Electronics,170.11,10,0.1,3.3,1530.99
08/16/2036,7,143,Furniture,287.66,4,0.05,1.2,1093.108
08/17/2036,2,170,Electronics,204.81,1,0.12,1.8,180.2328
08/18/2036,7,126,Electronics,46.28,17,0.07,1.8,731.6868
08/19/2036,8,144,Electronics,187.8,11,0.15,1.7,1755.93
08/20/2036,7,134,Grocery,209.95,7,0.23,3.6,1131.6305
08/21/2036,14,178,Clothing,448.89,17,0.2,4.7,6104.904
08/22/2036,19,127,Electronics,168.98,17,0.13,4.1,2499.2142
08/23/2036,5,198,Electronics,195.83,9,0.04,2.9,1691.9712
08/24/2036,18,106,Furniture,393.62,10,0.29,2.6,2794.702
08/25/2036,12,161,Electronics,381.89,6,0.08,2.5,2108.0328
08/26/2036,17,150,Furniture,401.16,17,0.08,3.4,6274.1424
08/27/2036,13,145,Electronics,477.35,16,0.19,2.4,6186.456
08/28/2036,2,119,Grocery,399.82,7,0.23,1.9,2155.0298
08/29/2036,13,195,Clothing,209.73,19,0.3,3.4,2789.409
08/30/2036,7,137,Clothing,412.54,4,0.29,2.6,1171.6136
08/31/2036,10,160,Clothing,259.25,17,0.27,1.1,3217.2925
09/01/2036,6,131,Grocery,146.08,9,0.13,1.1,1143.8064
09/02/2036,3,125,Furniture,158.43,11,0.05,2.1,1655.5935
09/03/2036,3,157,Clothing,119.68,1,0.18,3,98.1376
09/04/2036,18,138,Grocery,81.05,7,0.01,2.4,561.6765
09/05/2036,11,119,Grocery,100.4,5,0.06,1.1,471.88
09/06/2036,5,181,Electronics,40.96,5,0,1.9,204.8
09/07/2036,19,149,Furniture,445.34,1,0.05,1.4,423.073
09/08/2036,19,178,Grocery,466.19,6,0.14,4.8,2405.5404
09/09/2036,15,151,Furniture,297.52,13,0.12,2.3,3403.6288
09/10/2036,16,185,Clothing,421.84,15,0.11,1.1,5631.564
09/11/2036,9,121,Clothing,99.95,4,0.25,3.6,299.85
09/12/2036,4,152,Clothing,451.82,17,0.2,1.9,6144.752
09/13/2036,15,184,Electronics,258.12,13,0.28,3.3,2416.0032
09/14/2036,12,165,Electronics,42.91,11,0.13,1.6,410.6487
09/15/2036,3,142,Furniture,79.24,4,0.08,4.9,291.6032
09/16/2036,14,181,Furniture,161.4,7,0.04,4.9,1084.608
09/17/2036,17,122,Electronics,31.34,19,0.2,3.6,476.368
09/18/2036,19,176,Grocery,161.55,7,0.25,3.8,848.1375
09/19/2036,6,163,Furniture,39.37,14,0.06,2.7,518.1092
09/20/2036,4,108,Furniture,125.65,16,0.26,4.8,1487.696
09/21/2036,7,106,Clothing,140.18,9,0.16,2.7,1059.7608
09/22/2036,19,140,Furniture,497.24,2,0.04,2,954.7008
09/23/2036,17,153,Furniture,125.42,16,0.19,1.5,1625.4432
09/24/2036,16,164,Grocery,127.2,5,0.16,1.8,534.24
09/25/2036,15,101,Furniture,346.53,12,0.01,3.3,4116.7764
09/26/2036,8,103,Grocery,431.09,15,0.12,2,5690.388
09/27/2036,19,177,Clothing,199.66,3,0.24,3.6,455.2248
09/28/2036,8,131,Electronics,439.05,9,0.17,2.5,3279.7035
09/29/2036,18,199,Clothing,176.67,7,0.08,4.5,1137.7548
09/30/2036,16,101,Grocery,106.54,4,0.28,3.2,306.8352
10/01/2036,19,163,Grocery,171.52,9,0.07,3.5,1435.6224
10/02/2036,10,113,Furniture,308.58,15,0.08,3.2,4258.404
10/03/2036,17,119,Furniture,189.9,7,0.11,4.5,1183.077
10/04/2036,13,188,Electronics,339.72,11,0.27,1.3,2727.9516
10/05/2036,13,148,Grocery,126.1,19,0.15,1.3,2036.515
10/06/2036,7,107,Grocery,353.49,11,0.2,3.8,3110.712
10/07/2036,10,191,Clothing,180.24,1,0.29,4.1,127.9704
10/08/2036,2,162,Electronics,233.38,13,0.23,2.7,2336.1338
10/09/2036,4,145,Clothing,283.3,13,0.05,2.4,3498.755
10/10/2036,6,120,Furniture,346.25,2,0.24,2.1,526.3
10/11/2036,18,186,Furniture,126.97,17,0.22,1.9,1683.6222
10/12/2036,6,131,Clothing,419.61,19,0.07,4.6,7414.5087
10/13/2036,17,107,Furniture,363.7,15,0.1,2.2,4909.95
10/14/2036,14,194,Clothing,124.71,19,0.21,3.6,1871.8971
10/15/2036,11,115,Grocery,487.74,10,0.07,4.1,4535.982
10/16/2036,19,139,Grocery,335.75,10,0.06,1.1,3156.05
10/17/2036,2,126,Furniture,231.69,9,0.21,1.1,1647.3159
10/18/2036,3,117,Electronics,87.19,19,0.26,2.3,1225.8914
10/19/2036,11,134,Grocery,271.28,11,0.02,3.8,2924.3984
10/20/2036,6,151,Furniture,90.74,6,0.13,2,473.6628
10/21/2036,14,114,Electronics,220.45,2,0.18,1,361.538
10/22/2036,19,162,Furniture,210.27,10,0.2,2.2,1682.16
10/23/2036,16,152,Clothing,362.77,15,0.3,1.4,3809.085
10/24/2036,7,190,Furniture,104.27,5,0.2,1.9,417.08
10/25/2036,8,180,Clothing,412.72,18,0.19,2.3,6017.4576
10/26/2036,19,165,Grocery,169.8,7,0.3,1.5,832.02
10/27/2036,16,130,Grocery,227.55,3,0.02,3.8,668.997
10/28/2036,7,160,Furniture,388.45,16,0.02,2,6090.896
10/29/2036,9,163,Electronics,316.44,17,0.17,3.6,4464.9684
10/30/2036,13,197,Furniture,160.93,2,0.11,3.4,286.4554
10/31/2036,1,133,Furniture,199.24,16,0.03,4.6,3092.2048
11/01/2036,8,154,Grocery,159.84,1,0.09,1.4,145.4544
11/02/2036,4,158,Grocery,301.44,14,0.2,1.9,3376.128
11/03/2036,3,102,Furniture,172.99,16,0.26,4.5,2048.2016
11/04/2036,3,116,Grocery,365.59,9,0.03,4.3,3191.6007
11/05/2036,13,177,Clothing,294.1,17,0.16,1.8,4199.748
11/06/2036,8,177,Furniture,81.4,8,0.09,1.4,592.592
11/07/2036,7,145,Grocery,162.03,9,0.2,4.4,1166.616
11/08/2036,1,137,Furniture,118.51,2,0.16,1.7,199.0968
11/09/2036,16,134,Grocery,201.25,13,0.28,4.5,1883.7
11/10/2036,6,100,Clothing,262.83,1,0.01,4.8,260.2017
11/11/2036,7,128,Clothing,258.31,7,0.14,1.9,1555.0262
11/12/2036,12,103,Furniture,379.72,18,0.06,4.4,6424.8624
11/13/2036,9,160,Clothing,102.69,5,0.16,2.7,431.298
11/14/2036,11,196,Clothing,473.77,7,0.26,4.2,2454.1286
11/15/2036,10,116,Grocery,177.99,12,0.27,2.6,1559.1924
11/16/2036,1,127,Furniture,157.12,17,0.12,1.3,2350.5152
11/17/2036,18,149,Grocery,345.74,5,0.24,3.9,1313.812
11/18/2036,4,189,Grocery,404.7,12,0.08,1.6,4467.888
11/19/2036,5,107,Electronics,195.45,19,0,4.7,3713.55
11/20/2036,9,133,Clothing,375.96,13,0.26,2.7,3616.7352
11/21/2036,17,158,Grocery,443.03,16,0.04,1.3,6804.9408
11/22/2036,3,117,Grocery,385.73,19,0.01,1.9,7255.5813
11/23/2036,16,194,Grocery,26.76,10,0.11,4.5,238.164
11/24/2036,5,158,Clothing,415.41,12,0.11,2.3,4436.5788
11/25/2036,16,126,Clothing,389.5,7,0.02,4.4,2671.97
11/26/2036,3,115,Clothing,337.95,14,0.24,1.7,3595.788
11/27/2036,15,109,Furniture,382.41,10,0.12,2.9,3365.208
11/28/2036,3,175,Grocery,489.92,8,0.15,4.5,3331.456
11/29/2036,14,121,Clothing,221.25,15,0.08,1.2,3053.25
11/30/2036,16,115,Grocery,42.94,16,0.15,2.2,583.984
12/01/2036,17,111,Furniture,235.84,8,0.23,4.6,1452.7744
12/02/2036,18,174,Electronics,32.75,4,0.27,3.4,95.63
12/03/2036,18,183,Furniture,154.18,17,0.29,3.9,1860.9526
12/04/2036,14,150,Clothing,297.57,4,0.13,4.4,1035.5436
12/05/2036,18,100,Clothing,161.72,11,0.3,3.1,1245.244
12/06/2036,15,126,Furniture,345.84,13,0.09,4.4,4091.2872
12/07/2036,15,166,Grocery,412.77,6,0,3.6,2476.62
12/08/2036,6,111,Clothing,216.02,14,0.23,3.7,2328.6956
12/09/2036,15,129,Clothing,451.07,7,0.05,1.6,2999.6155
12/10/2036,18,108,Furniture,49.12,12,0.02,4.8,577.6512
12/11/2036,4,152,Grocery,421.66,1,0.28,4.2,303.5952
12/12/2036,8,160,Furniture,416,10,0.24,2,3161.6
12/13/2036,15,153,Furniture,167.78,1,0.03,3.3,162.7466
12/14/2036,3,136,Grocery,156.37,16,0.23,2.5,1926.4784
12/15/2036,15,164,Grocery,159.5,7,0.25,3.6,837.375
12/16/2036,13,141,Electronics,407.58,6,0.27,5,1785.2004
12/17/2036,9,148,Furniture,417.51,18,0.16,1.2,6312.7512
12/18/2036,2,103,Grocery,171.56,4,0.21,4.8,542.1296
12/19/2036,8,163,Clothing,300.37,16,0.23,1.3,3700.5584
12/20/2036,17,178,Electronics,78.08,1,0.21,2.8,61.6832
12/21/2036,13,150,Furniture,239.7,2,0.19,2.9,388.314
12/22/2036,1,190,Grocery,499.41,16,0.16,2.1,6712.0704
12/23/2036,2,171,Electronics,87.83,9,0.14,3.3,679.8042
12/24/2036,15,159,Electronics,474.31,15,0.3,4.3,4980.255
12/25/2036,12,186,Clothing,413.88,16,0.1,2.2,5959.872
12/26/2036,14,178,Electronics,486.39,9,0.03,1.3,4246.1847
12/27/2036,2,190,Furniture,97.99,7,0.23,3.5,528.1661
12/28/2036,18,130,Grocery,114.62,10,0.06,4,1077.428
12/29/2036,7,171,Electronics,18.26,7,0.16,4.8,107.3688
12/30/2036,6,193,Electronics,365.1,13,0.03,1.6,4603.911
12/31/2036,14,157,Furniture,325.61,2,0.19,4.6,527.4882
01/01/2037,8,181,Clothing,97.25,12,0.28,2.9,840.24
01/02/2037,2,103,Clothing,397.66,13,0.22,1.9,4032.2724
01/03/2037,17,121,Grocery,156.61,3,0.06,4.9,441.6402
01/04/2037,5,102,Furniture,76.15,11,0.29,2,594.7315
01/05/2037,14,178,Clothing,217.06,8,0.09,3.9,1580.1968
01/06/2037,3,198,Grocery,54.58,11,0.13,4.1,522.3306
01/07/2037,5,146,Grocery,138.99,18,0.15,2.7,2126.547
01/08/2037,16,137,Clothing,191.95,7,0.3,3.8,940.555
01/09/2037,18,132,Furniture,427.41,12,0.02,3.3,5026.3416
01/10/2037,17,177,Electronics,398.35,6,0.21,1.8,1888.179
01/11/2037,11,147,Clothing,226.95,10,0.11,4,2019.855
01/12/2037,17,164,Electronics,365.04,15,0.02,4.7,5366.088
01/13/2037,16,125,Electronics,288.64,15,0.28,3,3117.312
01/14/2037,2,107,Furniture,177.01,19,0.18,5,2757.8158
01/15/2037,4,149,Furniture,365.68,6,0.23,2.7,1689.4416
01/16/2037,7,179,Grocery,344.91,19,0.07,2.9,6094.5597
01/17/2037,2,137,Furniture,313.36,15,0.23,3.7,3619.308
01/18/2037,6,109,Grocery,312.8,18,0.25,1.7,4222.8
01/19/2037,17,141,Clothing,344.66,2,0.13,4.6,599.7084
01/20/2037,7,136,Electronics,198.43,7,0.17,4.2,1152.8783
01/21/2037,5,125,Furniture,435.85,5,0.29,4.5,1547.2675
01/22/2037,5,191,Clothing,89.53,3,0.25,3.4,201.4425
01/23/2037,16,111,Grocery,443.1,6,0.13,4.5,2312.982
01/24/2037,19,183,Furniture,177.72,6,0.2,3.7,853.056
01/25/2037,9,148,Electronics,71.27,1,0.24,3,54.1652
01/26/2037,5,113,Clothing,304.01,19,0.01,4.7,5718.4281
01/27/2037,8,145,Furniture,194.23,12,0.18,2.8,1911.2232
01/28/2037,9,134,Furniture,409.59,5,0.3,3,1433.565
01/29/2037,5,128,Clothing,221.08,7,0.28,1.7,1114.2432
01/30/2037,10,111,Grocery,337.6,8,0.25,4.8,2025.6
01/31/2037,2,181,Grocery,161.05,19,0.03,1.9,2968.1515
02/01/2037,9,143,Furniture,112.63,6,0.3,1.8,473.046
02/02/2037,11,165,Grocery,200.14,15,0.18,1.4,2461.722
02/03/2037,4,101,Grocery,307.34,6,0.07,2.8,1714.9572
02/04/2037,2,158,Clothing,331.9,9,0.2,2.1,2389.68
02/05/2037,6,116,Grocery,293.32,4,0.26,4,868.2272
02/06/2037,14,109,Grocery,494.15,16,0.03,2.2,7669.208
02/07/2037,1,117,Clothing,348.63,10,0.27,3.9,2544.999
02/08/2037,18,121,Furniture,466.44,1,0.28,1.8,335.8368
02/09/2037,7,182,Furniture,67.79,11,0,1.9,745.69
02/10/2037,1,157,Clothing,40.07,17,0.27,4.2,497.2687
02/11/2037,1,152,Electronics,162.39,18,0.28,2.5,2104.5744
02/12/2037,1,100,Clothing,76.93,15,0.01,1.4,1142.4105
02/13/2037,4,187,Electronics,267.68,6,0.09,4.8,1461.5328
02/14/2037,4,160,Grocery,264.3,16,0.11,1.7,3763.632
02/15/2037,18,199,Furniture,291.77,2,0.1,1.6,525.186
02/16/2037,11,188,Electronics,375.16,3,0.23,2.4,866.6196
02/17/2037,1,199,Electronics,485.95,17,0.11,1.4,7352.4235
02/18/2037,10,130,Grocery,440.35,8,0.29,1.6,2501.188
02/19/2037,9,130,Furniture,68,15,0.3,4.4,714
02/20/2037,4,165,Grocery,175.87,13,0.1,1.7,2057.679
02/21/2037,6,118,Furniture,135.35,19,0.15,1.4,2185.9025
02/22/2037,16,152,Furniture,96.64,1,0.17,4.5,80.2112
02/23/2037,2,175,Grocery,276.92,12,0.17,2.8,2758.1232
02/24/2037,18,173,Electronics,281.1,18,0.11,1.6,4503.222
02/25/2037,10,194,Clothing,121.35,18,0.05,3.3,2075.085
02/26/2037,17,121,Furniture,358.83,3,0.02,1.2,1054.9602
02/27/2037,13,122,Furniture,369.13,18,0.03,2.7,6445.0098
02/28/2037,18,186,Clothing,20.28,17,0.27,3.4,251.6748
03/01/2037,13,114,Clothing,203.92,11,0.08,4.8,2063.6704
03/02/2037,17,125,Grocery,446.17,5,0.02,2.3,2186.233
03/03/2037,5,102,Furniture,264.96,7,0.19,4.1,1502.3232
03/04/2037,11,186,Grocery,180.34,18,0.02,1.5,3181.1976
03/05/2037,7,119,Clothing,134.3,7,0.02,2.7,921.298
03/06/2037,10,139,Grocery,129.24,18,0.19,1.9,1884.3192
03/07/2037,17,138,Furniture,58.89,2,0.18,3,96.5796
03/08/2037,15,171,Electronics,410.44,6,0.01,2.7,2438.0136
03/09/2037,18,117,Electronics,52.46,8,0.14,4.9,360.9248
03/10/2037,19,140,Furniture,153.22,17,0.13,4.7,2266.1238
03/11/2037,2,169,Grocery,32.38,4,0.16,3.3,108.7968
03/12/2037,4,126,Clothing,392.88,17,0.22,1.7,5209.5888
03/13/2037,3,199,Clothing,29.25,16,0.08,3.2,430.56
03/14/2037,7,114,Electronics,161.07,15,0.13,4.2,2101.9635
03/15/2037,18,136,Grocery,290.92,15,0.24,1.2,3316.488
03/16/2037,10,157,Clothing,210.69,8,0.28,2.7,1213.5744
03/17/2037,7,104,Clothing,148.31,17,0.27,1.2,1840.5271
03/18/2037,8,172,Furniture,144.84,19,0.14,2,2366.6856
03/19/2037,6,106,Grocery,400.92,1,0.16,1.4,336.7728
03/20/2037,1,140,Grocery,487.25,13,0.16,4.8,5320.77
03/21/2037,4,183,Clothing,180.54,6,0.26,1.7,801.5976
03/22/2037,14,109,Grocery,29.18,10,0.25,1.6,218.85
03/23/2037,17,161,Grocery,27.92,1,0.09,4.9,25.4072
03/24/2037,18,125,Grocery,382.01,12,0.05,3.1,4354.914
03/25/2037,11,167,Furniture,280.66,19,0.11,4,4745.9606
03/26/2037,14,123,Clothing,393.96,15,0.09,2.3,5377.554
03/27/2037,9,177,Electronics,351.77,5,0.29,3.1,1248.7835
03/28/2037,15,140,Grocery,454.68,2,0.08,1,836.6112
03/29/2037,12,164,Clothing,444.05,19,0.05,2.6,8015.1025
03/30/2037,10,116,Electronics,396.28,14,0.27,3.2,4049.9816
03/31/2037,19,123,Furniture,242.84,9,0.03,3.1,2119.9932
04/01/2037,19,126,Clothing,160.98,1,0.08,2.6,148.1016
04/02/2037,6,106,Furniture,258.44,13,0.13,4.2,2922.9564
04/03/2037,6,172,Clothing,256.02,17,0.18,3,3568.9188
04/04/2037,8,198,Furniture,309.04,2,0.1,3.5,556.272
04/05/2037,1,111,Clothing,101.19,14,0.15,1.7,1204.161
04/06/2037,17,184,Furniture,331.25,6,0.06,4.4,1868.25
04/07/2037,17,102,Electronics,233.73,6,0.17,2.5,1163.9754
04/08/2037,15,178,Clothing,313.9,18,0.12,2.9,4972.176
04/09/2037,7,184,Electronics,127.41,19,0.25,2.4,1815.5925
04/10/2037,19,109,Grocery,222.85,9,0.12,4.6,1764.972
04/11/2037,3,132,Electronics,113,15,0.13,4.6,1474.65
04/12/2037,11,145,Clothing,438.9,7,0.18,1.9,2519.286
04/13/2037,19,158,Electronics,249.1,6,0.04,4,1434.816
04/14/2037,9,151,Clothing,120.24,5,0.05,1.4,571.14
04/15/2037,10,105,Furniture,30.19,19,0.24,1.1,435.9436
04/16/2037,2,101,Grocery,341.11,1,0.08,4.3,313.8212
04/17/2037,1,128,Electronics,115.18,7,0.21,1.5,636.9454
04/18/2037,16,139,Grocery,494.9,18,0.03,1.6,8640.954
04/19/2037,18,196,Electronics,271.51,8,0.25,3.4,1629.06
04/20/2037,17,160,Clothing,151.6,12,0.3,4.3,1273.44
04/21/2037,6,167,Electronics,332.26,10,0.11,1.8,2957.114
04/22/2037,14,167,Grocery,144.86,6,0.15,1.5,738.786
04/23/2037,15,128,Electronics,411.93,16,0.13,1.3,5734.0656
04/24/2037,14,161,Grocery,161.04,19,0.27,1.1,2233.6248
04/25/2037,3,159,Grocery,494.24,18,0,1.5,8896.32
04/26/2037,19,183,Clothing,306.52,13,0.2,4.8,3187.808
04/27/2037,12,140,Furniture,423.76,7,0.2,1.4,2373.056
04/28/2037,2,186,Furniture,45.68,7,0.11,3.4,284.5864
04/29/2037,3,181,Electronics,180.67,16,0.07,4.7,2688.3696
04/30/2037,18,188,Grocery,371.37,10,0.07,3.5,3453.741
05/01/2037,1,164,Clothing,330.98,15,0.24,1.1,3773.172
05/02/2037,6,163,Furniture,105.18,14,0.02,3.4,1443.0696
05/03/2037,5,178,Clothing,184.54,12,0.17,4.6,1838.0184
05/04/2037,1,162,Clothing,139.09,15,0.09,2.3,1898.5785
05/05/2037,19,197,Grocery,310.55,8,0.08,2.3,2285.648
05/06/2037,1,147,Electronics,178.84,7,0.15,2,1064.098
05/07/2037,16,119,Grocery,161.44,9,0.27,3,1060.6608
05/08/2037,12,136,Furniture,111.62,14,0.19,2,1265.7708
05/09/2037,8,163,Furniture,210.42,7,0.24,3.9,1119.4344
05/10/2037,16,190,Clothing,105.8,12,0.18,3.6,1041.072
05/11/2037,1,185,Grocery,481.66,14,0.21,2.6,5327.1596
05/12/2037,4,104,Grocery,85.71,11,0.13,3.9,820.2447
05/13/2037,10,133,Clothing,457.52,19,0.28,1.4,6258.8736
05/14/2037,11,138,Electronics,219.95,6,0.15,4,1121.745
05/15/2037,17,166,Clothing,195.15,3,0.17,3.4,485.9235
05/16/2037,7,180,Clothing,123.35,6,0.16,3.5,621.684
05/17/2037,12,161,Furniture,321.52,9,0.09,1.3,2633.2488
05/18/2037,7,187,Grocery,345.91,2,0.07,3.5,643.3926
05/19/2037,12,123,Furniture,239.11,6,0.02,3,1405.9668
05/20/2037,15,102,Clothing,37.3,14,0.22,2.9,407.316
05/21/2037,2,170,Grocery,460.07,19,0.09,2.3,7954.6103
05/22/2037,14,188,Clothing,490.36,4,0.12,1,1726.0672
05/23/2037,13,166,Clothing,221.21,14,0.28,2.7,2229.7968
05/24/2037,4,178,Electronics,310.69,10,0.17,2.6,2578.727
05/25/2037,14,192,Furniture,230.65,6,0.03,2.7,1342.383
05/26/2037,14,149,Furniture,167.72,11,0.24,3.4,1402.1392
05/27/2037,16,128,Clothing,47.89,13,0.08,2.2,572.7644
05/28/2037,7,173,Electronics,233.47,18,0.17,2.1,3488.0418
05/29/2037,19,131,Clothing,411.01,14,0.15,3,4891.019
05/30/2037,2,186,Clothing,18.35,11,0.07,3.4,187.7205
05/31/2037,10,138,Clothing,295.23,5,0.03,3.3,1431.8655
06/01/2037,18,108,Electronics,441.58,8,0.06,4.5,3320.6816
06/02/2037,17,113,Grocery,116.6,4,0.03,4.1,452.408
06/03/2037,5,167,Electronics,99.8,12,0.08,1.2,1101.792
06/04/2037,12,163,Clothing,388.42,6,0.3,3.3,1631.364
06/05/2037,6,119,Grocery,134.99,8,0.12,2.7,950.3296
06/06/2037,9,127,Clothing,104.07,4,0.26,2.4,308.0472
06/07/2037,1,113,Electronics,195.21,10,0.16,4.8,1639.764
06/08/2037,15,143,Electronics,202.33,11,0.2,2.8,1780.504
06/09/2037,6,197,Grocery,438.31,15,0.05,3.9,6245.9175
06/10/2037,19,176,Electronics,313.04,5,0.08,4.9,1439.984
06/11/2037,18,194,Clothing,208.92,3,0.15,1.6,532.746
06/12/2037,6,196,Grocery,271.85,15,0.26,1.2,3017.535
06/13/2037,13,138,Furniture,477.44,2,0.01,2.3,945.3312
06/14/2037,1,127,Clothing,65.48,2,0.15,1.2,111.316
06/15/2037,13,163,Furniture,111.78,8,0.02,1.5,876.3552
06/16/2037,7,188,Grocery,481.64,14,0.14,5,5798.9456
06/17/2037,15,131,Grocery,479.09,9,0.19,4.8,3492.5661
06/18/2037,12,108,Clothing,96.81,5,0.22,3.8,377.559
06/19/2037,1,127,Electronics,81.1,12,0.04,4,934.272
06/20/2037,15,194,Clothing,216.33,10,0.05,1.6,2055.135
06/21/2037,4,116,Electronics,34.36,1,0.14,3.4,29.5496
06/22/2037,13,186,Electronics,330.9,19,0.3,1.6,4400.97
06/23/2037,5,176,Clothing,47.97,11,0.11,2.5,469.6263
06/24/2037,2,154,Grocery,38.43,17,0.13,2.4,568.3797
06/25/2037,1,109,Clothing,247.74,3,0.13,3.5,646.6014
06/26/2037,16,179,Furniture,479.32,1,0.02,1.3,469.7336
06/27/2037,6,105,Grocery,219.13,17,0.23,1.4,2868.4117
06/28/2037,16,147,Electronics,184.68,6,0.08,3.4,1019.4336
06/29/2037,14,174,Grocery,499,13,0.21,3.5,5124.73
06/30/2037,3,166,Clothing,270.66,4,0.14,2.4,931.0704
07/01/2037,15,191,Grocery,193.87,5,0.18,1.6,794.867
07/02/2037,3,140,Electronics,199.07,15,0.02,4.5,2926.329
07/03/2037,2,178,Electronics,105.53,14,0.27,1.2,1078.5166
07/04/2037,1,159,Grocery,260.99,19,0.07,3.9,4611.6933
07/05/2037,9,176,Furniture,225.04,15,0.2,1.6,2700.48
07/06/2037,9,141,Electronics,142.69,12,0.24,3.5,1301.3328
07/07/2037,7,180,Furniture,88.66,18,0.16,3.7,1340.5392
07/08/2037,3,170,Electronics,162.51,14,0.1,4.2,2047.626
07/09/2037,18,127,Grocery,259.25,10,0.29,2.6,1840.675
07/10/2037,11,112,Electronics,38.58,8,0.08,1.1,283.9488
07/11/2037,7,180,Furniture,85.33,4,0.28,4.2,245.7504
07/12/2037,9,114,Furniture,474.35,18,0.05,2.8,8111.385
07/13/2037,1,135,Grocery,276,8,0.12,4.4,1943.04
07/14/2037,14,191,Furniture,41.09,4,0.04,4.1,157.7856
07/15/2037,6,114,Furniture,349.61,11,0,3,3845.71
07/16/2037,7,174,Grocery,40.28,5,0.08,5,185.288
07/17/2037,10,155,Electronics,372.05,10,0.03,2.8,3608.885
07/18/2037,7,194,Grocery,377.48,6,0.3,3.8,1585.416
07/19/2037,2,103,Electronics,329.03,4,0.23,3.7,1013.4124
07/20/2037,4,198,Electronics,368.78,18,0,3.1,6638.04
07/21/2037,17,197,Electronics,53.1,17,0.07,3.3,839.511
07/22/2037,1,151,Clothing,366.12,7,0.2,4.2,2050.272
07/23/2037,10,190,Electronics,76.98,9,0.12,3.3,609.6816
07/24/2037,19,109,Grocery,176.36,3,0.25,2.8,396.81
07/25/2037,15,193,Grocery,471.95,9,0.15,3.6,3610.4175
07/26/2037,10,144,Grocery,256.41,4,0.2,1.1,820.512
07/27/2037,19,183,Clothing,484.04,19,0.18,1.4,7541.3432
07/28/2037,12,128,Furniture,53.57,9,0.19,1.5,390.5253
07/29/2037,16,152,Clothing,244,6,0.07,2.7,1361.52
07/30/2037,9,128,Grocery,40.58,11,0.11,4.5,397.2782
07/31/2037,15,122,Grocery,318.8,15,0.02,3.6,4686.36
08/01/2037,17,156,Furniture,48.57,6,0.18,4.9,238.9644
08/02/2037,14,149,Clothing,95.93,10,0.14,1.2,824.998
08/03/2037,18,120,Grocery,136.83,18,0.23,3.9,1896.4638
08/04/2037,2,142,Electronics,376.88,16,0.06,2.3,5668.2752
08/05/2037,4,109,Electronics,90.34,4,0.13,1.1,314.3832
08/06/2037,18,175,Grocery,424.85,13,0.05,4.3,5246.8975
08/07/2037,7,129,Electronics,74.63,5,0.18,1.7,305.983
08/08/2037,13,150,Furniture,27.27,19,0.25,1.9,388.5975
08/09/2037,15,132,Grocery,203.57,18,0.23,2.4,2821.4802
08/10/2037,1,117,Clothing,489.93,17,0.28,4.2,5996.7432
08/11/2037,11,177,Grocery,64.07,16,0.29,3.5,727.8352
08/12/2037,10,121,Furniture,59.84,1,0.23,2.1,46.0768
08/13/2037,5,163,Clothing,378.07,1,0.09,1.7,344.0437
08/14/2037,16,120,Furniture,162.96,14,0.07,1.4,2121.7392
08/15/2037,11,100,Electronics,361.47,2,0.13,1.6,628.9578
08/16/2037,6,114,Electronics,108.01,15,0.3,4.5,1134.105
08/17/2037,9,135,Electronics,235.44,3,0.12,4.7,621.5616
08/18/2037,13,146,Furniture,139.99,13,0.06,4.9,1710.6778
08/19/2037,8,153,Furniture,231.25,19,0.28,4.3,3163.5
08/20/2037,14,185,Grocery,386.86,1,0.12,4.5,340.4368
08/21/2037,1,131,Clothing,383.38,13,0.21,4.3,3937.3126
08/22/2037,17,157,Clothing,262.73,15,0.24,4.8,2995.122
08/23/2037,5,145,Furniture,464.9,16,0.25,4.4,5578.8
08/24/2037,2,153,Furniture,139.25,11,0.25,2.8,1148.8125
08/25/2037,9,132,Electronics,127.75,3,0.25,2.3,287.4375
08/26/2037,4,138,Furniture,310.77,8,0.2,3.3,1988.928
08/27/2037,17,122,Electronics,314.44,6,0.12,3.4,1660.2432
08/28/2037,17,142,Furniture,32.8,5,0.2,3.3,131.2
08/29/2037,18,154,Clothing,307.81,15,0.25,3.8,3462.8625
08/30/2037,16,101,Grocery,193.47,9,0.11,3.8,1549.6947
08/31/2037,8,165,Furniture,376.25,5,0.09,1.3,1711.9375
09/01/2037,11,137,Electronics,405.97,10,0.1,2.1,3653.73
09/02/2037,18,128,Grocery,280.56,6,0.17,4.6,1397.1888
09/03/2037,10,166,Electronics,10.84,11,0.02,3.4,116.8552
09/04/2037,13,170,Electronics,321.82,4,0.23,2.3,991.2056
09/05/2037,17,135,Grocery,376.95,12,0.04,4.4,4342.464
09/06/2037,18,128,Grocery,132,6,0.04,2,760.32
09/07/2037,10,136,Grocery,237.68,1,0.06,2.6,223.4192
09/08/2037,16,199,Furniture,483.21,18,0.17,2.1,7219.1574
09/09/2037,5,186,Grocery,156.08,2,0.09,4.5,284.0656
09/10/2037,13,144,Furniture,119.35,5,0.11,3.9,531.1075
09/11/2037,18,115,Clothing,113.32,16,0.28,2.8,1305.4464
09/12/2037,17,130,Clothing,283.81,12,0.25,4.7,2554.29
09/13/2037,9,133,Electronics,475.4,12,0.26,4.7,4221.552
09/14/2037,14,149,Electronics,308.26,11,0.17,3.8,2814.4138
09/15/2037,17,164,Furniture,158.63,19,0.26,4.6,2230.3378
09/16/2037,4,181,Electronics,322.9,7,0.23,3.9,1740.431
09/17/2037,18,161,Clothing,316.17,2,0.29,3.5,448.9614
09/18/2037,15,142,Furniture,302.49,6,0.02,2.7,1778.6412
09/19/2037,11,155,Furniture,88.12,4,0.01,2.1,348.9552
09/20/2037,12,114,Grocery,320.94,2,0.05,1.2,609.786
09/21/2037,9,147,Furniture,220.78,17,0.28,4.2,2702.3472
09/22/2037,13,148,Electronics,19.11,8,0.18,1.5,125.3616
09/23/2037,15,180,Clothing,274.48,5,0.13,2.6,1193.988
09/24/2037,15,143,Electronics,494.74,10,0.15,1.9,4205.29
09/25/2037,5,109,Clothing,181.37,16,0.25,2.8,2176.44
09/26/2037,19,119,Grocery,483.12,2,0.28,2.3,695.6928
09/27/2037,14,169,Clothing,57.14,19,0.22,4.3,846.8148
09/28/2037,17,107,Grocery,368.9,7,0.23,4.9,1988.371
09/29/2037,18,144,Electronics,66.02,2,0.1,4.8,118.836
09/30/2037,3,133,Grocery,144.05,13,0.14,3.5,1610.479
10/01/2037,2,195,Furniture,289.71,4,0.27,4.9,845.9532
10/02/2037,1,150,Furniture,300.46,16,0.24,2.6,3653.5936
10/03/2037,10,103,Clothing,389.85,10,0.21,3.1,3079.815
10/04/2037,19,138,Electronics,311.5,17,0.02,2,5189.59
10/05/2037,17,183,Electronics,300.87,14,0.01,4.6,4170.0582
10/06/2037,12,123,Clothing,457.05,12,0.04,1.7,5265.216
10/07/2037,1,187,Furniture,231.56,13,0.17,3.4,2498.5324
10/08/2037,12,154,Grocery,120.38,8,0.16,4.2,808.9536
10/09/2037,17,125,Clothing,89.28,17,0.28,3.4,1092.7872
10/10/2037,3,124,Grocery,206,18,0.21,1.3,2929.32
10/11/2037,11,135,Grocery,359.25,10,0.09,3.4,3269.175
10/12/2037,17,170,Electronics,30.85,13,0.05,4.1,380.9975
10/13/2037,3,173,Furniture,73.24,2,0.25,1.8,109.86
10/14/2037,8,157,Grocery,62,17,0.14,3.9,906.44
10/15/2037,4,111,Furniture,296.77,6,0.2,4.5,1424.496
10/16/2037,7,100,Electronics,129,12,0.17,4.9,1284.84
10/17/2037,14,149,Clothing,91.47,13,0.03,2.6,1153.4367
10/18/2037,14,124,Clothing,300.46,4,0.02,1.1,1177.8032
10/19/2037,4,179,Electronics,383.04,15,0.11,2.7,5113.584
10/20/2037,16,104,Electronics,172.76,16,0.11,3.6,2460.1024
10/21/2037,1,182,Grocery,293.32,19,0.2,4.6,4458.464
10/22/2037,17,167,Electronics,58.08,15,0.19,4.8,705.672
10/23/2037,10,105,Clothing,468.24,6,0.29,4.6,1994.7024
10/24/2037,16,125,Furniture,175.08,6,0.26,3.6,777.3552
10/25/2037,16,154,Furniture,498.78,5,0.15,3.7,2119.815
10/26/2037,8,138,Furniture,489.51,2,0.15,1,832.167
10/27/2037,7,108,Furniture,391.62,2,0.2,2.5,626.592
10/28/2037,6,144,Electronics,19.83,5,0.03,4.6,96.1755
10/29/2037,16,113,Electronics,276.3,3,0.3,3.8,580.23
10/30/2037,16,154,Furniture,52.55,6,0.16,2.9,264.852
10/31/2037,7,108,Electronics,448.62,11,0.27,1.4,3602.4186
11/01/2037,9,114,Grocery,396.92,5,0.29,2,1409.066
11/02/2037,14,136,Electronics,486.45,18,0.17,3.2,7267.563
11/03/2037,11,149,Grocery,308.11,14,0.03,4.6,4184.1338
11/04/2037,14,183,Grocery,265.86,10,0.17,1.4,2206.638
11/05/2037,7,171,Electronics,264.3,3,0.18,1.6,650.178
11/06/2037,1,195,Furniture,199.36,16,0.24,3.6,2424.2176
11/07/2037,13,120,Grocery,239.66,16,0.01,2.2,3796.2144
11/08/2037,3,156,Electronics,321.35,11,0.14,1.7,3039.971
11/09/2037,4,118,Clothing,467.14,4,0.28,1.7,1345.3632
11/10/2037,11,192,Furniture,301.98,11,0.3,3,2325.246
11/11/2037,2,157,Clothing,429.99,8,0.06,3.3,3233.5248
11/12/2037,14,194,Grocery,432.76,16,0.26,4.6,5123.8784
11/13/2037,12,105,Clothing,264.23,8,0.04,3.1,2029.2864
11/14/2037,17,103,Electronics,180.26,9,0.25,3.8,1216.755
11/15/2037,12,142,Furniture,323.39,14,0.08,1.7,4165.2632
11/16/2037,12,192,Grocery,228.48,8,0.29,3.9,1297.7664
11/17/2037,1,141,Electronics,49.91,16,0.21,3.6,630.8624
11/18/2037,13,102,Furniture,195.13,2,0.12,1.9,343.4288
11/19/2037,14,100,Grocery,497.1,19,0.08,3.7,8689.308
11/20/2037,2,154,Grocery,33.77,19,0.07,1.8,596.7159
11/21/2037,12,114,Grocery,351.37,19,0.2,3.4,5340.824
11/22/2037,16,146,Grocery,422.18,18,0.27,3.7,5547.4452
11/23/2037,4,184,Clothing,327.88,13,0.23,3.8,3282.0788
11/24/2037,8,145,Clothing,289.18,17,0.25,4.6,3687.045
11/25/2037,2,157,Clothing,356.7,1,0.23,4.8,274.659
11/26/2037,10,194,Grocery,220.38,5,0.29,4.2,782.349
11/27/2037,9,170,Clothing,54.77,13,0.23,4.5,548.2477
11/28/2037,15,180,Furniture,481.56,6,0.06,1.1,2715.9984
11/29/2037,13,182,Grocery,221.83,10,0.24,2.5,1685.908
11/30/2037,17,138,Furniture,336.04,9,0.1,1.2,2721.924
12/01/2037,16,102,Furniture,270.34,6,0.3,1.9,1135.428
12/02/2037,2,129,Clothing,36.79,1,0.11,2.5,32.7431
12/03/2037,14,134,Grocery,476.85,18,0.09,4.5,7810.803
12/04/2037,3,156,Clothing,398.34,7,0.07,3,2593.1934
12/05/2037,12,128,Clothing,83.06,10,0.2,3.6,664.48
12/06/2037,8,149,Clothing,491.01,12,0.03,2.5,5715.3564
12/07/2037,2,161,Grocery,371.08,15,0.29,3.4,3952.002
12/08/2037,4,151,Grocery,241.44,17,0.09,4.3,3735.0768
12/09/2037,14,113,Clothing,309.57,3,0.09,2.2,845.1261
12/10/2037,16,134,Furniture,62.3,15,0.01,4.7,925.155
12/11/2037,19,127,Furniture,284.6,1,0.07,1.9,264.678
12/12/2037,2,157,Grocery,46.09,11,0.13,4.7,441.0813
12/13/2037,12,129,Electronics,276.98,6,0.11,1.1,1479.0732
12/14/2037,14,189,Clothing,280.82,16,0.08,3.2,4133.6704
12/15/2037,6,106,Clothing,438.48,12,0.01,4.9,5209.1424
12/16/2037,13,138,Electronics,365.28,15,0.09,3.4,4986.072
12/17/2037,4,194,Grocery,132.28,18,0.23,3.2,1833.4008
12/18/2037,18,168,Furniture,445.33,10,0.13,3.7,3874.371
12/19/2037,12,134,Grocery,290.89,12,0.09,2.2,3176.5188
12/20/2037,19,151,Furniture,307.13,19,0.09,1.2,5310.2777
12/21/2037,8,113,Furniture,92.8,5,0.17,2,385.12
12/22/2037,7,162,Grocery,430.31,18,0.09,1.7,7048.4778
12/23/2037,16,135,Clothing,466.17,19,0.19,4.7,7174.3563
12/24/2037,19,190,Clothing,389.75,12,0.3,4.4,3273.9
12/25/2037,6,123,Clothing,470.97,1,0.01,2.3,466.2603
12/26/2037,11,139,Furniture,158.13,2,0.05,4.3,300.447
12/27/2037,5,128,Clothing,431.95,3,0.05,1.8,1231.0575
12/28/2037,16,152,Furniture,249.56,12,0.13,1.8,2605.4064
12/29/2037,7,121,Clothing,90.32,14,0.01,4.1,1251.8352
12/30/2037,5,171,Grocery,337.71,7,0.14,2.3,2033.0142
12/31/2037,11,114,Electronics,345.22,4,0.28,1.3,994.2336
01/01/2038,15,168,Furniture,150.59,12,0,3.9,1807.08
01/02/2038,3,163,Grocery,23.47,8,0.11,5,167.1064
01/03/2038,5,103,Furniture,107.93,1,0.23,3.3,83.1061
01/04/2038,5,174,Furniture,205.89,5,0.05,2.1,977.9775
01/05/2038,9,117,Grocery,92.11,1,0.02,2.5,90.2678
01/06/2038,15,141,Clothing,105.07,15,0.19,3.6,1276.6005
01/07/2038,3,129,Furniture,201.78,13,0,3.8,2623.14
01/08/2038,6,114,Electronics,481.28,13,0.24,4.5,4755.0464
01/09/2038,17,169,Electronics,384.48,4,0.02,4.6,1507.1616
01/10/2038,8,154,Grocery,166.68,15,0.16,4.4,2100.168
01/11/2038,11,152,Electronics,476.29,12,0.22,3.6,4458.0744
01/12/2038,6,115,Grocery,326.37,8,0.07,2.8,2428.1928
01/13/2038,8,172,Grocery,233.17,16,0.03,3.7,3618.7984
01/14/2038,10,133,Furniture,239.47,12,0.05,3.7,2729.958
01/15/2038,3,126,Grocery,211.26,6,0.26,1.9,937.9944
01/16/2038,14,112,Grocery,124.17,15,0.21,3,1471.4145
01/17/2038,14,199,Clothing,199.45,7,0.06,1.8,1312.381
01/18/2038,10,126,Furniture,268.67,5,0.21,4.6,1061.2465
01/19/2038,12,172,Electronics,268.73,15,0.21,2.3,3184.4505
01/20/2038,6,168,Clothing,383.25,12,0.3,4.2,3219.3
01/21/2038,12,185,Clothing,185.81,11,0.12,2.5,1798.6408
01/22/2038,14,130,Furniture,361.23,4,0.26,4.1,1069.2408
01/23/2038,2,102,Furniture,293.27,13,0.13,1.9,3316.8837
01/24/2038,9,129,Clothing,481.3,18,0.27,4.1,6324.282
01/25/2038,10,120,Furniture,198.79,8,0.03,1.7,1542.6104
01/26/2038,17,198,Furniture,451.6,7,0.05,3,3003.14
01/27/2038,17,105,Grocery,412.11,16,0.25,1.5,4945.32
01/28/2038,3,191,Furniture,322.46,3,0.25,3.1,725.535
01/29/2038,19,131,Grocery,330.71,16,0.09,4.3,4815.1376
01/30/2038,1,141,Clothing,51.48,16,0.18,4,675.4176
01/31/2038,12,161,Clothing,475.61,7,0.11,1.2,2963.0503
02/01/2038,7,188,Electronics,62.4,13,0,3,811.2
02/02/2038,4,131,Furniture,285.98,13,0.01,4.4,3680.5626
02/03/2038,10,198,Clothing,171.73,19,0.02,3.6,3197.6126
02/04/2038,13,185,Grocery,220.63,18,0.18,1.2,3256.4988
02/05/2038,2,187,Clothing,308.99,7,0.08,2.3,1989.8956
02/06/2038,10,138,Furniture,455.34,18,0.04,3.2,7868.2752
02/07/2038,4,163,Electronics,234.21,18,0.28,1.7,3035.3616
02/08/2038,18,129,Electronics,493.99,4,0.04,3.7,1896.9216
02/09/2038,5,162,Clothing,300.48,9,0.2,3.5,2163.456
02/10/2038,19,195,Electronics,88.67,16,0.27,1.8,1035.6656
02/11/2038,2,130,Furniture,103.1,4,0.05,3.2,391.78
02/12/2038,12,186,Furniture,360.89,8,0.06,4.2,2713.8928
02/13/2038,17,139,Electronics,34.69,3,0.17,2.5,86.3781
02/14/2038,10,132,Grocery,245.37,9,0.15,2,1877.0805
02/15/2038,2,162,Electronics,82.63,8,0.16,3.8,555.2736
02/16/2038,6,124,Electronics,222.28,12,0.17,1.3,2213.9088
02/17/2038,8,135,Clothing,377.46,14,0.28,4.3,3804.7968
02/18/2038,19,123,Grocery,234.82,10,0.02,4.8,2301.236
02/19/2038,11,194,Electronics,90.09,17,0.23,4.9,1179.2781
02/20/2038,12,157,Clothing,133.44,11,0.07,2.7,1365.0912
02/21/2038,9,138,Clothing,190.09,10,0.11,3.5,1691.801
02/22/2038,2,145,Clothing,44.08,13,0.03,4.4,555.8488
02/23/2038,8,176,Furniture,296.33,2,0.13,1.9,515.6142
02/24/2038,11,109,Clothing,307.69,1,0.24,1.1,233.8444
02/25/2038,4,186,Clothing,40.45,1,0.03,2.5,39.2365
02/26/2038,10,181,Furniture,207.13,16,0.08,4.5,3048.9536
02/27/2038,16,131,Furniture,212.86,10,0.11,3,1894.454
02/28/2038,8,196,Clothing,173.57,10,0.03,3.1,1683.629
03/01/2038,4,135,Electronics,283.29,7,0.23,3.8,1526.9331
03/02/2038,10,127,Grocery,179.52,7,0.24,3.3,955.0464
03/03/2038,12,115,Furniture,214.04,1,0.25,1.2,160.53
03/04/2038,14,115,Grocery,400.79,13,0.18,3.2,4272.4214
03/05/2038,16,117,Furniture,89.43,5,0.15,3.6,380.0775
03/06/2038,18,107,Clothing,313.37,3,0.08,3.6,864.9012
03/07/2038,12,179,Furniture,257.74,13,0.2,3.9,2680.496
03/08/2038,18,174,Clothing,159.49,12,0.13,3.1,1665.0756
03/09/2038,7,169,Grocery,366.49,18,0.29,4.6,4683.7422
03/10/2038,7,100,Electronics,280.08,5,0.29,2.9,994.284
03/11/2038,9,161,Clothing,243.91,5,0.27,3.1,890.2715
03/12/2038,1,175,Grocery,337.16,2,0.11,4.1,600.1448
03/13/2038,6,137,Grocery,403.12,6,0.11,4.3,2152.6608
03/14/2038,6,191,Furniture,486.61,7,0.26,3.6,2520.6398
03/15/2038,12,144,Clothing,318.38,1,0.22,1.5,248.3364
03/16/2038,12,157,Grocery,438.48,3,0.21,2.3,1039.1976
03/17/2038,10,180,Electronics,10.53,2,0.08,1.1,19.3752
03/18/2038,6,100,Furniture,269.82,10,0.25,2.2,2023.65
03/19/2038,17,131,Furniture,115.18,11,0.17,3.3,1051.5934
03/20/2038,19,107,Grocery,56.15,13,0.13,4.2,635.0565
03/21/2038,18,139,Clothing,270.67,16,0.26,3.3,3204.7328
03/22/2038,6,155,Furniture,375.94,11,0.12,1.2,3639.0992
03/23/2038,19,162,Clothing,212.01,18,0.2,2,3052.944
03/24/2038,10,187,Grocery,338.35,11,0.14,3.3,3200.791
03/25/2038,8,173,Grocery,249.96,1,0.18,3.8,204.9672
03/26/2038,6,173,Clothing,224.17,18,0.01,4.5,3994.7094
03/27/2038,7,135,Electronics,152.23,5,0.14,4.9,654.589
03/28/2038,1,188,Furniture,197.47,2,0.17,4.6,327.8002
03/29/2038,18,156,Grocery,181.4,18,0.15,2.9,2775.42
03/30/2038,12,173,Electronics,326.63,7,0.25,4,1714.8075
03/31/2038,16,182,Electronics,66.85,11,0.09,2,669.1685
04/01/2038,10,144,Clothing,55.39,11,0.27,1.3,444.7817
04/02/2038,10,178,Clothing,333.41,13,0.12,1.2,3814.2104
04/03/2038,14,179,Clothing,277.69,4,0.21,2,877.5004
04/04/2038,10,101,Electronics,220.8,1,0.03,1.2,214.176
04/05/2038,10,192,Furniture,84.7,18,0.06,4.4,1433.124
04/06/2038,11,167,Clothing,211.4,12,0.23,3,1953.336
04/07/2038,2,149,Furniture,396.97,10,0,4.2,3969.7
04/08/2038,8,128,Clothing,445.91,8,0.29,4.8,2532.7688
04/09/2038,7,194,Electronics,354.26,3,0.06,5,999.0132
04/10/2038,8,180,Furniture,39.36,7,0.27,4.7,201.1296
04/11/2038,1,109,Furniture,338.5,11,0.15,3.9,3164.975
04/12/2038,2,126,Electronics,128.08,7,0.17,2.8,744.1448
04/13/2038,18,114,Furniture,164.47,7,0.03,3.4,1116.7513
04/14/2038,15,159,Electronics,105.98,9,0.11,4.3,848.8998
04/15/2038,1,130,Electronics,390.12,3,0.05,4.6,1111.842
04/16/2038,5,120,Grocery,327.82,11,0.16,4.8,3029.0568
04/17/2038,2,159,Clothing,309.8,17,0.17,3.9,4371.278
04/18/2038,3,157,Grocery,337.31,8,0.21,3.2,2131.7992
04/19/2038,19,140,Electronics,126.02,2,0.26,4.9,186.5096
04/20/2038,18,145,Electronics,227.88,1,0.14,4.8,195.9768
04/21/2038,18,144,Furniture,320.29,16,0.07,2.9,4765.9152
04/22/2038,14,125,Electronics,321.93,4,0.1,3.6,1158.948
04/23/2038,8,150,Electronics,398.01,9,0.25,4.2,2686.5675
04/24/2038,12,135,Electronics,150.68,8,0.04,2.7,1157.2224
04/25/2038,10,151,Clothing,387.46,1,0.19,4.3,313.8426
04/26/2038,17,180,Grocery,225.69,8,0,1.4,1805.52
04/27/2038,11,150,Grocery,338.38,5,0.07,2.9,1573.467
04/28/2038,2,102,Clothing,233.3,1,0.18,2.9,191.306
04/29/2038,4,113,Clothing,474.82,7,0.14,3.7,2858.4164
04/30/2038,1,148,Clothing,97.86,15,0.15,1.5,1247.715
05/01/2038,15,176,Grocery,340.75,7,0.2,1.4,1908.2
05/02/2038,13,190,Grocery,292.5,1,0.07,4.6,272.025
05/03/2038,8,100,Electronics,94.64,9,0.08,2.2,783.6192
05/04/2038,4,156,Grocery,42.34,1,0.21,2.3,33.4486
05/05/2038,10,116,Furniture,401.58,12,0.16,4.1,4047.9264
05/06/2038,19,149,Grocery,87.15,7,0,2.7,610.05
05/07/2038,18,197,Clothing,101.39,9,0.2,4.3,730.008
05/08/2038,5,113,Grocery,489.43,5,0.19,2.6,1982.1915
05/09/2038,19,158,Electronics,361.46,12,0.02,4,4250.7696
05/10/2038,16,180,Grocery,132.74,2,0.22,3.1,207.0744
05/11/2038,1,102,Clothing,299.56,18,0.16,4.7,4529.3472
05/12/2038,12,197,Furniture,271.71,9,0.06,2.3,2298.6666
05/13/2038,2,139,Clothing,423.79,1,0.17,2.5,351.7457
05/14/2038,8,188,Furniture,367.37,10,0.18,4.9,3012.434
05/15/2038,18,165,Electronics,417.54,14,0.28,4,4208.8032
05/16/2038,16,133,Electronics,113.64,14,0.22,4.1,1240.9488
05/17/2038,5,189,Grocery,323.71,7,0.09,2.2,2062.0327
05/18/2038,13,194,Electronics,29.72,12,0.04,3.1,342.3744
05/19/2038,19,108,Electronics,43.78,6,0.26,2.3,194.3832
05/20/2038,3,193,Clothing,359.63,13,0.25,2,3506.3925
05/21/2038,8,183,Clothing,21.97,8,0.05,3.1,166.972
05/22/2038,12,120,Grocery,294.08,2,0.02,5,576.3968
05/23/2038,2,192,Grocery,421.8,10,0.21,1.9,3332.22
05/24/2038,11,124,Grocery,196.17,6,0.22,2,918.0756
05/25/2038,12,143,Grocery,31.97,16,0.05,2,485.944
05/26/2038,18,124,Clothing,359.79,10,0.2,4.2,2878.32
05/27/2038,13,108,Grocery,465.55,15,0.08,3,6424.59
05/28/2038,5,161,Grocery,361.41,10,0.08,2.5,3324.972
05/29/2038,12,125,Electronics,293.44,11,0.1,4.4,2905.056
05/30/2038,2,156,Grocery,122.71,2,0.16,2.2,206.1528
05/31/2038,5,136,Furniture,17.53,10,0.24,2.6,133.228
06/01/2038,7,115,Electronics,350.39,12,0.15,1.3,3573.978
06/02/2038,12,136,Clothing,123.2,11,0.09,1.5,1233.232
06/03/2038,16,175,Furniture,430.5,15,0.27,1.5,4713.975
06/04/2038,8,123,Grocery,238.52,4,0.02,2.4,934.9984
06/05/2038,9,125,Electronics,270.01,5,0.24,3.1,1026.038
06/06/2038,15,119,Grocery,379.43,1,0.24,1,288.3668
06/07/2038,5,108,Electronics,391.92,1,0.08,1.8,360.5664
06/08/2038,13,186,Grocery,324.9,10,0.06,1.7,3054.06
06/09/2038,5,128,Furniture,469.83,4,0.26,2,1390.6968
06/10/2038,11,130,Clothing,491.33,13,0.17,1.7,5301.4507
06/11/2038,10,118,Furniture,473.97,14,0.01,1.8,6569.2242
06/12/2038,13,119,Furniture,413.85,19,0.27,4.9,5740.0995
06/13/2038,9,186,Clothing,355.76,5,0.1,3.4,1600.92
06/14/2038,14,126,Electronics,335.03,11,0.1,4.1,3316.797
06/15/2038,18,193,Electronics,60.84,8,0.19,4.3,394.2432
06/16/2038,15,184,Clothing,143.03,1,0.2,3.7,114.424
06/17/2038,10,143,Grocery,12.79,5,0.11,3.8,56.9155
06/18/2038,7,134,Electronics,77.33,18,0.04,3.5,1336.2624
06/19/2038,8,170,Furniture,225.22,13,0.17,3.6,2430.1238
06/20/2038,3,121,Clothing,81.8,5,0.19,4.7,331.29
06/21/2038,15,173,Furniture,451.82,7,0.26,1.7,2340.4276
06/22/2038,16,186,Electronics,404.79,12,0.15,2.1,4128.858
06/23/2038,4,114,Clothing,45.09,2,0.19,1.4,73.0458
06/24/2038,6,193,Clothing,131.97,13,0.02,4.3,1681.2978
06/25/2038,1,197,Electronics,411.35,14,0.27,2.8,4203.997
06/26/2038,4,112,Electronics,403.49,6,0.1,4.6,2178.846
06/27/2038,11,103,Clothing,473.27,16,0.19,2.6,6133.5792
06/28/2038,12,181,Grocery,498.8,10,0.27,2.8,3641.24
06/29/2038,5,155,Clothing,488.37,11,0.24,2.8,4082.7732
06/30/2038,16,122,Grocery,210.97,1,0.19,3.4,170.8857
07/01/2038,13,196,Furniture,132.66,15,0.21,4.1,1572.021
07/02/2038,13,197,Grocery,381.62,16,0.28,2.4,4396.2624
07/03/2038,17,133,Grocery,156.64,10,0.24,3.5,1190.464
07/04/2038,7,199,Electronics,405.14,10,0.18,1.8,3322.148
07/05/2038,8,198,Clothing,271.64,3,0.2,3.2,651.936
07/06/2038,13,116,Furniture,399.02,11,0.04,3.2,4213.6512
07/07/2038,16,127,Clothing,145.18,11,0.14,4.6,1373.4028
07/08/2038,4,113,Grocery,258.93,16,0.09,4.6,3770.0208
07/09/2038,8,133,Grocery,286.37,6,0.13,2.9,1494.8514
07/10/2038,16,174,Grocery,472.12,9,0.2,1.1,3399.264
07/11/2038,10,156,Clothing,140.63,1,0.04,4.4,135.0048
07/12/2038,12,176,Grocery,468.98,6,0.01,1,2785.7412
07/13/2038,12,196,Clothing,404.38,18,0.12,2.9,6405.3792
07/14/2038,5,154,Furniture,368.14,13,0.1,1.1,4307.238
07/15/2038,16,165,Furniture,395.57,2,0.13,2.4,688.2918
07/16/2038,1,197,Clothing,306.66,19,0.28,3.5,4195.1088
07/17/2038,9,192,Furniture,129.6,2,0.21,2.5,204.768
07/18/2038,12,136,Electronics,102.85,4,0.1,4.7,370.26
07/19/2038,5,167,Grocery,434.51,4,0.05,3.6,1651.138
07/20/2038,3,175,Grocery,365.32,10,0.19,3.6,2959.092
07/21/2038,5,125,Grocery,114.47,17,0.2,2.5,1556.792
07/22/2038,2,160,Electronics,311.4,16,0.15,1.2,4235.04
07/23/2038,14,191,Grocery,229.3,8,0.06,4,1724.336
07/24/2038,2,166,Clothing,87.74,6,0.01,3.9,521.1756
07/25/2038,13,183,Grocery,270.61,2,0.08,3.1,497.9224
07/26/2038,7,173,Clothing,147.94,15,0.14,2.7,1908.426
07/27/2038,10,151,Furniture,57.16,11,0.24,3.2,477.8576
07/28/2038,13,117,Clothing,238.81,16,0.26,4,2827.5104
07/29/2038,16,152,Clothing,299.15,4,0.12,3.9,1053.008
07/30/2038,14,162,Clothing,32.98,11,0.24,3.6,275.7128
07/31/2038,11,152,Grocery,207.03,14,0.3,4.6,2028.894
08/01/2038,10,126,Electronics,136.25,8,0.21,3.4,861.1
08/02/2038,6,130,Electronics,25.02,6,0.22,1.1,117.0936
08/03/2038,4,190,Clothing,71.57,19,0.27,3.5,992.6759
08/04/2038,1,100,Grocery,78.13,4,0.1,3.5,281.268
08/05/2038,7,105,Electronics,99.61,4,0,1.3,398.44
08/06/2038,9,110,Furniture,403.66,6,0.3,2.7,1695.372
08/07/2038,8,133,Furniture,225.35,11,0.15,3.6,2107.0225
08/08/2038,5,183,Grocery,82.07,1,0.24,3.8,62.3732
08/09/2038,19,162,Furniture,59.15,2,0.24,4.6,89.908
08/10/2038,10,152,Furniture,155.99,9,0.12,4.4,1235.4408
08/11/2038,11,184,Furniture,401.03,16,0.16,1.5,5389.8432
08/12/2038,15,184,Electronics,188.59,6,0.16,3.4,950.4936
08/13/2038,6,117,Furniture,88.35,9,0.07,3.4,739.4895
08/14/2038,15,120,Clothing,208.02,19,0.04,2.2,3794.2848
08/15/2038,5,118,Clothing,282.1,5,0.16,1.7,1184.82
08/16/2038,19,103,Furniture,24.5,10,0.04,1.8,235.2
08/17/2038,19,176,Clothing,317.54,7,0.1,1.7,2000.502
08/18/2038,10,181,Electronics,203.6,2,0.06,4.2,382.768
08/19/2038,12,128,Grocery,14.77,4,0.21,1.6,46.6732
08/20/2038,4,124,Clothing,340.21,8,0.26,2.1,2014.0432
08/21/2038,18,155,Furniture,359.07,3,0.17,1.9,894.0843
08/22/2038,16,176,Grocery,318.13,2,0.12,3.9,559.9088
08/23/2038,8,162,Grocery,177.55,9,0.3,1.6,1118.565
08/24/2038,4,126,Furniture,269.51,11,0.01,1.1,2934.9639
08/25/2038,12,159,Clothing,199.71,4,0.09,2.5,726.9444
08/26/2038,2,182,Electronics,353.3,9,0.08,2.2,2925.324
08/27/2038,4,148,Clothing,295.95,6,0.11,2.6,1580.373
08/28/2038,5,164,Clothing,50.08,1,0.07,4,46.5744
08/29/2038,3,137,Electronics,325.12,3,0.08,1,897.3312
08/30/2038,9,182,Grocery,346.75,7,0.08,1.2,2233.07
08/31/2038,18,151,Electronics,191.64,9,0.15,2,1466.046
09/01/2038,11,100,Electronics,439.14,8,0.12,4.6,3091.5456
09/02/2038,3,139,Furniture,423.08,13,0.19,1.7,4455.0324
09/03/2038,2,180,Furniture,95.83,18,0.15,5,1466.199
09/04/2038,9,120,Clothing,453.09,19,0.06,4.2,8092.1874
09/05/2038,14,185,Furniture,226.03,9,0.24,2.8,1546.0452
09/06/2038,4,114,Electronics,364.64,6,0.14,4,1881.5424
09/07/2038,9,149,Electronics,408.91,12,0.05,3.1,4661.574
09/08/2038,13,147,Furniture,257.51,4,0.05,3.3,978.538
09/09/2038,18,131,Furniture,205.56,9,0.24,3.3,1406.0304
09/10/2038,15,148,Furniture,458.57,10,0.21,3.6,3622.703
09/11/2038,10,167,Electronics,123.12,3,0.15,1.2,313.956
09/12/2038,16,144,Grocery,135.92,17,0.09,3.5,2102.6824
09/13/2038,12,131,Grocery,187.19,7,0.14,3.9,1126.8838
09/14/2038,5,103,Furniture,431.14,8,0.19,2.2,2793.7872
09/15/2038,2,164,Clothing,470.01,11,0.26,4.9,3825.8814
09/16/2038,10,196,Clothing,117.83,13,0.17,1.6,1271.3857
09/17/2038,1,170,Grocery,433.3,3,0.08,4.6,1195.908
09/18/2038,7,172,Furniture,136.52,19,0.01,3.7,2567.9412
09/19/2038,17,164,Electronics,485.61,14,0.05,3.7,6458.613
09/20/2038,16,179,Clothing,302.73,16,0.2,4.5,3874.944
09/21/2038,3,117,Clothing,13.47,15,0.05,4.3,191.9475
09/22/2038,14,153,Electronics,26.72,2,0.14,2.4,45.9584
09/23/2038,10,146,Electronics,82.27,6,0.21,3.8,389.9598
09/24/2038,7,105,Furniture,101.91,7,0.09,1.2,649.1667
09/25/2038,17,165,Electronics,386.13,9,0.2,2.9,2780.136
09/26/2038,6,108,Electronics,119.16,9,0.17,4.8,890.1252
09/27/2038,4,167,Electronics,484.88,17,0.13,2.1,7171.3752
09/28/2038,17,122,Grocery,321.69,3,0.27,1.2,704.5011
09/29/2038,9,142,Electronics,349.33,4,0.21,3.3,1103.8828
09/30/2038,4,150,Clothing,116.73,2,0.11,2.4,207.7794
10/01/2038,7,171,Furniture,447.43,1,0.24,2.5,340.0468
10/02/2038,2,124,Furniture,337.23,10,0.22,3.3,2630.394
10/03/2038,17,179,Furniture,433.56,3,0.24,3.5,988.5168
10/04/2038,8,134,Grocery,478.68,10,0.19,2.7,3877.308
10/05/2038,15,116,Clothing,71.56,9,0.11,3,573.1956
10/06/2038,15,117,Electronics,57.33,17,0.1,5,877.149
10/07/2038,8,126,Clothing,403.67,15,0.2,4.8,4844.04
10/08/2038,16,114,Furniture,434.4,3,0.04,3.8,1251.072
10/09/2038,19,180,Electronics,296.04,3,0.25,1.6,666.09
10/10/2038,11,168,Furniture,189.34,4,0.11,2.4,674.0504
10/11/2038,2,179,Furniture,329.79,4,0.19,4.5,1068.5196
10/12/2038,17,114,Furniture,159.78,17,0.15,2.7,2308.821
10/13/2038,16,141,Clothing,126.81,6,0.16,4.8,639.1224
10/14/2038,15,133,Clothing,249.19,11,0.22,3,2138.0502
10/15/2038,13,147,Furniture,115.92,12,0.19,4.4,1126.7424
10/16/2038,15,182,Furniture,247.01,7,0.08,1.1,1590.7444
10/17/2038,4,107,Electronics,478.74,13,0.02,2.7,6099.1476
10/18/2038,16,109,Furniture,421.49,6,0.25,3.8,1896.705
10/19/2038,12,104,Furniture,471.4,3,0.27,4.5,1032.366
10/20/2038,4,147,Furniture,405.1,14,0.05,3.4,5387.83
10/21/2038,3,125,Furniture,183.83,14,0.09,1.7,2341.9942
10/22/2038,17,185,Clothing,407.9,10,0.08,4.5,3752.68
10/23/2038,18,122,Furniture,462.23,5,0.28,3.3,1664.028
10/24/2038,18,161,Grocery,474.05,2,0.06,1.4,891.214
10/25/2038,17,112,Furniture,344.77,6,0.05,2.9,1965.189
10/26/2038,12,108,Clothing,113.57,11,0.05,3.8,1186.8065
10/27/2038,4,119,Grocery,29.47,18,0.22,2.8,413.7588
10/28/2038,12,191,Grocery,82.13,11,0.27,4.5,659.5039
10/29/2038,15,156,Furniture,483.12,15,0.12,2.7,6377.184
10/30/2038,16,123,Furniture,236.43,3,0.04,3.3,680.9184
10/31/2038,5,132,Clothing,428.94,2,0.18,1.8,703.4616
11/01/2038,15,119,Grocery,237.87,7,0.06,3.1,1565.1846
11/02/2038,17,159,Grocery,333.8,5,0.02,1.9,1635.62
11/03/2038,18,147,Clothing,21.83,13,0.27,1.9,207.1667
11/04/2038,5,163,Furniture,132.43,8,0.26,2.1,783.9856
11/05/2038,13,129,Electronics,223.77,9,0.29,1.2,1429.8903
11/06/2038,19,172,Electronics,319.01,8,0.14,1.7,2194.7888
11/07/2038,13,116,Grocery,94.05,10,0.09,2.7,855.855
11/08/2038,18,199,Grocery,384.63,2,0.23,1.5,592.3302
11/09/2038,14,113,Furniture,188.56,10,0.05,1.5,1791.32
11/10/2038,4,118,Electronics,410.54,11,0.07,4.9,4199.8242
11/11/2038,4,170,Grocery,58,11,0.08,2.7,586.96
11/12/2038,19,158,Furniture,343.08,5,0.29,2.6,1217.934
11/13/2038,13,166,Electronics,153.73,14,0.22,2.1,1678.7316
11/14/2038,12,196,Clothing,399.74,3,0.04,3,1151.2512
11/15/2038,7,143,Grocery,207.06,2,0.03,3.4,401.6964
11/16/2038,12,131,Clothing,336.02,18,0.25,2.7,4536.27
11/17/2038,4,110,Electronics,467.81,1,0.24,2.6,355.5356
11/18/2038,2,101,Furniture,20.11,1,0.2,3.8,16.088
11/19/2038,2,189,Furniture,15.45,17,0.06,4.8,246.891
11/20/2038,5,167,Electronics,387.44,6,0.14,4.5,1999.1904
11/21/2038,10,116,Clothing,326.73,13,0.18,1.5,3482.9418
11/22/2038,10,180,Furniture,153.56,1,0.28,3.6,110.5632
11/23/2038,9,191,Grocery,252.25,6,0.05,1,1437.825
11/24/2038,13,193,Clothing,30.55,8,0.15,3.5,207.74
11/25/2038,7,139,Clothing,104.3,13,0.05,2.9,1288.105
11/26/2038,5,186,Grocery,218,2,0.13,3,379.32
11/27/2038,10,145,Electronics,418.68,8,0.06,3.4,3148.4736
11/28/2038,10,187,Furniture,245.04,1,0.25,4,183.78
11/29/2038,6,192,Clothing,297.32,13,0.08,3.9,3555.9472
11/30/2038,19,103,Furniture,438.14,1,0.13,1.2,381.1818
12/01/2038,8,137,Furniture,161.32,10,0.12,3.9,1419.616
12/02/2038,1,162,Clothing,353.34,5,0.26,4.3,1307.358
12/03/2038,17,128,Electronics,432.22,13,0.23,1.3,4326.5222
12/04/2038,7,118,Clothing,109.28,5,0.02,2.3,535.472
12/05/2038,14,190,Electronics,184.67,10,0.02,4.2,1809.766
12/06/2038,17,128,Grocery,490.11,3,0.17,3,1220.3739
12/07/2038,9,199,Electronics,491.78,2,0.13,3.8,855.6972
12/08/2038,17,134,Electronics,119.38,2,0.08,3,219.6592
12/09/2038,5,169,Clothing,42.56,5,0.24,4.9,161.728
12/10/2038,8,122,Furniture,142.75,4,0.04,4.7,548.16
12/11/2038,6,145,Furniture,204.89,2,0.29,2.1,290.9438
12/12/2038,11,143,Electronics,226.09,9,0.01,2.5,2014.4619
12/13/2038,19,147,Electronics,313.22,9,0.04,2.7,2706.2208
12/14/2038,4,151,Clothing,450.76,9,0.09,1.4,3691.7244
12/15/2038,18,107,Electronics,171.87,4,0.15,2.6,584.358
12/16/2038,1,154,Clothing,426.49,8,0.06,4.1,3207.2048
12/17/2038,13,165,Grocery,55.8,18,0.22,4.4,783.432
12/18/2038,14,176,Electronics,30.52,9,0.11,4.5,244.4652
12/19/2038,1,139,Grocery,256.98,3,0.01,1.1,763.2306
12/20/2038,11,184,Electronics,39.23,6,0.26,4.2,174.1812
12/21/2038,17,130,Electronics,202.32,19,0.28,3,2767.7376
12/22/2038,4,147,Grocery,449.42,5,0.19,1.8,1820.151
12/23/2038,12,199,Grocery,128.33,17,0.24,3,1658.0236
12/24/2038,10,160,Clothing,355.93,19,0.04,4.4,6492.1632
12/25/2038,6,151,Clothing,158.16,3,0.08,2.7,436.5216
12/26/2038,1,137,Grocery,32.01,8,0.1,5,230.472
12/27/2038,7,190,Electronics,282.78,9,0.29,3.5,1806.9642
12/28/2038,16,135,Clothing,419.08,8,0.15,3,2849.744
12/29/2038,14,186,Electronics,210.64,14,0,2.2,2948.96
12/30/2038,6,154,Furniture,312.47,10,0.11,1,2780.983
12/31/2038,5,184,Clothing,451.01,17,0,3.4,7667.17
01/01/2039,18,112,Clothing,396.95,3,0.07,3.3,1107.4905
01/02/2039,15,136,Clothing,105,3,0.14,3.1,270.9
01/03/2039,6,146,Furniture,369.36,3,0.1,3.2,997.272
01/04/2039,19,189,Grocery,255.93,4,0.01,4.4,1013.4828
01/05/2039,1,170,Electronics,375.52,17,0.03,2.3,6192.3248
01/06/2039,1,121,Furniture,252.31,14,0.17,3.2,2931.8422
01/07/2039,13,138,Grocery,72.7,2,0.21,3.7,114.866
01/08/2039,3,186,Clothing,289.26,12,0.12,1.8,3054.5856
01/09/2039,10,157,Grocery,251.15,5,0.22,4.7,979.485
01/10/2039,3,129,Grocery,263.78,2,0.05,3.9,501.182
01/11/2039,9,117,Grocery,440.66,12,0.04,1.2,5076.4032
01/12/2039,8,117,Electronics,448.47,9,0.25,4.5,3027.1725
01/13/2039,3,173,Grocery,232.23,9,0.1,4.7,1881.063
01/14/2039,13,138,Grocery,233.31,1,0.13,4.2,202.9797
01/15/2039,6,193,Grocery,262.44,7,0.28,2.7,1322.6976
01/16/2039,13,125,Grocery,264.6,18,0.13,5,4143.636
01/17/2039,12,170,Furniture,475.69,10,0,1.5,4756.9
01/18/2039,13,106,Furniture,328.21,15,0.28,3.1,3544.668
01/19/2039,2,168,Grocery,145.95,9,0,1.7,1313.55
01/20/2039,16,164,Grocery,270.45,11,0.2,2.8,2379.96
01/21/2039,6,145,Grocery,317.34,1,0.1,4.7,285.606
01/22/2039,19,117,Clothing,323.49,11,0.14,4.2,3060.2154
01/23/2039,13,112,Grocery,296.77,1,0.16,4.1,249.2868
01/24/2039,17,124,Grocery,97.09,5,0.12,2.4,427.196
01/25/2039,9,107,Furniture,26.46,18,0.23,4.7,366.7356
01/26/2039,17,173,Furniture,175.54,1,0.28,2.5,126.3888
01/27/2039,2,131,Furniture,219.49,10,0.03,1.2,2129.053
01/28/2039,19,116,Electronics,40.28,13,0.24,3.6,397.9664
01/29/2039,19,178,Clothing,409.33,8,0.04,2.5,3143.6544
01/30/2039,7,178,Grocery,178.6,13,0.02,1.6,2275.364
01/31/2039,10,147,Furniture,457.68,2,0.29,4.7,649.9056
02/01/2039,10,162,Electronics,85.66,12,0.15,3.5,873.732
02/02/2039,9,139,Grocery,37.9,13,0.05,4.8,468.065
02/03/2039,17,183,Grocery,246.33,8,0.17,3.3,1635.6312
02/04/2039,15,114,Furniture,102.67,15,0.08,1.3,1416.846
02/05/2039,2,198,Grocery,469.33,7,0.14,1.1,2825.3666
02/06/2039,4,105,Grocery,15.05,7,0.19,4.6,85.3335
02/07/2039,19,193,Grocery,212.18,17,0.26,1.2,2669.2244
02/08/2039,17,162,Furniture,464.11,19,0,3.5,8818.09
02/09/2039,5,107,Electronics,198.36,3,0.06,2.2,559.3752
02/10/2039,7,194,Grocery,55.62,7,0.03,3.8,377.6598
02/11/2039,18,131,Electronics,158.42,12,0.03,2.1,1844.0088
02/12/2039,7,144,Grocery,254.03,14,0.28,1.1,2560.6224
02/13/2039,17,151,Furniture,100.72,2,0.28,3.9,145.0368
02/14/2039,7,178,Electronics,238.62,7,0.22,2.2,1302.8652
02/15/2039,4,181,Furniture,419.81,16,0.19,3.2,5440.7376
02/16/2039,8,112,Clothing,437.58,9,0.25,4.1,2953.665
02/17/2039,13,123,Grocery,34.14,1,0.02,3.8,33.4572
02/18/2039,4,139,Clothing,88.84,12,0.04,2.4,1023.4368
02/19/2039,6,113,Clothing,144.89,2,0.1,4,260.802
02/20/2039,5,191,Clothing,301.48,18,0.25,4.7,4069.98
02/21/2039,12,174,Grocery,186.89,14,0.14,3.4,2250.1556
02/22/2039,4,169,Furniture,423.58,12,0.15,3.8,4320.516
02/23/2039,9,161,Clothing,361.17,18,0.07,4.5,6045.9858
02/24/2039,4,188,Electronics,59.22,5,0.19,4.4,239.841
02/25/2039,19,160,Grocery,316.03,7,0.27,2.4,1614.9133
02/26/2039,14,100,Furniture,65.38,4,0.1,5,235.368
02/27/2039,5,188,Furniture,134.97,13,0.19,1.1,1421.2341
02/28/2039,18,165,Clothing,97.16,16,0.1,4.9,1399.104
03/01/2039,10,131,Grocery,94.8,16,0.24,2,1152.768
03/02/2039,19,112,Clothing,312.03,19,0.14,2.8,5098.5702
03/03/2039,12,132,Electronics,286.17,4,0.1,4.5,1030.212
03/04/2039,18,131,Furniture,96.25,1,0.13,2,83.7375
03/05/2039,17,155,Furniture,495.18,13,0.03,1.9,6244.2198
03/06/2039,11,123,Grocery,216.7,9,0.26,3.6,1443.222
03/07/2039,3,190,Furniture,57.56,10,0.29,3.8,408.676
03/08/2039,17,103,Grocery,69.08,6,0.14,1,356.4528
03/09/2039,1,187,Clothing,296.11,7,0.07,2.8,1927.6761
03/10/2039,15,122,Electronics,489.74,16,0.2,3,6268.672
03/11/2039,9,128,Grocery,290.26,17,0.14,2.1,4243.6012
03/12/2039,15,197,Clothing,475.03,1,0.08,3.2,437.0276
03/13/2039,3,120,Electronics,227.63,9,0.01,1.6,2028.1833
03/14/2039,19,129,Furniture,223.56,14,0.27,2.3,2284.7832
03/15/2039,13,189,Electronics,255,15,0.24,3.9,2907
03/16/2039,12,119,Electronics,351.74,4,0.25,4.5,1055.22
03/17/2039,1,115,Electronics,190.13,8,0.13,3.4,1323.3048
03/18/2039,17,166,Furniture,433.3,15,0.23,1.3,5004.615
03/19/2039,13,148,Grocery,24.35,4,0.17,3.7,80.842
03/20/2039,1,157,Grocery,225.48,19,0.11,4.6,3812.8668
03/21/2039,10,143,Electronics,260.39,3,0.25,3,585.8775
03/22/2039,15,124,Clothing,307.45,8,0.3,3,1721.72
03/23/2039,7,122,Clothing,145.28,2,0.27,5,212.1088
03/24/2039,18,158,Electronics,219.47,8,0.23,3.5,1351.9352
03/25/2039,16,100,Electronics,247.42,8,0.22,4.2,1543.9008
03/26/2039,14,196,Clothing,346.59,17,0.2,3.6,4713.624
03/27/2039,18,114,Electronics,389.04,16,0.26,1.9,4606.2336
03/28/2039,7,180,Electronics,371.54,16,0.15,2.1,5052.944
03/29/2039,17,197,Grocery,177.38,16,0.05,3.7,2696.176
03/30/2039,18,180,Grocery,499.73,7,0.23,2.8,2693.5447
03/31/2039,12,151,Electronics,425.85,15,0.28,2.6,4599.18
04/01/2039,8,157,Electronics,137.41,17,0.1,1.1,2102.373
04/02/2039,2,140,Furniture,105.6,3,0.23,4.5,243.936
04/03/2039,7,143,Grocery,163.87,1,0.08,4.5,150.7604
04/04/2039,4,103,Electronics,231.65,8,0.28,2.8,1334.304
04/05/2039,18,176,Furniture,426.89,7,0.21,3.8,2360.7017
04/06/2039,6,167,Furniture,391.4,18,0.17,1.7,5847.516
04/07/2039,9,106,Furniture,427.11,5,0.23,3,1644.3735
04/08/2039,9,145,Furniture,143.26,15,0.24,2.8,1633.164
04/09/2039,14,108,Grocery,300.8,7,0.27,3.6,1537.088
04/10/2039,8,186,Furniture,148.79,10,0.27,2.9,1086.167
04/11/2039,19,132,Grocery,63.42,16,0.02,3,994.4256
04/12/2039,3,132,Furniture,345.26,2,0.04,2.2,662.8992
04/13/2039,18,183,Furniture,80.07,18,0.25,1.2,1080.945
04/14/2039,5,103,Clothing,337.17,15,0.28,4.7,3641.436
04/15/2039,14,164,Grocery,327.5,19,0.09,1,5662.475
04/16/2039,4,133,Clothing,407.02,14,0,2.1,5698.28
04/17/2039,7,190,Clothing,78.38,2,0.1,2.8,141.084
04/18/2039,12,184,Furniture,393.91,18,0.11,2.3,6310.4382
04/19/2039,2,187,Grocery,499.65,9,0.23,3.2,3462.5745
04/20/2039,11,178,Electronics,427.01,1,0.01,2.8,422.7399
04/21/2039,14,198,Furniture,378.39,16,0.06,2,5690.9856
04/22/2039,16,163,Grocery,334.46,12,0.27,1.4,2929.8696
04/23/2039,6,124,Clothing,216.67,12,0.05,1.6,2470.038
04/24/2039,4,154,Grocery,367.95,19,0.23,2.9,5383.1085
04/25/2039,15,108,Furniture,364.85,10,0.11,4.4,3247.165
04/26/2039,1,116,Grocery,319.43,5,0.2,1.4,1277.72
04/27/2039,7,120,Clothing,400.18,3,0.02,3.7,1176.5292
04/28/2039,12,159,Grocery,229.89,9,0.09,4.2,1882.7991
04/29/2039,10,112,Grocery,69.41,15,0.13,2.1,905.8005
04/30/2039,5,102,Clothing,283.94,14,0.26,3.7,2941.6184
05/01/2039,12,167,Furniture,139.87,11,0.17,3.7,1277.0131
05/02/2039,18,103,Electronics,198.37,13,0.01,3.8,2553.0219
05/03/2039,10,191,Clothing,18.53,7,0.24,4.6,98.5796
05/04/2039,6,106,Clothing,197.57,2,0.02,2.6,387.2372
05/05/2039,12,125,Furniture,406.31,3,0.28,2,877.6296
05/06/2039,7,174,Furniture,275.93,8,0.06,3.2,2074.9936
05/07/2039,18,123,Grocery,14.8,1,0.15,1.3,12.58
05/08/2039,2,109,Clothing,240.22,4,0.02,2.3,941.6624
05/09/2039,10,112,Grocery,152.81,13,0.17,4.5,1648.8199
05/10/2039,15,143,Grocery,244,14,0.15,3.1,2903.6
05/11/2039,12,138,Furniture,208.3,9,0.12,2.7,1649.736
05/12/2039,17,118,Furniture,466.67,3,0.01,2.1,1386.0099
05/13/2039,4,150,Grocery,30.18,14,0.26,2,312.6648
05/14/2039,7,118,Clothing,344.96,4,0.24,1.9,1048.6784
05/15/2039,9,175,Clothing,427,17,0.19,4.3,5879.79
05/16/2039,19,151,Grocery,480.03,15,0.17,4.9,5976.3735
05/17/2039,7,185,Electronics,97.04,12,0.21,3.1,919.9392
05/18/2039,2,146,Electronics,270.34,14,0.04,1.3,3633.3696
05/19/2039,6,129,Furniture,31.36,19,0.28,4,429.0048
05/20/2039,18,145,Clothing,254.6,10,0.09,4.5,2316.86
05/21/2039,6,175,Grocery,71.47,5,0.2,4.7,285.88
05/22/2039,13,192,Grocery,420.57,17,0.18,3.5,5862.7458
05/23/2039,19,120,Clothing,65.8,17,0.19,3,906.066
05/24/2039,2,174,Furniture,261.51,3,0.26,3.5,580.5522
05/25/2039,12,147,Furniture,265.34,16,0.09,1.1,3863.3504
05/26/2039,15,161,Electronics,486.11,9,0.22,3.6,3412.4922
05/27/2039,14,157,Clothing,330.94,17,0.18,3.8,4613.3036
05/28/2039,6,117,Clothing,151.04,12,0.02,3.9,1776.2304
05/29/2039,18,158,Grocery,127.99,2,0.12,3.3,225.2624
05/30/2039,5,190,Clothing,72.84,16,0.25,3.8,874.08
05/31/2039,18,147,Electronics,380.69,6,0.09,3.6,2078.5674
06/01/2039,3,162,Clothing,348.47,2,0.14,1.5,599.3684
06/02/2039,3,111,Grocery,308.84,9,0.15,4.6,2362.626
06/03/2039,10,186,Electronics,30.01,5,0.19,3.5,121.5405
06/04/2039,19,133,Grocery,383.79,18,0.27,3.9,5043.0006
06/05/2039,3,160,Clothing,324.52,18,0.05,2.4,5549.292
06/06/2039,12,186,Furniture,482.31,10,0.15,4.7,4099.635
06/07/2039,16,152,Clothing,297.73,10,0.13,3,2590.251
06/08/2039,17,124,Clothing,158.94,10,0.09,3.7,1446.354
06/09/2039,7,161,Grocery,196.95,18,0.28,4.8,2552.472
06/10/2039,13,103,Furniture,96.16,16,0,4.7,1538.56
06/11/2039,2,193,Clothing,364.23,6,0.04,3.6,2097.9648
06/12/2039,4,193,Electronics,356.78,12,0.22,1.7,3339.4608
06/13/2039,10,112,Electronics,108.32,4,0.08,4.8,398.6176
06/14/2039,7,141,Grocery,87.66,16,0.22,4.9,1093.9968
06/15/2039,17,148,Grocery,47.73,11,0.25,1.4,393.7725
06/16/2039,6,177,Furniture,456.87,1,0.08,2.8,420.3204
06/17/2039,19,155,Grocery,124.2,5,0.06,3.2,583.74
06/18/2039,5,146,Furniture,178.64,17,0.04,1.4,2915.4048
06/19/2039,10,107,Clothing,147.45,11,0.06,1.8,1524.633
06/20/2039,9,154,Electronics,212.68,14,0.08,3.2,2739.3184
06/21/2039,13,187,Electronics,359.88,9,0.26,4.9,2396.8008
06/22/2039,19,117,Electronics,436.59,10,0.23,1.1,3361.743
06/23/2039,6,134,Grocery,99.47,4,0,4.6,397.88
06/24/2039,4,188,Grocery,346.34,2,0.26,4.6,512.5832
06/25/2039,3,180,Clothing,182.76,6,0.02,4.4,1074.6288
06/26/2039,3,131,Grocery,490.46,3,0.2,2.5,1177.104
06/27/2039,4,123,Furniture,156.47,13,0.05,3,1932.4045
06/28/2039,5,106,Electronics,13.52,12,0.02,2.6,158.9952
06/29/2039,8,112,Clothing,262.66,18,0.23,4.8,3640.4676
06/30/2039,16,190,Furniture,83.86,6,0.14,3.1,432.7176
07/01/2039,3,168,Furniture,31.8,10,0.18,1.3,260.76
07/02/2039,12,199,Grocery,352.15,6,0.13,2.1,1838.223
07/03/2039,8,189,Grocery,368.81,5,0.02,2.8,1807.169
07/04/2039,13,141,Electronics,235.74,15,0.22,4.8,2758.158
07/05/2039,4,130,Clothing,341.67,15,0.25,3.3,3843.7875
07/06/2039,14,173,Furniture,273.74,12,0.01,3.8,3252.0312
07/07/2039,14,125,Grocery,318.6,9,0.11,1.4,2551.986
07/08/2039,13,185,Grocery,302.38,13,0.17,4.5,3262.6802
07/09/2039,6,175,Clothing,336.25,16,0.18,3.2,4411.6
07/10/2039,17,131,Clothing,107.82,2,0.17,4.7,178.9812
07/11/2039,4,190,Grocery,141.67,17,0.21,2.8,1902.6281
07/12/2039,8,196,Grocery,225.58,9,0.29,3.7,1441.4562
07/13/2039,17,151,Electronics,228.6,19,0.12,2.9,3822.192
07/14/2039,3,119,Clothing,389.46,6,0.17,1.6,1939.5108
07/15/2039,17,139,Furniture,190.02,4,0.21,2.1,600.4632
07/16/2039,9,158,Grocery,89.63,15,0.18,1.3,1102.449
07/17/2039,2,176,Grocery,133.22,18,0.12,2.8,2110.2048
07/18/2039,13,113,Grocery,115.22,12,0.19,3.6,1119.9384
07/19/2039,2,143,Grocery,368.51,12,0.2,2,3537.696
07/20/2039,11,185,Electronics,240.47,17,0.18,3,3352.1518
07/21/2039,15,181,Clothing,357.23,7,0.06,2.8,2350.5734
07/22/2039,11,147,Grocery,213.95,5,0.15,3.1,909.2875
07/23/2039,3,192,Clothing,445.97,12,0.27,1.7,3906.6972
07/24/2039,3,142,Furniture,491.92,17,0.26,3.1,6188.3536
07/25/2039,12,115,Furniture,338.22,2,0.23,2.5,520.8588
07/26/2039,5,134,Furniture,433.27,4,0.21,2.1,1369.1332
07/27/2039,7,152,Furniture,258.89,2,0.05,3.3,491.891
07/28/2039,7,133,Clothing,467.96,14,0.14,1.6,5634.2384
07/29/2039,13,102,Furniture,417.48,14,0.03,4.6,5669.3784
07/30/2039,9,167,Furniture,495.97,13,0.25,4.7,4835.7075
07/31/2039,13,104,Grocery,315.32,17,0.09,3.6,4878.0004
08/01/2039,12,109,Grocery,391.81,17,0.23,2.2,5128.7929
08/02/2039,13,151,Grocery,276.01,18,0.24,3.5,3775.8168
08/03/2039,10,128,Electronics,136.97,3,0.27,3.4,299.9643
08/04/2039,1,195,Grocery,183.83,16,0.23,2.6,2264.7856
08/05/2039,8,130,Furniture,448.06,19,0.17,2.1,7065.9062
08/06/2039,16,165,Clothing,37.41,6,0.18,1.7,184.0572
08/07/2039,13,175,Furniture,299.83,6,0.1,1.9,1619.082
08/08/2039,3,190,Clothing,192.52,18,0.05,3.6,3292.092
08/09/2039,3,168,Furniture,199.48,9,0.04,4.5,1723.5072
08/10/2039,5,136,Electronics,443.44,18,0.05,2.5,7582.824
08/11/2039,11,126,Grocery,428.37,6,0.28,1.5,1850.5584
08/12/2039,7,186,Furniture,303.43,9,0.05,1.1,2594.3265
08/13/2039,10,132,Grocery,143.73,18,0.22,2.6,2017.9692
08/14/2039,10,167,Electronics,242.97,16,0.06,1.9,3654.2688
08/15/2039,2,158,Electronics,210.06,13,0.29,2.3,1938.8538
08/16/2039,3,163,Grocery,183.27,11,0.11,2,1794.2133
08/17/2039,8,184,Grocery,60.36,8,0.12,3.7,424.9344
08/18/2039,11,187,Clothing,276.13,17,0.12,3.6,4130.9048
08/19/2039,13,143,Grocery,157.9,9,0.24,4.6,1080.036
08/20/2039,7,194,Grocery,333.8,6,0.07,3.8,1862.604
08/21/2039,13,187,Clothing,166.41,1,0.25,1.7,124.8075
08/22/2039,2,148,Furniture,221.27,1,0.2,4,177.016
08/23/2039,6,152,Clothing,35.66,13,0.07,1.7,431.1294
08/24/2039,9,173,Furniture,496.34,7,0.02,3.2,3404.8924
08/25/2039,2,148,Furniture,258.73,10,0.23,1.3,1992.221
08/26/2039,18,165,Furniture,21.88,18,0.07,1.2,366.2712
08/27/2039,16,194,Clothing,275.2,6,0.27,2.9,1205.376
08/28/2039,12,162,Clothing,436.47,13,0.04,1.4,5447.1456
08/29/2039,7,124,Electronics,388.55,5,0.18,2.2,1593.055
08/30/2039,7,103,Furniture,353.44,15,0.21,2.4,4188.264
08/31/2039,17,150,Clothing,78.34,12,0.2,4.1,752.064
09/01/2039,13,110,Electronics,332.29,11,0.09,2.3,3326.2229
09/02/2039,11,116,Furniture,385.49,8,0.26,3,2282.1008
09/03/2039,6,165,Clothing,290.49,5,0.23,4.1,1118.3865
09/04/2039,14,169,Clothing,447.45,8,0.15,1.8,3042.66
09/05/2039,6,172,Clothing,145.72,5,0.18,4.2,597.452
09/06/2039,6,168,Grocery,128.65,10,0.17,4.3,1067.795
09/07/2039,2,183,Electronics,436.09,15,0.28,5,4709.772
09/08/2039,15,128,Clothing,316.45,6,0.27,2.8,1386.051
09/09/2039,17,184,Grocery,10.71,18,0.07,2.5,179.2854
09/10/2039,8,172,Electronics,183.03,3,0.08,3.8,505.1628
09/11/2039,5,191,Electronics,430.35,9,0.29,1.2,2749.9365
09/12/2039,17,171,Grocery,23.39,10,0.07,1.2,217.527
09/13/2039,1,194,Electronics,11.59,7,0.29,2.3,57.6023
09/14/2039,18,119,Grocery,147.82,19,0.19,3.9,2274.9498
09/15/2039,15,126,Furniture,457.86,2,0.02,1.5,897.4056
09/16/2039,5,107,Clothing,451.72,8,0.1,3.5,3252.384
09/17/2039,7,184,Grocery,264.19,7,0.14,2.1,1590.4238
09/18/2039,18,160,Electronics,281.09,5,0.25,3.6,1054.0875
09/19/2039,6,127,Electronics,172.68,4,0.1,2.8,621.648
09/20/2039,5,186,Furniture,129.43,11,0.09,1.5,1295.5943
09/21/2039,19,169,Furniture,409.46,10,0.28,2,2948.112
09/22/2039,10,102,Furniture,62.08,1,0.02,1.9,60.8384
09/23/2039,15,168,Furniture,248.8,4,0.17,1.7,826.016
09/24/2039,10,172,Furniture,320.85,6,0.15,2.9,1636.335
09/25/2039,16,106,Clothing,60.8,18,0.02,4.8,1072.512
09/26/2039,12,159,Grocery,264.61,13,0.03,3.6,3336.7321
09/27/2039,18,103,Furniture,292.99,13,0.11,4.3,3389.8943
09/28/2039,1,104,Furniture,373.82,1,0.04,4.9,358.8672
09/29/2039,16,110,Clothing,125.07,4,0.14,3.2,430.2408
09/30/2039,6,114,Grocery,153.73,4,0.18,2,504.2344
10/01/2039,3,163,Furniture,289.07,18,0.21,4.7,4110.5754
10/02/2039,2,197,Grocery,491.73,18,0.16,3.8,7434.9576
10/03/2039,2,112,Grocery,116.57,18,0.11,4.8,1867.4514
10/04/2039,13,106,Clothing,493.09,15,0.04,3.6,7100.496
10/05/2039,9,105,Clothing,360.03,18,0.07,4.1,6026.9022
10/06/2039,16,155,Furniture,414.78,15,0.13,4.6,5412.879
10/07/2039,5,163,Electronics,53.92,17,0.28,4,659.9808
10/08/2039,7,149,Clothing,157.21,5,0.06,3.3,738.887
10/09/2039,13,129,Grocery,38.29,11,0.12,2.9,370.6472
10/10/2039,13,121,Grocery,192.06,16,0.22,4.3,2396.9088
10/11/2039,7,124,Furniture,490.83,2,0.21,4.1,775.5114
10/12/2039,10,127,Furniture,61.58,17,0.29,2.5,743.2706
10/13/2039,15,183,Furniture,285.56,1,0.06,3,268.4264
10/14/2039,6,138,Grocery,12.97,18,0,3.5,233.46
10/15/2039,5,166,Clothing,359.21,17,0.1,1.1,5495.913
10/16/2039,2,104,Electronics,106.62,18,0.04,2,1842.3936
10/17/2039,15,164,Clothing,73.5,19,0.16,2,1173.06
10/18/2039,16,114,Electronics,175.14,5,0.27,4.5,639.261
10/19/2039,19,189,Clothing,387.81,13,0.21,2.3,3982.8087
10/20/2039,9,166,Furniture,62.24,6,0.04,3.2,358.5024
10/21/2039,19,139,Grocery,122.62,13,0.03,4.3,1546.2382
10/22/2039,7,197,Electronics,14.15,18,0.27,2,185.931
10/23/2039,4,168,Clothing,484.52,4,0.15,1.5,1647.368
10/24/2039,3,194,Grocery,300.15,9,0.28,4.8,1944.972
10/25/2039,11,176,Electronics,362.75,3,0.22,3.8,848.835
10/26/2039,1,142,Electronics,329.18,8,0.3,1.7,1843.408
10/27/2039,6,100,Grocery,80.74,13,0.26,4.3,776.7188
10/28/2039,11,121,Furniture,301.52,11,0.12,4.1,2918.7136
10/29/2039,1,161,Grocery,74.39,10,0.23,4.4,572.803
10/30/2039,7,178,Furniture,206.61,11,0.14,2.1,1954.5306
10/31/2039,6,125,Clothing,288.79,3,0.07,2.8,805.7241
11/01/2039,14,117,Clothing,283.85,14,0.07,3.8,3695.727
11/02/2039,2,147,Grocery,68.35,14,0.12,2.6,842.072
11/03/2039,4,108,Furniture,26.87,19,0.03,1.3,495.2141
11/04/2039,11,100,Clothing,401.13,4,0.05,1.5,1524.294
11/05/2039,15,108,Furniture,365.7,1,0.15,3.4,310.845
11/06/2039,18,122,Furniture,50.09,2,0.29,2.5,71.1278
11/07/2039,1,144,Furniture,72.43,6,0.17,1,360.7014
11/08/2039,3,101,Grocery,447.37,13,0.12,4.1,5117.9128
11/09/2039,3,113,Furniture,386.87,14,0.07,2.7,5037.0474
11/10/2039,7,137,Grocery,498.12,1,0.06,2.3,468.2328
11/11/2039,1,139,Clothing,134.45,8,0.2,3.9,860.48
11/12/2039,11,162,Clothing,249.02,18,0.25,2.8,3361.77
11/13/2039,6,181,Electronics,125.87,14,0.12,3.8,1550.7184
11/14/2039,3,115,Electronics,315.17,2,0.17,1.1,523.1822
11/15/2039,19,192,Clothing,66.55,12,0.21,1,630.894
11/16/2039,2,174,Furniture,72.35,1,0.02,3.2,70.903
11/17/2039,18,105,Furniture,45.23,15,0.11,4.9,603.8205
11/18/2039,12,102,Clothing,349.86,11,0.22,2.1,3001.7988
11/19/2039,10,113,Clothing,252.1,18,0.21,3.7,3584.862
11/20/2039,5,165,Electronics,312.69,17,0.02,1.7,5209.4154
11/21/2039,9,195,Furniture,440.86,3,0.07,2.2,1229.9994
11/22/2039,2,194,Clothing,372.76,15,0.2,1.3,4473.12
11/23/2039,2,174,Electronics,236.24,13,0.08,4.5,2825.4304
11/24/2039,6,185,Electronics,492.33,3,0.24,2.2,1122.5124
11/25/2039,10,166,Furniture,233.57,13,0.01,1.9,3006.0459
11/26/2039,18,130,Electronics,65.1,9,0.06,3.9,550.746
11/27/2039,12,132,Electronics,496.4,10,0.08,1.8,4566.88
11/28/2039,4,187,Grocery,21.18,1,0.28,2,15.2496
11/29/2039,17,100,Clothing,279.44,2,0.24,1.4,424.7488
11/30/2039,15,143,Furniture,161.46,14,0.27,4.9,1650.1212
12/01/2039,6,114,Clothing,256.74,5,0.13,2,1116.819
12/02/2039,16,136,Grocery,283.77,10,0.25,5,2128.275
12/03/2039,17,126,Furniture,127.65,19,0.26,1.7,1794.759
12/04/2039,3,147,Clothing,282.86,8,0.12,1.1,1991.3344
12/05/2039,10,126,Electronics,380.47,13,0.3,4.6,3462.277
12/06/2039,5,111,Furniture,140.59,9,0.26,3.3,936.3294
12/07/2039,14,166,Grocery,197.88,18,0.29,2.4,2528.9064
12/08/2039,13,129,Electronics,141.44,4,0.26,3.1,418.6624
12/09/2039,6,195,Grocery,412.07,8,0.23,2,2538.3512
12/10/2039,12,186,Electronics,365.24,5,0.28,3.5,1314.864
12/11/2039,8,165,Clothing,436.89,6,0.13,3.5,2280.5658
12/12/2039,5,106,Clothing,93.32,5,0.24,1.3,354.616
12/13/2039,15,133,Clothing,46.05,1,0.06,4.6,43.287
12/14/2039,16,131,Grocery,68.5,19,0.22,2.8,1015.17
12/15/2039,1,138,Furniture,88.9,4,0.24,1.8,270.256
12/16/2039,16,195,Clothing,271.21,1,0.21,2.2,214.2559
12/17/2039,5,142,Grocery,485.75,19,0.25,4.5,6921.9375
12/18/2039,3,142,Electronics,185.05,4,0.12,2.5,651.376
12/19/2039,15,177,Clothing,479.67,14,0.16,3.2,5640.9192
12/20/2039,13,102,Electronics,28.72,14,0,4.8,402.08
12/21/2039,16,145,Clothing,464.17,9,0.04,3.6,4010.4288
12/22/2039,11,131,Electronics,98.76,19,0.19,3.7,1519.9164
12/23/2039,2,142,Grocery,457.11,11,0.17,2,4173.4143
12/24/2039,6,199,Clothing,37.55,16,0.06,3.7,564.752
12/25/2039,6,180,Grocery,474.63,19,0.07,2.6,8386.7121
12/26/2039,14,102,Grocery,108.39,4,0.1,4.6,390.204
12/27/2039,11,173,Electronics,158.33,9,0.21,1.5,1125.7263
12/28/2039,8,162,Clothing,250.56,17,0.18,2.1,3492.8064
12/29/2039,8,139,Furniture,196.55,15,0.02,1.3,2889.285
12/30/2039,1,117,Furniture,337.09,8,0.23,2.5,2076.4744
12/31/2039,7,166,Grocery,487.66,13,0.08,1.6,5832.4136
01/01/2040,6,161,Electronics,307.15,1,0.2,4.4,245.72
01/02/2040,8,109,Electronics,363.53,2,0.04,4.7,697.9776
01/03/2040,19,151,Electronics,53.12,10,0.3,3.7,371.84
01/04/2040,8,172,Clothing,317.63,13,0.02,1.4,4046.6062
01/05/2040,14,145,Clothing,232.39,11,0.22,2.4,1993.9062
01/06/2040,18,154,Electronics,444.03,14,0.16,4.9,5221.7928
01/07/2040,16,145,Furniture,200.22,16,0.03,1.5,3107.4144
01/08/2040,9,174,Furniture,342.93,6,0.01,3.2,2037.0042
01/09/2040,15,159,Clothing,121.8,2,0.11,2.4,216.804
01/10/2040,10,196,Electronics,137.09,5,0.24,5,520.942
01/11/2040,16,199,Furniture,194.3,19,0.01,2.1,3654.783
01/12/2040,4,125,Furniture,158.99,7,0.21,1.2,879.2147
01/13/2040,13,126,Clothing,134.4,17,0.2,3.8,1827.84
01/14/2040,5,137,Clothing,34.34,5,0.08,2.3,157.964
01/15/2040,7,121,Furniture,420.01,12,0.02,3.6,4939.3176
01/16/2040,9,125,Electronics,41.51,19,0.27,1.4,575.7437
01/17/2040,8,185,Furniture,444.81,18,0.09,3.1,7285.9878
01/18/2040,16,168,Furniture,71.48,12,0.03,2.5,832.0272
01/19/2040,6,134,Electronics,41.98,3,0.2,3.1,100.752
01/20/2040,16,165,Clothing,285.87,4,0.07,4.4,1063.4364
01/21/2040,6,198,Electronics,256.2,15,0.14,4.9,3304.98
01/22/2040,14,172,Electronics,250.7,15,0.02,4,3685.29
01/23/2040,1,150,Electronics,291.51,11,0.3,4.1,2244.627
01/24/2040,9,117,Electronics,150.66,2,0.13,3.1,262.1484
01/25/2040,13,142,Clothing,334.85,18,0.3,1.4,4219.11
01/26/2040,19,111,Furniture,256.18,3,0.12,3.7,676.3152
01/27/2040,17,102,Grocery,174.02,18,0.1,1.6,2819.124
01/28/2040,11,181,Clothing,414.99,14,0.27,2,4241.1978
01/29/2040,8,106,Electronics,366.58,6,0.1,3.8,1979.532
01/30/2040,5,196,Furniture,202.87,2,0.13,3.6,352.9938
01/31/2040,10,105,Furniture,425.33,1,0.02,2.3,416.8234
02/01/2040,7,181,Electronics,460.93,8,0.29,4.1,2618.0824
02/02/2040,10,144,Clothing,273.06,10,0.03,4.8,2648.682
02/03/2040,4,185,Electronics,115.33,18,0.23,3.2,1598.4738
02/04/2040,9,138,Furniture,458.74,11,0.16,3.7,4238.7576
02/05/2040,14,150,Furniture,102.85,18,0.02,2.1,1814.274
02/06/2040,2,108,Clothing,33.73,16,0,4.9,539.68
02/07/2040,9,198,Grocery,170.47,5,0.28,2.1,613.692
02/08/2040,1,122,Electronics,366.21,7,0.22,4.5,1999.5066
02/09/2040,10,111,Grocery,462.4,2,0.21,4.7,730.592
02/10/2040,10,187,Furniture,322.27,11,0.13,3.9,3084.1239
02/11/2040,3,161,Grocery,476.4,13,0.07,4.2,5759.676
02/12/2040,6,172,Electronics,55.26,16,0.2,2.8,707.328
02/13/2040,6,176,Electronics,39.77,14,0.18,4.7,456.5596
02/14/2040,2,139,Furniture,306.05,7,0.22,4,1671.033
02/15/2040,18,153,Clothing,483.4,7,0.11,2.3,3011.582
02/16/2040,2,180,Clothing,256.33,12,0.3,1.1,2153.172
02/17/2040,12,106,Furniture,35.24,12,0.02,3.2,414.4224
02/18/2040,5,116,Electronics,118.4,1,0.02,4.4,116.032
02/19/2040,7,149,Clothing,129.95,6,0.28,4.4,561.384
02/20/2040,16,123,Grocery,175.55,8,0.19,4.3,1137.564
02/21/2040,1,101,Furniture,31.37,13,0.1,1.9,367.029
02/22/2040,1,198,Grocery,453.4,5,0.23,2.7,1745.59
02/23/2040,17,191,Electronics,262.63,10,0.14,3.5,2258.618
02/24/2040,1,182,Clothing,338.76,14,0.01,3.7,4695.2136
02/25/2040,13,132,Electronics,42.91,9,0.2,2.3,308.952
02/26/2040,9,120,Grocery,36.52,17,0.07,3.8,577.3812
02/27/2040,15,173,Electronics,297.37,3,0.03,3.4,865.3467
02/28/2040,3,152,Electronics,444.78,12,0.07,3.3,4963.7448
02/29/2040,14,145,Furniture,268.96,12,0.14,3.7,2775.6672
03/01/2040,11,144,Furniture,440.13,11,0.01,3.4,4793.0157
03/02/2040,12,108,Electronics,407.39,4,0.26,1.7,1205.8744
03/03/2040,13,105,Furniture,47.17,8,0.17,4.5,313.2088
03/04/2040,13,150,Electronics,108.96,10,0.09,2,991.536
03/05/2040,1,134,Grocery,332.28,14,0.21,4,3675.0168
03/06/2040,10,181,Furniture,227.32,1,0.24,1.7,172.7632
03/07/2040,3,152,Electronics,152.44,12,0.18,3.6,1500.0096
03/08/2040,4,118,Furniture,215.13,5,0.06,4.6,1011.111
03/09/2040,16,168,Electronics,228.15,14,0.03,1,3098.277
03/10/2040,8,124,Furniture,456.17,4,0.26,4.9,1350.2632
03/11/2040,16,110,Clothing,60.69,17,0.07,1.1,959.5089
03/12/2040,17,173,Electronics,147.07,13,0.01,1,1892.7909
03/13/2040,19,116,Clothing,273.41,3,0.19,4.4,664.3863
03/14/2040,15,135,Electronics,352.16,11,0.05,3.8,3680.072
03/15/2040,16,189,Clothing,319.01,11,0.3,1.4,2456.377
03/16/2040,15,194,Electronics,471.4,5,0.26,4.7,1744.18
03/17/2040,2,195,Furniture,399.85,6,0.18,3.7,1967.262
03/18/2040,11,120,Clothing,282.97,4,0.25,1.4,848.91
03/19/2040,1,117,Furniture,115.19,10,0.14,4.4,990.634
03/20/2040,15,159,Electronics,230.93,10,0.24,2.9,1755.068
03/21/2040,19,117,Furniture,349.76,12,0.19,2.1,3399.6672
03/22/2040,4,100,Electronics,420.6,18,0.01,4.3,7495.092
03/23/2040,11,113,Furniture,480.27,15,0.28,4,5186.916
03/24/2040,5,107,Clothing,306.67,18,0.26,3.5,4084.8444
03/25/2040,3,165,Electronics,268.19,3,0.29,4.6,571.2447
03/26/2040,13,150,Furniture,18.67,3,0.22,4.4,43.6878
03/27/2040,10,178,Electronics,45.33,1,0.12,1.9,39.8904
03/28/2040,11,159,Electronics,86.49,17,0.06,4.5,1382.1102
03/29/2040,18,133,Electronics,36.83,10,0.05,2.5,349.885
03/30/2040,2,135,Grocery,206.42,6,0.04,2.7,1188.9792
03/31/2040,7,161,Electronics,175.07,11,0.07,4.9,1790.9661
04/01/2040,9,100,Furniture,322.3,14,0.17,4,3745.126
04/02/2040,10,184,Grocery,272.48,17,0.21,2.3,3659.4064
04/03/2040,18,141,Furniture,302.03,7,0.09,3.6,1923.9311
04/04/2040,7,100,Grocery,241.27,4,0.16,3.2,810.6672
04/05/2040,7,195,Electronics,146.09,11,0.1,1.5,1446.291
04/06/2040,3,183,Clothing,476.88,19,0.21,4.6,7157.9688
04/07/2040,12,153,Clothing,52.34,9,0.3,4.3,329.742
04/08/2040,7,146,Electronics,470.06,8,0.21,4.1,2970.7792
04/09/2040,17,199,Grocery,162.51,4,0.02,3.2,637.0392
04/10/2040,1,138,Furniture,261.2,16,0.14,1.9,3594.112
04/11/2040,5,129,Clothing,63.33,6,0.23,4.5,292.5846
04/12/2040,16,106,Electronics,44.76,6,0.16,2.4,225.5904
04/13/2040,15,121,Electronics,220.48,19,0.29,1.1,2974.2752
04/14/2040,2,149,Grocery,373.43,2,0.02,4.9,731.9228
04/15/2040,9,144,Clothing,141.99,11,0.09,4.4,1421.3199
04/16/2040,7,173,Electronics,285.55,18,0.07,3.5,4780.107
04/17/2040,4,171,Clothing,146.54,9,0.23,1,1015.5222
04/18/2040,18,190,Furniture,200.42,16,0.16,1.9,2693.6448
04/19/2040,4,109,Electronics,454.16,11,0.04,2.8,4795.9296
04/20/2040,13,113,Electronics,429.36,14,0.09,3.5,5470.0464
04/21/2040,1,145,Furniture,262.85,8,0.16,3.8,1766.352
04/22/2040,3,174,Electronics,126.67,13,0.3,4.2,1152.697
04/23/2040,16,105,Grocery,104.66,10,0.11,3.2,931.474
04/24/2040,4,120,Furniture,477.5,12,0.05,3.6,5443.5
04/25/2040,16,161,Grocery,109.33,3,0.15,4.2,278.7915
04/26/2040,19,196,Furniture,406,2,0.09,3.9,738.92
04/27/2040,1,118,Furniture,190.8,11,0.17,4.8,1742.004
04/28/2040,5,187,Grocery,492.97,18,0.14,4.5,7631.1756
04/29/2040,19,181,Furniture,190.4,4,0.21,1.7,601.664
04/30/2040,11,198,Clothing,182.24,8,0.27,4.8,1064.2816
05/01/2040,13,161,Grocery,322.36,11,0.06,1.8,3333.2024
05/02/2040,5,182,Furniture,481.14,15,0.25,5,5412.825
05/03/2040,4,152,Grocery,488.34,2,0.28,3.8,703.2096
05/04/2040,4,123,Furniture,356.53,19,0.11,3.5,6028.9223
05/05/2040,4,155,Furniture,379.76,15,0.03,2.3,5525.508
05/06/2040,4,161,Clothing,286.07,13,0.25,1.5,2789.1825
05/07/2040,18,133,Clothing,380.33,2,0.21,1.5,600.9214
05/08/2040,18,121,Clothing,431.29,3,0.06,4.5,1216.2378
05/09/2040,16,167,Furniture,248.19,14,0.13,2.7,3022.9542
05/10/2040,9,156,Clothing,313.73,13,0.17,3.2,3385.1467
05/11/2040,18,109,Grocery,273.29,16,0.05,4.7,4154.008
05/12/2040,2,165,Furniture,285.61,12,0.21,2,2707.5828
05/13/2040,4,107,Grocery,446.12,1,0.21,4.1,352.4348
05/14/2040,12,196,Clothing,184.25,6,0.27,2.9,807.015
05/15/2040,7,137,Furniture,112.01,13,0.17,1.9,1208.5879
05/16/2040,15,161,Grocery,233.58,2,0.17,4.4,387.7428
05/17/2040,7,127,Electronics,111.96,18,0.19,3.7,1632.3768
05/18/2040,17,109,Grocery,254.22,17,0.08,1.4,3976.0008
05/19/2040,16,144,Furniture,452.72,19,0.23,3.2,6623.2936
05/20/2040,19,164,Electronics,312.54,15,0.2,4.4,3750.48
05/21/2040,9,197,Clothing,429.16,8,0.25,1.3,2574.96
05/22/2040,14,166,Clothing,91.43,9,0.23,2.7,633.6099
05/23/2040,17,108,Grocery,451.43,8,0.19,4.2,2925.2664
05/24/2040,5,104,Clothing,304.88,8,0.05,4.4,2317.088
05/25/2040,2,109,Grocery,25.56,11,0.28,4.1,202.4352
05/26/2040,16,111,Grocery,320.23,18,0.11,2.2,5130.0846
05/27/2040,14,181,Grocery,476.18,17,0.29,3,5747.4926
05/28/2040,14,157,Grocery,48.79,6,0.12,4,257.6112
05/29/2040,1,120,Furniture,295.4,2,0.04,1.6,567.168
05/30/2040,3,120,Furniture,458.58,1,0.27,3.4,334.7634
05/31/2040,7,164,Electronics,14.75,10,0.24,3.9,112.1
06/01/2040,15,102,Electronics,319.15,8,0.24,4.4,1940.432
06/02/2040,19,168,Clothing,242.7,16,0.03,1.4,3766.704
06/03/2040,2,188,Furniture,180.02,14,0.26,2.3,1865.0072
06/04/2040,19,163,Electronics,317.49,16,0.18,3.2,4165.4688
06/05/2040,9,148,Furniture,35.82,14,0.14,3.8,431.2728
06/06/2040,19,171,Furniture,379,7,0.27,3.9,1936.69
06/07/2040,5,116,Clothing,12.19,18,0.2,2,175.536
06/08/2040,18,172,Clothing,160.4,9,0.04,1.1,1385.856
06/09/2040,16,131,Grocery,256.94,4,0.16,3.8,863.3184
06/10/2040,4,169,Furniture,194.74,16,0.19,4.6,2523.8304
06/11/2040,12,120,Grocery,160.66,11,0.27,4.2,1290.0998
06/12/2040,7,106,Grocery,417.11,9,0.08,3.5,3453.6708
06/13/2040,14,106,Grocery,468.07,17,0.24,4.9,6047.4644
06/14/2040,12,126,Furniture,438.12,11,0.24,2.7,3662.6832
06/15/2040,3,107,Furniture,265.99,3,0.04,3.1,766.0512
06/16/2040,5,172,Grocery,443.24,11,0.01,1,4826.8836
06/17/2040,17,127,Furniture,461.22,8,0.17,4.8,3062.5008
06/18/2040,10,178,Grocery,210.53,10,0.24,3.3,1600.028
06/19/2040,10,165,Electronics,148.89,6,0.17,2.6,741.4722
06/20/2040,11,170,Furniture,58.15,17,0.24,1.2,751.298
06/21/2040,17,146,Clothing,244.76,6,0.19,2.4,1189.5336
06/22/2040,5,181,Clothing,473.69,7,0.2,1,2652.664
06/23/2040,13,185,Grocery,284.84,13,0.01,2.3,3665.8908
06/24/2040,10,109,Electronics,337.11,6,0.03,4.8,1961.9802
06/25/2040,9,132,Furniture,65.31,3,0.22,1.6,152.8254
06/26/2040,17,106,Grocery,80.32,13,0.23,3.2,804.0032
06/27/2040,1,102,Electronics,237.59,10,0.16,1.7,1995.756
06/28/2040,4,113,Electronics,476.12,4,0.18,4.1,1561.6736
06/29/2040,4,143,Furniture,186.78,5,0.18,3.2,765.798
06/30/2040,18,145,Clothing,439.97,19,0.03,1.8,8108.6471
07/01/2040,9,160,Clothing,68.94,18,0.2,4.5,992.736
07/02/2040,18,135,Electronics,312.34,7,0.14,4.1,1880.2868
07/03/2040,14,112,Clothing,304.3,1,0.18,4.8,249.526
07/04/2040,15,115,Electronics,431.34,17,0.17,1,6086.2074
07/05/2040,6,179,Electronics,11.63,18,0.23,2.8,161.1918
07/06/2040,10,104,Electronics,103.07,5,0.1,5,463.815
07/07/2040,15,188,Clothing,117.65,6,0.11,4.2,628.251
07/08/2040,4,137,Grocery,475.48,10,0.12,4.3,4184.224
07/09/2040,18,149,Clothing,85.31,19,0.23,3.5,1248.0853
07/10/2040,18,137,Grocery,28.11,10,0.13,3.9,244.557
07/11/2040,17,155,Clothing,271.89,6,0.05,4.2,1549.773
07/12/2040,12,162,Furniture,268.99,10,0.29,1.4,1909.829
07/13/2040,7,147,Furniture,423.58,10,0.15,3.8,3600.43
07/14/2040,16,189,Clothing,474.94,12,0.03,4.3,5528.3016
07/15/2040,11,158,Furniture,273.89,4,0.2,1.2,876.448
07/16/2040,14,176,Furniture,465.7,13,0.22,2.2,4722.198
07/17/2040,3,143,Furniture,365.33,10,0.15,2.3,3105.305
07/18/2040,19,189,Furniture,139.63,16,0.19,4.4,1809.6048
07/19/2040,18,154,Grocery,464.93,19,0.05,4.1,8391.9865
07/20/2040,10,154,Electronics,337.05,6,0.11,3.6,1799.847
07/21/2040,6,100,Grocery,212.91,9,0.05,4.2,1820.3805
07/22/2040,13,107,Electronics,343.32,14,0.12,2.8,4229.7024
07/23/2040,10,103,Electronics,206.64,10,0.17,4.5,1715.112
07/24/2040,18,184,Clothing,65.95,8,0.13,1.9,459.012
07/25/2040,16,185,Clothing,362.3,3,0.18,3.8,891.258
07/26/2040,6,152,Clothing,413.8,17,0.15,2,5979.41
07/27/2040,13,157,Clothing,367.12,19,0.1,1.2,6277.752
07/28/2040,4,136,Clothing,122.27,3,0.04,2.1,352.1376
07/29/2040,14,148,Grocery,478.75,14,0.08,3,6166.3
07/30/2040,1,166,Grocery,22.37,6,0.06,4.4,126.1668
07/31/2040,5,118,Furniture,173.02,19,0.21,3,2597.0302
08/01/2040,8,100,Grocery,137.45,18,0.25,1.7,1855.575
08/02/2040,12,128,Grocery,33.58,12,0.22,5,314.3088
08/03/2040,2,186,Clothing,208.81,15,0.19,2.1,2537.0415
08/04/2040,12,132,Furniture,315.33,6,0.09,4.9,1721.7018
08/05/2040,5,151,Grocery,442.45,12,0.21,4.7,4194.426
08/06/2040,5,140,Grocery,494.95,19,0.18,3.2,7711.321
08/07/2040,13,122,Furniture,405.96,7,0.01,1.4,2813.3028
08/08/2040,9,104,Electronics,239.65,10,0.27,3.8,1749.445
08/09/2040,10,170,Clothing,364.62,18,0.02,4.4,6431.8968
08/10/2040,1,156,Grocery,423.38,2,0.15,2.8,719.746
08/11/2040,3,105,Grocery,238,13,0.15,2,2629.9
08/12/2040,18,148,Furniture,394.68,15,0.25,4.2,4440.15
08/13/2040,12,121,Grocery,246.5,4,0.27,3.2,719.78
08/14/2040,3,176,Clothing,199.38,7,0.28,1.8,1004.8752
08/15/2040,9,175,Grocery,267.78,3,0.17,4.8,666.7722
08/16/2040,2,103,Electronics,341.17,16,0.2,4.8,4366.976
08/17/2040,3,171,Clothing,366.17,9,0.03,2.5,3196.6641
08/18/2040,14,163,Electronics,184.8,17,0.15,1.3,2670.36
08/19/2040,4,136,Furniture,289.95,8,0.27,3.5,1693.308
08/20/2040,19,130,Clothing,455.84,18,0.14,2.3,7056.4032
08/21/2040,13,136,Grocery,488.39,13,0.02,1.3,6222.0886
08/22/2040,7,144,Clothing,121.35,2,0.06,4.6,228.138
08/23/2040,12,189,Clothing,104.49,1,0.13,5,90.9063
08/24/2040,3,107,Clothing,341.58,16,0.07,2.4,5082.7104
08/25/2040,9,139,Electronics,213.2,16,0.12,4,3001.856
08/26/2040,2,196,Furniture,21.87,11,0.1,1.3,216.513
08/27/2040,9,192,Clothing,179.96,4,0.1,2.5,647.856
08/28/2040,12,104,Grocery,405.3,11,0.03,1.4,4324.551
08/29/2040,12,127,Clothing,400.74,6,0.26,1.2,1779.2856
08/30/2040,15,180,Clothing,252.4,11,0.21,3.4,2193.356
08/31/2040,2,186,Furniture,241.56,1,0.19,4.2,195.6636
09/01/2040,18,108,Grocery,293.96,9,0.18,2.8,2169.4248
09/02/2040,13,101,Grocery,117.5,7,0.12,3.1,723.8
09/03/2040,14,162,Electronics,267.76,3,0.25,2.1,602.46
09/04/2040,5,195,Grocery,15.41,9,0.28,3.9,99.8568
09/05/2040,10,150,Grocery,243.02,2,0,2.4,486.04
09/06/2040,12,130,Grocery,174.67,10,0.02,1.3,1711.766
09/07/2040,10,106,Clothing,340.69,17,0.2,1.7,4633.384
09/08/2040,11,129,Electronics,322.79,1,0.07,1.5,300.1947
09/09/2040,2,157,Grocery,196.61,18,0.27,2.7,2583.4554
09/10/2040,5,102,Grocery,13.56,6,0.2,1.3,65.088
09/11/2040,7,150,Grocery,133.61,6,0.11,4.2,713.4774
09/12/2040,6,155,Clothing,320.34,9,0.12,4.6,2537.0928
09/13/2040,3,172,Clothing,45.46,10,0.21,2,359.134
09/14/2040,13,109,Electronics,62.74,15,0.04,2.9,903.456
09/15/2040,3,160,Furniture,327.05,4,0.27,3.1,954.986
09/16/2040,6,149,Electronics,380.33,8,0,4.9,3042.64
09/17/2040,11,146,Clothing,167.56,4,0.29,1.3,475.8704
09/18/2040,17,189,Grocery,249.94,3,0.05,3.7,712.329
09/19/2040,10,100,Grocery,473.4,4,0.22,2.4,1477.008
09/20/2040,12,193,Electronics,473.32,1,0.01,3,468.5868
09/21/2040,17,156,Grocery,160.68,9,0.13,1.9,1258.1244
09/22/2040,4,137,Clothing,406.89,11,0.19,1.6,3625.3899
09/23/2040,2,161,Electronics,301.03,19,0.02,2,5605.1786
09/24/2040,11,178,Furniture,487.99,7,0.13,1.3,2971.8591
09/25/2040,7,188,Clothing,244.03,5,0.09,2.1,1110.3365
09/26/2040,2,169,Clothing,389.61,2,0.15,3.8,662.337
09/27/2040,18,181,Grocery,386.39,19,0.15,3.6,6240.1985
09/28/2040,4,164,Clothing,253.74,3,0.24,3.2,578.5272
09/29/2040,8,161,Clothing,399.86,15,0.04,1,5757.984
09/30/2040,14,155,Furniture,137.91,7,0.02,1.5,946.0626
10/01/2040,12,166,Grocery,69.9,5,0.12,4.4,307.56
10/02/2040,18,116,Clothing,218.33,10,0.27,2.1,1593.809
10/03/2040,11,107,Grocery,472.38,9,0.26,4.6,3146.0508
10/04/2040,8,159,Clothing,255.36,14,0.17,4.5,2967.2832
10/05/2040,2,139,Furniture,321.28,13,0.27,1.6,3048.9472
10/06/2040,15,180,Grocery,315.84,1,0.24,4.6,240.0384
10/07/2040,9,188,Grocery,74.96,16,0.08,3.5,1103.4112
10/08/2040,19,161,Furniture,201.25,8,0.05,3.5,1529.5
10/09/2040,8,140,Electronics,356.4,17,0.09,4.4,5513.508
10/10/2040,19,111,Clothing,486.28,6,0.07,2.6,2713.4424
10/11/2040,5,192,Clothing,92.33,2,0.19,3.9,149.5746
10/12/2040,11,188,Electronics,211.12,13,0.18,3.7,2250.5392
10/13/2040,15,199,Grocery,56.6,8,0.18,4.1,371.296
10/14/2040,8,153,Grocery,128.76,9,0.06,3.6,1089.3096
10/15/2040,19,188,Furniture,194.61,13,0.24,1.3,1922.7468
10/16/2040,8,192,Furniture,274.92,18,0.13,2.2,4305.2472
10/17/2040,19,110,Furniture,122.98,18,0.14,4.8,1903.7304
10/18/2040,18,159,Electronics,121.51,9,0.3,1.9,765.513
10/19/2040,10,167,Electronics,391.14,2,0.08,2.9,719.6976
10/20/2040,7,177,Grocery,481.69,4,0.12,2.4,1695.5488
10/21/2040,9,145,Furniture,168.57,18,0.2,1.3,2427.408
10/22/2040,1,137,Grocery,347.12,17,0.26,1.7,4366.7696
10/23/2040,19,160,Electronics,136.46,12,0.04,2.1,1572.0192
10/24/2040,5,116,Clothing,464.7,16,0.22,2.9,5799.456
10/25/2040,19,165,Grocery,339.72,13,0.28,4.5,3179.7792
10/26/2040,1,171,Electronics,403.31,11,0.13,3.1,3859.6767
10/27/2040,15,135,Furniture,34.18,14,0.09,3.6,435.4532
10/28/2040,16,173,Clothing,303.27,10,0.2,2.7,2426.16
10/29/2040,7,106,Clothing,268.53,19,0.07,4.5,4744.9251
10/30/2040,12,199,Clothing,153.57,17,0.12,3.7,2297.4072
10/31/2040,8,115,Furniture,138.59,9,0.27,1.4,910.5363
11/01/2040,5,113,Clothing,294.21,14,0.18,2.9,3377.5308
11/02/2040,10,179,Electronics,356.18,5,0.03,4.3,1727.473
11/03/2040,5,124,Grocery,26.25,3,0.1,3.9,70.875
11/04/2040,17,103,Clothing,288.03,8,0.19,4.6,1866.4344
11/05/2040,5,128,Clothing,93.53,18,0.14,1.9,1447.8444
11/06/2040,15,155,Electronics,78.78,3,0.2,4.9,189.072
11/07/2040,13,105,Furniture,315.33,2,0.23,2.1,485.6082
11/08/2040,1,100,Clothing,162.33,11,0.14,1.2,1535.6418
11/09/2040,11,138,Electronics,226.03,5,0.3,3,791.105
11/10/2040,1,100,Electronics,186.4,7,0.27,1.4,952.504
11/11/2040,11,162,Furniture,327.68,14,0.02,3.7,4495.7696
11/12/2040,18,156,Furniture,240.36,19,0.08,4.6,4201.4928
11/13/2040,18,166,Grocery,482.09,2,0.09,4.7,877.4038
11/14/2040,16,164,Clothing,182.67,9,0.06,3.4,1545.3882
11/15/2040,13,164,Grocery,372.74,10,0.09,3.1,3391.934
11/16/2040,7,120,Electronics,136.07,19,0.13,5,2249.2371
11/17/2040,1,129,Clothing,259.29,17,0.02,3.3,4319.7714
11/18/2040,16,195,Electronics,280.76,7,0.04,4.7,1886.7072
11/19/2040,1,132,Electronics,171.26,18,0.03,4.7,2990.1996
11/20/2040,17,147,Electronics,241.17,6,0.01,2.2,1432.5498
11/21/2040,6,121,Furniture,146.85,9,0.14,1.1,1136.619
11/22/2040,2,193,Furniture,12.94,8,0.1,2.8,93.168
11/23/2040,17,153,Clothing,115.67,9,0.28,4.4,749.5416
11/24/2040,6,103,Electronics,353.03,1,0.03,4.3,342.4391
11/25/2040,14,186,Electronics,387.77,2,0.28,3.4,558.3888
11/26/2040,18,154,Clothing,147.3,4,0.03,1.6,571.524
11/27/2040,6,143,Grocery,209.94,18,0.19,1.4,3060.9252
11/28/2040,10,188,Electronics,28.31,10,0.07,4.8,263.283
11/29/2040,18,111,Furniture,126.16,1,0.25,2.7,94.62
11/30/2040,9,180,Grocery,391.82,10,0.02,3.6,3839.836
12/01/2040,8,178,Grocery,306.93,9,0.29,4.6,1961.2827
12/02/2040,10,173,Grocery,110.83,13,0.01,4.5,1426.3821
12/03/2040,17,198,Grocery,136.15,15,0.07,3.3,1899.2925
12/04/2040,6,151,Grocery,410.23,18,0.14,3,6350.3604
12/05/2040,14,192,Grocery,112.45,13,0.23,3.9,1125.6245
12/06/2040,6,175,Clothing,173.74,5,0.29,2.4,616.777
12/07/2040,7,164,Clothing,335.54,2,0.13,3.5,583.8396
12/08/2040,12,164,Grocery,284.95,7,0.23,1.1,1535.8805
12/09/2040,3,109,Furniture,235.83,9,0.22,4.3,1655.5266
12/10/2040,14,117,Clothing,450.87,19,0.17,5,7110.2199
12/11/2040,19,146,Clothing,117.66,14,0.21,4.8,1301.3196
12/12/2040,16,165,Grocery,373.3,17,0.01,2.4,6282.639
12/13/2040,7,148,Furniture,87.94,11,0.13,3.1,841.5858
12/14/2040,8,171,Grocery,311.71,5,0.24,1.9,1184.498
12/15/2040,18,121,Furniture,436.61,12,0.14,2.2,4505.8152
12/16/2040,13,185,Furniture,234.37,9,0.26,2.8,1560.9042
12/17/2040,9,125,Electronics,364.9,17,0.25,4,4652.475
12/18/2040,10,189,Clothing,411.99,8,0.26,1.1,2438.9808
12/19/2040,9,108,Grocery,76.65,8,0.04,2.6,588.672
12/20/2040,15,120,Clothing,355.86,12,0.07,3.2,3971.3976
12/21/2040,2,194,Clothing,460.72,19,0.01,1.9,8666.1432
12/22/2040,13,162,Furniture,292.42,10,0.29,1.3,2076.182
12/23/2040,2,105,Clothing,101.2,2,0.07,3.2,188.232
12/24/2040,19,113,Electronics,72.2,8,0.11,3.6,514.064
12/25/2040,2,132,Grocery,137.27,14,0.08,3.6,1768.0376
12/26/2040,3,170,Clothing,60.72,19,0.01,2.4,1142.1432
12/27/2040,6,123,Grocery,261.56,4,0.08,1.9,962.5408
12/28/2040,3,172,Clothing,44.16,9,0.03,1.9,385.5168
12/29/2040,10,174,Grocery,119.47,13,0.12,1.2,1366.7368
12/30/2040,6,186,Grocery,225.56,9,0.29,1.7,1441.3284
12/31/2040,16,150,Grocery,242.22,13,0.21,4.3,2487.5994
01/01/2041,17,101,Clothing,287.05,16,0.21,1,3628.312
01/02/2041,19,114,Electronics,355.75,1,0.14,1.2,305.945
01/03/2041,3,134,Grocery,33.14,8,0.24,1.5,201.4912
01/04/2041,18,135,Furniture,49.5,9,0.27,2.7,325.215
01/05/2041,7,191,Furniture,39.82,13,0.29,2.3,367.5386
01/06/2041,9,138,Furniture,217.34,17,0.03,1.7,3583.9366
01/07/2041,12,103,Electronics,30.51,9,0.26,1.4,203.1966
01/08/2041,5,163,Grocery,375.58,7,0.07,4.8,2445.0258
01/09/2041,3,173,Electronics,119.27,10,0.12,4.6,1049.576
01/10/2041,11,105,Grocery,470.21,5,0.1,4.1,2115.945
01/11/2041,4,156,Electronics,248.34,17,0.2,2,3377.424
01/12/2041,5,129,Grocery,228.7,2,0.18,2.3,375.068
01/13/2041,1,198,Furniture,392.46,9,0.03,3.7,3426.1758
01/14/2041,18,173,Grocery,359.45,2,0.23,2.2,553.553
01/15/2041,12,195,Electronics,307.58,10,0.13,3.1,2675.946
01/16/2041,13,166,Grocery,468.22,12,0,3.6,5618.64
01/17/2041,9,189,Clothing,216.91,2,0.12,3.1,381.7616
01/18/2041,2,114,Grocery,406.18,15,0.15,2.7,5178.795
01/19/2041,5,116,Furniture,196.25,3,0.02,2.4,576.975
01/20/2041,13,190,Grocery,420.79,2,0.05,4.1,799.501
01/21/2041,16,117,Clothing,137.14,7,0.3,4,671.986
01/22/2041,16,118,Clothing,151.74,9,0.26,3.8,1010.5884
01/23/2041,3,175,Clothing,342.16,11,0.04,2.5,3613.2096
01/24/2041,4,187,Electronics,114.23,16,0.17,4.1,1516.9744
01/25/2041,11,168,Clothing,122.29,7,0.11,4.8,761.8667
01/26/2041,14,123,Electronics,159.58,13,0.16,3.8,1742.6136
01/27/2041,3,190,Clothing,342.68,3,0.14,2.6,884.1144
01/28/2041,16,147,Electronics,445.8,11,0.01,4.2,4854.762
01/29/2041,15,129,Clothing,340.54,3,0.09,3.4,929.6742
01/30/2041,10,114,Clothing,415.63,15,0.04,4.5,5985.072
01/31/2041,9,146,Grocery,276.34,8,0.15,3.9,1879.112
02/01/2041,11,143,Clothing,43.77,7,0.27,4.1,223.6647
02/02/2041,16,197,Grocery,59.23,5,0.3,3.7,207.305
02/03/2041,10,126,Clothing,281.65,6,0.28,1.4,1216.728
02/04/2041,17,183,Clothing,170.62,19,0.3,2.9,2269.246
02/05/2041,19,163,Grocery,118.08,3,0,1.2,354.24
02/06/2041,2,140,Grocery,238.47,11,0.22,2.8,2046.0726
02/07/2041,2,195,Electronics,336.58,6,0.08,3.9,1857.9216
02/08/2041,6,167,Furniture,198.65,14,0.26,2.7,2058.014
02/09/2041,19,104,Grocery,403.25,17,0.24,1,5209.99
02/10/2041,8,152,Electronics,371.88,3,0.13,2.5,970.6068
02/11/2041,3,107,Clothing,370.11,4,0.14,1.3,1273.1784
02/12/2041,14,121,Grocery,492.74,9,0.08,4.1,4079.8872
02/13/2041,16,106,Grocery,154.66,13,0.09,4.1,1829.6278
02/14/2041,1,121,Clothing,325.92,6,0.29,4.2,1388.4192
02/15/2041,3,145,Clothing,429.18,10,0.27,1.1,3133.014
02/16/2041,18,129,Clothing,293.97,13,0.06,1.1,3592.3134
02/17/2041,9,115,Clothing,396.86,14,0.08,4.6,5111.5568
02/18/2041,6,178,Furniture,213.08,12,0.03,1.5,2480.2512
02/19/2041,1,104,Grocery,299.34,13,0.3,3.7,2723.994
02/20/2041,10,166,Clothing,37.28,10,0.27,4.2,272.144
02/21/2041,6,122,Clothing,493.03,7,0.17,2.8,2864.5043
02/22/2041,12,160,Furniture,402.01,5,0.21,3.2,1587.9395
02/23/2041,4,173,Grocery,435.72,12,0.22,1.9,4078.3392
02/24/2041,13,104,Electronics,350.2,2,0.06,4.7,658.376
02/25/2041,17,122,Grocery,101.16,8,0.28,2.2,582.6816
02/26/2041,8,178,Electronics,25.2,8,0.16,1.9,169.344
02/27/2041,3,181,Furniture,433.68,19,0.03,3.1,7992.7224
02/28/2041,12,124,Clothing,204.2,5,0.12,1.8,898.48
03/01/2041,7,107,Furniture,139.29,8,0.18,3.7,913.7424
03/02/2041,12,194,Grocery,285.22,10,0.11,3.1,2538.458
03/03/2041,2,120,Clothing,216.24,13,0.21,1.6,2220.7848
03/04/2041,14,101,Grocery,329.32,9,0.26,1.3,2193.2712
03/05/2041,5,121,Electronics,247.06,7,0.23,1.5,1331.6534
03/06/2041,9,171,Grocery,351.64,19,0.19,1.5,5411.7396
03/07/2041,11,186,Furniture,428.18,11,0.15,2.3,4003.483
03/08/2041,5,195,Furniture,105.82,8,0.08,4.3,778.8352
03/09/2041,3,171,Furniture,171.42,16,0.14,1.2,2358.7392
03/10/2041,17,167,Clothing,224.04,10,0.09,1.5,2038.764
03/11/2041,2,163,Grocery,481.41,6,0.28,2.2,2079.6912
03/12/2041,1,193,Clothing,189.01,10,0.27,3.2,1379.773
03/13/2041,7,118,Grocery,196.74,10,0.05,4.1,1869.03
03/14/2041,14,186,Electronics,330.2,19,0.25,4.7,4705.35
03/15/2041,5,181,Grocery,215.41,4,0.21,2.6,680.6956
03/16/2041,19,152,Grocery,476.1,19,0.29,1.4,6422.589
03/17/2041,11,192,Grocery,448.29,3,0.14,1.9,1156.5882
03/18/2041,2,186,Grocery,261.57,17,0.22,2.1,3468.4182
03/19/2041,8,196,Electronics,325.94,14,0.16,4.1,3833.0544
03/20/2041,9,151,Clothing,38.43,10,0.02,3.7,376.614
03/21/2041,3,146,Furniture,350.91,6,0.01,1.8,2084.4054
03/22/2041,2,181,Grocery,356.53,16,0.04,4.4,5476.3008
03/23/2041,7,153,Furniture,186.01,9,0.09,4.4,1523.4219
03/24/2041,5,143,Furniture,117.64,12,0.08,4.5,1298.7456
03/25/2041,5,196,Furniture,458.39,12,0.22,2.1,4290.5304
03/26/2041,13,106,Furniture,219.09,14,0.21,1.5,2423.1354
03/27/2041,6,191,Grocery,330.32,2,0.29,1.4,469.0544
03/28/2041,18,100,Furniture,26.33,10,0.09,2.6,239.603
03/29/2041,2,162,Grocery,212.89,4,0.28,2.7,613.1232
03/30/2041,6,197,Electronics,410.46,6,0.18,4.5,2019.4632
03/31/2041,9,138,Clothing,199.91,13,0.15,2.1,2209.0055
04/01/2041,3,118,Clothing,305.55,14,0.2,3.5,3422.16
04/02/2041,1,130,Grocery,112.83,4,0.21,4.2,356.5428
04/03/2041,1,176,Grocery,214.1,10,0.05,2.1,2033.95
04/04/2041,19,123,Clothing,464.54,10,0.23,2.1,3576.958
04/05/2041,5,168,Furniture,287.56,5,0.22,3.7,1121.484
04/06/2041,13,186,Grocery,451.95,4,0.3,3.9,1265.46
04/07/2041,19,182,Furniture,451.99,12,0.27,4.8,3959.4324
04/08/2041,12,164,Grocery,472.63,14,0.21,4.4,5227.2878
04/09/2041,16,132,Grocery,448.74,7,0.21,4.3,2481.5322
04/10/2041,19,158,Electronics,11.61,2,0.28,3.8,16.7184
04/11/2041,3,132,Electronics,467.67,14,0.29,1.5,4648.6398
04/12/2041,12,131,Clothing,77.36,10,0.25,4.2,580.2
04/13/2041,5,158,Electronics,29.56,16,0.23,4.7,364.1792
04/14/2041,2,191,Electronics,37.14,3,0.03,2.6,108.0774
04/15/2041,7,140,Clothing,180.97,8,0.25,2.3,1085.82
04/16/2041,13,111,Furniture,314.19,17,0.08,3.1,4913.9316
04/17/2041,15,172,Electronics,207.13,4,0.17,4.8,687.6716
04/18/2041,3,110,Furniture,22.52,19,0.12,1.2,376.5344
04/19/2041,5,196,Clothing,243.48,15,0.1,3.8,3286.98
04/20/2041,8,118,Grocery,226.64,10,0.09,4.3,2062.424
04/21/2041,1,153,Furniture,380.86,10,0.26,4.2,2818.364
04/22/2041,8,156,Clothing,147.01,12,0.23,3.3,1358.3724
04/23/2041,18,141,Furniture,116.59,9,0.16,4.7,881.4204
04/24/2041,16,197,Clothing,135.41,15,0.2,1.5,1624.92
04/25/2041,18,170,Clothing,158.83,18,0.3,2,2001.258
04/26/2041,12,130,Grocery,303.59,1,0.12,2.2,267.1592
04/27/2041,13,151,Furniture,241.05,3,0.17,1,600.2145
04/28/2041,13,101,Grocery,175.08,8,0.16,2.5,1176.5376
04/29/2041,10,182,Grocery,193.41,7,0.28,1.6,974.7864
04/30/2041,7,137,Furniture,191.75,15,0.11,3.9,2559.8625
05/01/2041,14,131,Furniture,486.48,8,0.3,2.7,2724.288
05/02/2041,16,109,Clothing,124.17,15,0.09,3.8,1694.9205
05/03/2041,15,107,Furniture,410.85,5,0.03,2.2,1992.6225
05/04/2041,12,189,Clothing,357.02,12,0.06,1.5,4027.1856
05/05/2041,9,193,Clothing,12.73,12,0.13,1.5,132.9012
05/06/2041,8,174,Clothing,496.66,9,0.19,1.8,3620.6514
05/07/2041,18,119,Clothing,380.66,9,0.16,1.5,2877.7896
05/08/2041,18,119,Clothing,344.4,15,0.11,1.9,4597.74
05/09/2041,13,108,Clothing,208.61,15,0.17,3.3,2597.1945
05/10/2041,18,171,Furniture,282.05,12,0.25,2,2538.45
05/11/2041,15,114,Furniture,134.1,5,0.25,2.4,502.875
05/12/2041,4,197,Electronics,27.39,1,0.22,1.2,21.3642
05/13/2041,17,187,Furniture,419.65,19,0.29,4.6,5661.0785
05/14/2041,5,196,Grocery,449.28,11,0.18,1.6,4052.5056
05/15/2041,16,162,Electronics,89.61,18,0,2.4,1612.98
05/16/2041,9,190,Furniture,395.66,6,0.09,2.5,2160.3036
05/17/2041,10,120,Grocery,373.16,17,0.1,4.1,5709.348
05/18/2041,18,104,Furniture,97.4,14,0.16,2.9,1145.424
05/19/2041,17,134,Clothing,216.7,12,0.27,2.5,1898.292
05/20/2041,18,184,Electronics,217.15,5,0.25,3.8,814.3125
05/21/2041,7,167,Clothing,382.38,7,0.07,3.4,2489.2938
05/22/2041,4,147,Electronics,420.45,16,0.16,1.3,5650.848
05/23/2041,5,179,Electronics,56.44,9,0.2,2.3,406.368
05/24/2041,16,194,Clothing,285.85,15,0.3,4.9,3001.425
05/25/2041,3,189,Electronics,383.26,4,0.01,2.9,1517.7096
05/26/2041,18,161,Electronics,395.23,7,0.14,2.7,2379.2846
05/27/2041,14,134,Furniture,82.52,14,0.3,1.6,808.696
05/28/2041,15,169,Grocery,267.5,4,0.29,4.4,759.7
05/29/2041,17,196,Clothing,430.2,4,0.1,1.5,1548.72
05/30/2041,1,120,Furniture,166.07,14,0,1.4,2324.98
05/31/2041,17,179,Furniture,218.31,7,0.18,2.8,1253.0994
06/01/2041,11,138,Clothing,404.14,15,0.26,2.7,4485.954
06/02/2041,17,133,Electronics,53.77,12,0.1,4.9,580.716
06/03/2041,14,114,Clothing,431.15,14,0.28,1.5,4345.992
06/04/2041,19,105,Grocery,162.47,13,0.1,2.9,1900.899
06/05/2041,7,165,Grocery,10.71,19,0.18,1.8,166.8618
06/06/2041,13,187,Clothing,124.74,12,0.22,3.8,1167.5664
06/07/2041,18,155,Furniture,53.86,16,0.1,2.6,775.584
06/08/2041,14,148,Clothing,55.27,16,0.11,3.6,787.0448
06/09/2041,1,191,Grocery,349.49,1,0.14,2.4,300.5614
06/10/2041,7,100,Clothing,114.85,15,0.25,3.3,1292.0625
06/11/2041,8,164,Electronics,468.02,5,0.03,2.9,2269.897
06/12/2041,18,127,Clothing,263.06,6,0.19,2.5,1278.4716
06/13/2041,9,199,Furniture,235.45,17,0.2,3.2,3202.12
06/14/2041,1,119,Electronics,222.8,11,0.17,2.5,2034.164
06/15/2041,17,147,Grocery,349.37,4,0.28,4.2,1006.1856
06/16/2041,19,171,Clothing,231.61,18,0.18,3,3418.5636
06/17/2041,6,164,Furniture,73.01,14,0.19,4.6,827.9334
06/18/2041,3,189,Furniture,441.28,9,0.18,1.9,3256.6464
06/19/2041,5,150,Grocery,219.91,3,0.22,1.4,514.5894
06/20/2041,2,142,Clothing,46.26,3,0.04,2.5,133.2288
06/21/2041,4,148,Furniture,269.39,11,0.27,1.7,2163.2017
06/22/2041,10,124,Electronics,327.2,5,0.01,2.6,1619.64
06/23/2041,10,173,Clothing,145.04,4,0.19,1.8,469.9296
06/24/2041,11,175,Grocery,402.17,12,0.18,4.5,3957.3528
06/25/2041,16,140,Electronics,338.19,12,0.06,3.3,3814.7832
06/26/2041,17,170,Clothing,328.67,4,0.01,3,1301.5332
06/27/2041,16,163,Furniture,216.2,3,0.04,4.2,622.656
06/28/2041,7,160,Grocery,481.34,2,0.08,1.5,885.6656
06/29/2041,16,111,Grocery,144.35,4,0.26,4.4,427.276
06/30/2041,3,180,Clothing,293.08,4,0.26,2.9,867.5168
07/01/2041,16,168,Grocery,161.44,7,0.02,1.5,1107.4784
07/02/2041,8,113,Electronics,374.95,2,0.09,4.3,682.409
07/03/2041,12,133,Clothing,33.42,11,0.27,2.8,268.3626
07/04/2041,3,147,Electronics,32.49,5,0.07,3.4,151.0785
07/05/2041,17,160,Grocery,407.32,13,0.3,4.6,3706.612
07/06/2041,18,180,Grocery,222.79,4,0.08,4.6,819.8672
07/07/2041,11,134,Grocery,177.18,9,0.22,4.6,1243.8036
07/08/2041,4,164,Electronics,307.69,7,0.13,2.7,1873.8321
07/09/2041,16,158,Grocery,353.93,13,0.04,4,4417.0464
07/10/2041,17,135,Clothing,108.59,10,0.08,1.9,999.028
07/11/2041,9,178,Furniture,100.86,7,0.2,4.3,564.816
07/12/2041,6,118,Clothing,479.49,18,0.1,2.4,7767.738
07/13/2041,2,141,Furniture,298.94,18,0.18,2.9,4412.3544
07/14/2041,9,168,Grocery,201.16,2,0.06,4.6,378.1808
07/15/2041,6,118,Clothing,402.71,1,0.13,4.2,350.3577
07/16/2041,3,138,Electronics,267.33,13,0.15,4.8,2953.9965
07/17/2041,6,168,Furniture,128.41,2,0.12,2.5,226.0016
07/18/2041,7,151,Electronics,111.3,4,0.06,1.6,418.488
07/19/2041,1,111,Furniture,204.46,9,0.14,4.6,1582.5204
07/20/2041,1,182,Grocery,431.35,8,0.21,3,2726.132
07/21/2041,5,146,Clothing,40.11,18,0.29,4.6,512.6058
07/22/2041,6,175,Furniture,117.08,16,0.24,3.9,1423.6928
07/23/2041,13,135,Clothing,447.64,4,0.05,4.5,1701.032
07/24/2041,2,162,Furniture,69.65,4,0.08,3.6,256.312
07/25/2041,15,175,Furniture,318.52,18,0.02,4.2,5618.6928
07/26/2041,15,181,Grocery,114.62,2,0.04,1.5,220.0704
07/27/2041,13,150,Furniture,306.87,11,0.08,4.9,3105.5244
07/28/2041,14,142,Electronics,197.72,4,0.06,1.7,743.4272
07/29/2041,7,133,Furniture,59.82,14,0.06,1.1,787.2312
07/30/2041,14,196,Furniture,295.41,17,0.07,3.1,4670.4321
07/31/2041,10,148,Furniture,344.69,8,0.09,3.8,2509.3432
08/01/2041,17,117,Grocery,343.33,1,0.04,3.9,329.5968
08/02/2041,14,160,Clothing,322.15,19,0.08,2.4,5631.182
08/03/2041,8,156,Clothing,255.11,19,0.21,4,3829.2011
08/04/2041,4,192,Grocery,264.54,7,0.07,4.4,1722.1554
08/05/2041,16,104,Electronics,321.46,1,0.05,3.4,305.387
08/06/2041,13,188,Electronics,348.23,1,0.02,2.5,341.2654
08/07/2041,18,123,Grocery,330.89,10,0.15,3.5,2812.565
08/08/2041,14,192,Clothing,297.6,13,0.25,4.4,2901.6
08/09/2041,18,163,Electronics,86.36,5,0.02,4.6,423.164
08/10/2041,5,158,Grocery,113.2,12,0.16,1.1,1141.056
08/11/2041,9,137,Clothing,137.51,3,0.2,1.5,330.024
08/12/2041,3,132,Electronics,460.63,19,0.18,1,7176.6154
08/13/2041,8,109,Electronics,382.1,4,0.26,3,1131.016
08/14/2041,10,136,Grocery,280.9,15,0.26,2.7,3117.99
08/15/2041,19,196,Clothing,133.51,13,0.02,3.2,1700.9174
08/16/2041,3,186,Electronics,64.34,11,0.11,3.7,629.8886
08/17/2041,11,110,Grocery,450.39,2,0.2,2.5,720.624
08/18/2041,11,123,Electronics,447.41,9,0.29,1.8,2858.9499
08/19/2041,17,187,Clothing,64.24,12,0.24,2.6,585.8688
08/20/2041,16,170,Furniture,400.64,4,0.05,1,1522.432
08/21/2041,7,120,Electronics,228.86,19,0.08,4.3,4000.4728
08/22/2041,4,119,Clothing,168.74,10,0.23,2.5,1299.298
08/23/2041,19,109,Electronics,372.16,11,0.14,3.5,3520.6336
08/24/2041,12,188,Furniture,311.02,7,0.16,2.3,1828.7976
08/25/2041,15,146,Furniture,392.21,13,0.18,3.5,4180.9586
08/26/2041,11,199,Electronics,46.42,9,0.03,3.2,405.2466
08/27/2041,5,146,Grocery,166.11,12,0.26,1.8,1475.0568
08/28/2041,5,114,Electronics,166.47,2,0.26,3.5,246.3756
08/29/2041,15,143,Clothing,171.58,1,0.14,1.4,147.5588
08/30/2041,18,161,Grocery,256.22,7,0.19,2.9,1452.7674
08/31/2041,11,105,Clothing,148.68,1,0.2,3.9,118.944
09/01/2041,12,165,Clothing,227.75,16,0.06,3.2,3425.36
09/02/2041,2,175,Grocery,190.21,4,0.03,4,738.0148
09/03/2041,15,103,Furniture,370.3,8,0.01,2.1,2932.776
09/04/2041,4,122,Clothing,305.72,17,0.27,1.2,3793.9852
09/05/2041,18,112,Electronics,330.28,19,0.1,1.2,5647.788
09/06/2041,6,180,Furniture,113.19,4,0.03,2.1,439.1772
09/07/2041,19,130,Furniture,169.5,4,0.14,2.6,583.08
09/08/2041,11,115,Grocery,20.37,8,0.02,3.2,159.7008
09/09/2041,2,140,Electronics,63.1,10,0.03,4,612.07
09/10/2041,8,189,Electronics,139.88,16,0.15,4.4,1902.368
09/11/2041,11,191,Furniture,42.08,19,0.15,3.8,679.592
09/12/2041,5,100,Clothing,305.29,1,0.17,2.9,253.3907
09/13/2041,18,111,Clothing,499.08,5,0.2,2.1,1996.32
09/14/2041,18,155,Electronics,59.4,2,0.2,2.7,95.04
09/15/2041,14,149,Furniture,412.4,16,0.13,2.1,5740.608
09/16/2041,10,119,Furniture,68.22,13,0.19,3.5,718.3566
09/17/2041,3,165,Furniture,338.26,6,0.09,4.3,1846.8996
09/18/2041,9,135,Grocery,325.15,4,0.13,3.1,1131.522
09/19/2041,3,178,Electronics,452.33,7,0.12,1.2,2786.3528
09/20/2041,11,137,Electronics,65.83,2,0.1,4.8,118.494
09/21/2041,12,121,Clothing,164.57,10,0.07,2.2,1530.501
09/22/2041,12,160,Clothing,54.48,14,0.02,4.7,747.4656
09/23/2041,3,149,Electronics,209.62,8,0.15,4.3,1425.416
09/24/2041,7,195,Electronics,456.68,3,0.16,2.7,1150.8336
09/25/2041,14,158,Clothing,392.95,3,0.1,1.2,1060.965
09/26/2041,11,119,Electronics,364.22,2,0.29,4.8,517.1924
09/27/2041,7,135,Clothing,271.18,17,0.17,3.6,3826.3498
09/28/2041,10,196,Electronics,442.91,19,0.27,2,6143.1617
09/29/2041,11,114,Grocery,230.23,10,0.17,3.1,1910.909
09/30/2041,15,161,Grocery,83.35,12,0.06,3.5,940.188
10/01/2041,19,102,Furniture,420.42,11,0.29,1.9,3283.4802
10/02/2041,16,192,Electronics,147.02,9,0.27,1.4,965.9214
10/03/2041,12,190,Clothing,36.28,13,0.14,2.1,405.6104
10/04/2041,18,104,Electronics,71.76,6,0.07,1.2,400.4208
10/05/2041,13,155,Electronics,308.44,14,0.07,1.3,4015.8888
10/06/2041,5,130,Furniture,307.47,11,0.24,1.6,2570.4492
10/07/2041,4,185,Clothing,137.49,5,0.02,1.6,673.701
10/08/2041,14,134,Electronics,366.32,2,0.19,2,593.4384
10/09/2041,8,170,Clothing,389.08,7,0.19,4.7,2206.0836
10/10/2041,9,169,Electronics,461.05,17,0.05,3.3,7445.9575
10/11/2041,19,125,Furniture,296.62,6,0.21,2.7,1405.9788
10/12/2041,3,100,Clothing,391.92,14,0.21,3.3,4334.6352
10/13/2041,5,182,Electronics,379.02,4,0.11,1,1349.3112
10/14/2041,18,106,Grocery,136.33,3,0.15,4.6,347.6415
10/15/2041,1,135,Clothing,162.01,11,0.25,3.1,1336.5825
10/16/2041,8,175,Furniture,244.46,1,0.16,2.8,205.3464
10/17/2041,19,183,Grocery,19.33,14,0.19,4.8,219.2022
10/18/2041,17,186,Clothing,155.72,6,0.12,3.9,822.2016
10/19/2041,17,124,Clothing,242.2,17,0.04,2.3,3952.704
10/20/2041,11,193,Clothing,62.95,17,0.3,4.7,749.105
10/21/2041,2,158,Clothing,71.88,11,0.16,4.4,664.1712
10/22/2041,6,160,Electronics,236.99,7,0.1,4.8,1493.037
10/23/2041,14,128,Electronics,368.17,13,0.21,1.4,3781.1059
10/24/2041,3,194,Clothing,418.54,8,0.19,4.8,2712.1392
10/25/2041,12,117,Furniture,277.69,8,0.07,3.2,2066.0136
10/26/2041,4,140,Electronics,242.63,9,0.26,3.7,1615.9158
10/27/2041,12,118,Clothing,198.3,7,0.02,1.8,1360.338
10/28/2041,13,103,Clothing,104.55,9,0.18,1.6,771.579
10/29/2041,2,164,Furniture,81.82,11,0.14,1.3,774.0172
10/30/2041,2,140,Furniture,398.03,2,0.1,2.7,716.454
10/31/2041,15,114,Furniture,237.85,18,0.25,1.9,3210.975
11/01/2041,17,153,Grocery,397.26,3,0.2,1.3,953.424
11/02/2041,7,163,Clothing,355,18,0.23,4.8,4920.3
11/03/2041,14,171,Furniture,105.01,16,0.12,3.9,1478.5408
11/04/2041,12,114,Clothing,260.05,8,0.28,3.1,1497.888
11/05/2041,17,178,Electronics,227.57,8,0.1,4,1638.504
11/06/2041,14,149,Clothing,217.7,6,0.16,3.4,1097.208
11/07/2041,6,121,Clothing,275.86,2,0.28,1.7,397.2384
11/08/2041,19,117,Grocery,491.22,16,0.02,3.5,7702.3296
11/09/2041,6,179,Electronics,408.32,9,0.03,3.7,3564.6336
11/10/2041,18,101,Electronics,452.82,19,0.3,1.9,6022.506
11/11/2041,5,135,Grocery,24.52,15,0.29,2.3,261.138
11/12/2041,6,119,Furniture,78.76,2,0.23,2.5,121.2904
11/13/2041,2,115,Furniture,51.53,15,0.15,3.4,657.0075
11/14/2041,8,166,Clothing,138.98,11,0.15,1.5,1299.463
11/15/2041,15,129,Grocery,226.53,12,0.08,4,2500.8912
11/16/2041,15,154,Furniture,324.61,15,0.13,2.4,4236.1605
11/17/2041,11,165,Electronics,255.41,16,0.13,3.8,3555.3072
11/18/2041,1,198,Grocery,452.56,6,0.01,4.7,2688.2064
11/19/2041,18,125,Furniture,470.53,3,0.14,4.5,1213.9674
11/20/2041,12,156,Electronics,90.13,6,0.14,4,465.0708
11/21/2041,12,168,Grocery,427.93,3,0.2,1.8,1027.032
11/22/2041,11,101,Clothing,246.04,13,0.15,3.9,2718.742
11/23/2041,8,155,Clothing,232.13,12,0.26,3.5,2061.3144
11/24/2041,7,183,Electronics,394.62,8,0.11,4.1,2809.6944
11/25/2041,2,161,Furniture,55.64,2,0.12,4.5,97.9264
11/26/2041,11,133,Furniture,442.42,7,0.17,2.2,2570.4602
11/27/2041,10,197,Grocery,338.72,17,0.06,3.6,5412.7456
11/28/2041,3,155,Electronics,438.88,7,0.12,2.1,2703.5008
11/29/2041,10,154,Furniture,497.29,1,0.21,2.4,392.8591
11/30/2041,18,119,Clothing,263.82,4,0.12,3.1,928.6464
12/01/2041,14,149,Electronics,55.7,15,0.27,2.7,609.915
12/02/2041,18,124,Clothing,91.6,4,0.18,3.4,300.448
12/03/2041,8,183,Electronics,168.57,12,0.05,4,1921.698
12/04/2041,10,124,Grocery,60.74,16,0.15,3.4,826.064
12/05/2041,13,152,Furniture,409.52,18,0.23,4.9,5675.9472
12/06/2041,8,113,Furniture,155.47,14,0.19,4,1763.0298
12/07/2041,4,159,Furniture,488.18,14,0.27,4.9,4989.1996
12/08/2041,4,142,Clothing,354.27,11,0.22,4,3039.6366
12/09/2041,5,161,Furniture,94.98,16,0.02,3,1489.2864
12/10/2041,1,175,Electronics,243.26,15,0.03,2.6,3539.433
12/11/2041,17,168,Clothing,238.77,6,0.19,3.9,1160.4222
12/12/2041,2,162,Grocery,251.33,13,0.07,3.7,3038.5797
12/13/2041,8,101,Clothing,272.49,17,0.18,3.7,3798.5106
12/14/2041,7,153,Grocery,25.27,4,0.24,3.9,76.8208
12/15/2041,15,115,Clothing,346.29,12,0.17,4.5,3449.0484
12/16/2041,5,154,Furniture,248.72,18,0.12,1.9,3939.7248
12/17/2041,2,193,Grocery,397.57,8,0.19,3.3,2576.2536
12/18/2041,7,142,Furniture,409.52,12,0.04,3.4,4717.6704
12/19/2041,8,160,Clothing,122.96,4,0.22,2.2,383.6352
12/20/2041,7,137,Grocery,33.73,8,0.21,5,213.1736
12/21/2041,7,144,Electronics,354.58,2,0.15,4.1,602.786
12/22/2041,14,150,Electronics,489.1,4,0.08,2.3,1799.888
12/23/2041,18,141,Clothing,228.86,12,0.24,2.4,2087.2032
12/24/2041,6,123,Grocery,137.21,10,0.15,3.9,1166.285
12/25/2041,4,129,Electronics,86.77,15,0.02,1,1275.519
12/26/2041,10,136,Furniture,150.85,9,0.28,2.9,977.508
12/27/2041,18,152,Furniture,170.68,9,0.23,2.4,1182.8124
12/28/2041,12,162,Clothing,217.7,7,0.18,4.4,1249.598
12/29/2041,16,110,Furniture,331.15,2,0.13,4.2,576.201
12/30/2041,7,177,Furniture,143.85,7,0.29,2.3,714.9345
12/31/2041,6,122,Furniture,34.98,9,0.23,4.5,242.4114
01/01/2042,5,179,Electronics,192.91,18,0.16,4.7,2916.7992
01/02/2042,3,149,Grocery,429.26,12,0.2,3.2,4120.896
01/03/2042,12,184,Clothing,254.19,7,0.08,1.6,1636.9836
01/04/2042,15,154,Grocery,482.74,19,0.06,4.1,8621.7364
01/05/2042,10,154,Grocery,256.77,16,0.08,2.3,3779.6544
01/06/2042,19,103,Grocery,145.19,8,0.09,3.1,1056.9832
01/07/2042,16,196,Electronics,104.72,19,0.22,1.2,1551.9504
01/08/2042,11,153,Furniture,350.32,6,0.04,3,2017.8432
01/09/2042,8,160,Clothing,272.83,2,0.23,2.5,420.1582
01/10/2042,3,177,Grocery,305.96,2,0.16,3.7,514.0128
01/11/2042,7,182,Furniture,380.01,8,0.12,1.2,2675.2704
01/12/2042,7,104,Electronics,365.69,10,0.09,3.5,3327.779
01/13/2042,14,199,Grocery,31.25,11,0.15,4.1,292.1875
01/14/2042,2,194,Furniture,403.26,3,0.1,1.1,1088.802
01/15/2042,10,117,Electronics,271.02,16,0.13,4,3772.5984
01/16/2042,19,143,Furniture,201.94,3,0.22,1.5,472.5396
01/17/2042,9,130,Clothing,273.38,8,0.19,3.8,1771.5024
01/18/2042,16,193,Furniture,310.1,19,0.22,2.8,4595.682
01/19/2042,19,120,Furniture,83.26,12,0.21,3.2,789.3048
01/20/2042,18,146,Clothing,214.53,18,0.24,2.3,2934.7704
01/21/2042,9,129,Clothing,174.44,13,0.06,2,2131.6568
01/22/2042,16,154,Furniture,181.7,11,0.3,1.3,1399.09
01/23/2042,13,167,Clothing,54.75,13,0.14,4.5,612.105
01/24/2042,10,168,Furniture,88.32,3,0.22,3.4,206.6688
01/25/2042,14,140,Grocery,89.3,6,0.2,4.9,428.64
01/26/2042,12,144,Furniture,192.88,3,0.17,4.4,480.2712
01/27/2042,19,173,Electronics,448.3,1,0.3,4.5,313.81
01/28/2042,7,190,Clothing,110.95,14,0.07,3.4,1444.569
01/29/2042,15,179,Grocery,213.93,7,0.13,1.3,1302.8337
01/30/2042,16,129,Clothing,162.69,9,0.04,4.7,1405.6416
01/31/2042,8,176,Clothing,395.82,1,0.05,1.5,376.029
02/01/2042,10,199,Clothing,34.56,10,0.21,3.1,273.024
02/02/2042,4,184,Electronics,106.31,13,0,4.4,1382.03
02/03/2042,19,144,Electronics,113.21,12,0.27,2.9,991.7196
02/04/2042,19,144,Furniture,496.55,4,0.19,1.7,1608.822
02/05/2042,15,178,Electronics,289.68,7,0.13,2.5,1764.1512
02/06/2042,14,183,Clothing,78.09,10,0.1,5,702.81
02/07/2042,1,183,Grocery,143.38,7,0.04,5,963.5136
02/08/2042,16,144,Grocery,92.23,15,0.28,3.8,996.084
02/09/2042,10,154,Grocery,71.06,19,0.21,4.6,1066.6106
02/10/2042,19,158,Clothing,400.62,7,0.1,1.2,2523.906
02/11/2042,3,104,Electronics,252.92,14,0.02,2.1,3470.0624
02/12/2042,5,131,Grocery,319.29,14,0.1,2.5,4023.054
02/13/2042,9,105,Clothing,172.31,18,0.06,1,2915.4852
02/14/2042,18,193,Clothing,281.31,10,0.24,2.5,2137.956
02/15/2042,11,125,Grocery,136.21,3,0.22,1.4,318.7314
02/16/2042,16,136,Grocery,160.94,6,0.15,3.1,820.794
02/17/2042,2,112,Furniture,329.6,9,0.27,1,2165.472
02/18/2042,12,192,Furniture,83.67,14,0.05,2.1,1112.811
02/19/2042,6,168,Clothing,312.44,8,0.14,4.5,2149.5872
02/20/2042,11,124,Furniture,427.6,1,0.21,1.9,337.804
02/21/2042,8,112,Furniture,69.01,3,0.02,1.3,202.8894
02/22/2042,12,187,Grocery,449.76,6,0.11,2,2401.7184
02/23/2042,2,194,Furniture,48.93,1,0.17,4.3,40.6119
02/24/2042,9,119,Clothing,180.97,18,0.11,3.3,2899.1394
02/25/2042,15,171,Grocery,309.15,10,0.14,3.3,2658.69
02/26/2042,2,159,Furniture,284.11,17,0.18,1,3960.4934
02/27/2042,1,172,Furniture,57.23,1,0.11,2.9,50.9347
02/28/2042,10,120,Furniture,401.47,8,0.03,2.1,3115.4072
03/01/2042,2,160,Electronics,486.85,12,0.04,2.3,5608.512
03/02/2042,12,183,Furniture,98.8,19,0.16,3.4,1576.848
03/03/2042,8,178,Furniture,448.61,14,0.05,4.5,5966.513
03/04/2042,5,125,Clothing,282.84,19,0.27,1.7,3922.9908
03/05/2042,1,153,Furniture,468.61,17,0.25,4.1,5974.7775
03/06/2042,15,141,Electronics,96.28,16,0.1,1.2,1386.432
03/07/2042,6,110,Grocery,398.09,19,0.25,2.3,5672.7825
03/08/2042,12,136,Furniture,39.29,5,0.16,1.9,165.018
03/09/2042,8,110,Furniture,442.77,19,0.05,4.7,7991.9985
03/10/2042,13,126,Clothing,340.34,4,0.18,1.7,1116.3152
03/11/2042,19,193,Furniture,191.42,5,0.2,3.3,765.68
03/12/2042,1,182,Furniture,103.33,5,0.03,1.7,501.1505
03/13/2042,11,133,Furniture,410.1,1,0.09,2.9,373.191
03/14/2042,1,137,Furniture,305.59,18,0,2.7,5500.62
03/15/2042,8,160,Grocery,186.6,15,0.09,1.2,2547.09
03/16/2042,5,186,Clothing,227.48,19,0.1,4.3,3889.908
03/17/2042,17,152,Grocery,415.01,14,0.19,4.1,4706.2134
03/18/2042,8,164,Electronics,176.07,6,0.06,2.1,993.0348
03/19/2042,10,102,Furniture,53.92,18,0.01,3.5,960.8544
03/20/2042,2,166,Electronics,456.53,8,0.09,2.5,3323.5384
03/21/2042,9,127,Grocery,199.8,5,0.25,4.1,749.25
03/22/2042,3,113,Electronics,180.71,8,0.12,3.8,1272.1984
03/23/2042,18,151,Furniture,110.16,6,0.12,1.4,581.6448
03/24/2042,7,129,Electronics,449.74,10,0.14,4.4,3867.764
03/25/2042,15,157,Grocery,116.58,3,0.23,1.7,269.2998
03/26/2042,18,153,Furniture,321.97,13,0.14,1.7,3599.6246
03/27/2042,3,168,Clothing,441.57,7,0.03,3.9,2998.2603
03/28/2042,14,114,Grocery,27.11,4,0.06,1.7,101.9336
03/29/2042,2,137,Furniture,416.11,13,0.06,1.5,5084.8642
03/30/2042,14,177,Clothing,211.19,6,0.15,2.3,1077.069
03/31/2042,11,113,Electronics,332.41,16,0.01,4.4,5265.3744
04/01/2042,16,156,Electronics,192.48,1,0.09,1.7,175.1568
04/02/2042,8,158,Electronics,350.8,13,0.18,2.4,3739.528
04/03/2042,7,107,Furniture,134.6,2,0.11,2.1,239.588
04/04/2042,11,171,Electronics,20.75,19,0.21,2.4,311.4575
04/05/2042,3,118,Electronics,474.42,6,0.12,3.9,2504.9376
04/06/2042,17,131,Clothing,18.02,11,0.29,2.6,140.7362
04/07/2042,14,194,Clothing,413.81,17,0.29,4,4994.6867
04/08/2042,6,128,Clothing,92.88,9,0.24,3.6,635.2992
04/09/2042,8,140,Furniture,202.19,5,0.29,2.4,717.7745
04/10/2042,5,174,Grocery,413.02,5,0.06,2.7,1941.194
04/11/2042,8,144,Electronics,110.91,16,0.23,3.8,1366.4112
04/12/2042,2,112,Electronics,434.2,4,0.1,3.1,1563.12
04/13/2042,15,126,Furniture,253.9,13,0.22,4.5,2574.546
04/14/2042,12,118,Electronics,189.42,17,0.11,4.7,2865.9246
04/15/2042,17,125,Furniture,334.59,9,0.09,3.9,2740.2921
04/16/2042,1,152,Furniture,177.28,13,0.29,5,1636.2944
04/17/2042,15,150,Furniture,180.17,16,0.06,3.4,2709.7568
04/18/2042,14,136,Grocery,369.43,10,0.23,1.2,2844.611
04/19/2042,16,108,Furniture,161.82,10,0.2,3,1294.56
04/20/2042,9,191,Grocery,108.38,16,0.09,1.9,1578.0128
04/21/2042,1,195,Grocery,405.75,1,0.14,2.3,348.945
04/22/2042,17,151,Electronics,404.63,11,0.04,3,4272.8928
04/23/2042,13,153,Clothing,253.82,13,0.28,2.2,2375.7552
04/24/2042,5,102,Grocery,268.06,18,0.29,2.2,3425.8068
04/25/2042,10,195,Grocery,351.08,5,0.22,2.6,1369.212
04/26/2042,6,168,Clothing,259.54,4,0.25,2.1,778.62
04/27/2042,19,107,Grocery,214.35,6,0.02,1.7,1260.378
04/28/2042,13,113,Clothing,497.5,15,0.12,4.1,6567
04/29/2042,1,102,Electronics,82.34,2,0.1,2.6,148.212
04/30/2042,15,123,Furniture,300.44,4,0.17,4.3,997.4608
05/01/2042,14,112,Clothing,444.07,14,0.06,4.5,5843.9612
05/02/2042,8,142,Furniture,346.74,4,0.17,4,1151.1768
05/03/2042,10,128,Clothing,441.65,18,0.2,2.6,6359.76
05/04/2042,9,171,Furniture,174.8,16,0.04,3.9,2684.928
05/05/2042,17,150,Electronics,143.28,9,0.04,1.6,1237.9392
05/06/2042,9,141,Grocery,427.12,8,0.01,3.6,3382.7904
05/07/2042,3,130,Electronics,203.12,11,0.23,2.6,1720.4264
05/08/2042,11,162,Grocery,357.74,14,0.1,3.6,4507.524
05/09/2042,12,125,Furniture,82.4,17,0.07,4,1302.744
05/10/2042,10,117,Furniture,380.36,13,0.23,3.3,3807.4036
05/11/2042,17,181,Grocery,279,8,0.04,3.6,2142.72
05/12/2042,17,156,Clothing,141.62,14,0.13,1.9,1724.9316
05/13/2042,11,106,Electronics,252.31,11,0.22,3.4,2164.8198
05/14/2042,4,147,Clothing,351.5,9,0.17,2.8,2625.705
05/15/2042,7,179,Furniture,15.82,8,0.17,2.7,105.0448
05/16/2042,14,159,Electronics,322.36,14,0.05,2.6,4287.388
05/17/2042,7,132,Electronics,275.38,15,0.05,2.2,3924.165
05/18/2042,8,102,Clothing,117.94,1,0.17,2.2,97.8902
05/19/2042,1,103,Grocery,378.96,12,0.01,3.8,4502.0448
05/20/2042,4,199,Grocery,158.7,5,0.26,3.2,587.19
05/21/2042,12,103,Electronics,145.66,14,0.11,1.1,1814.9236
05/22/2042,3,141,Grocery,240.9,16,0.12,1.2,3391.872
05/23/2042,13,108,Furniture,341.31,19,0.08,3.3,5966.0988
05/24/2042,6,150,Clothing,465.13,16,0.26,4.4,5507.1392
05/25/2042,11,116,Clothing,79.27,7,0.19,1.2,449.4609
05/26/2042,4,116,Clothing,204.27,3,0.13,3,533.1447
05/27/2042,16,196,Electronics,42.82,8,0.18,4.4,280.8992
05/28/2042,7,119,Electronics,381.69,14,0.11,1,4755.8574
05/29/2042,11,113,Grocery,229.39,3,0.14,2.1,591.8262
05/30/2042,1,121,Clothing,356.4,11,0.11,4.7,3489.156
05/31/2042,7,151,Furniture,167.88,14,0.12,1.3,2068.2816
06/01/2042,12,126,Furniture,423.72,2,0.09,3.4,771.1704
06/02/2042,7,142,Clothing,272.07,4,0.02,3,1066.5144
06/03/2042,7,102,Electronics,472.37,5,0.01,1.6,2338.2315
06/04/2042,10,187,Electronics,48.62,19,0.05,1.2,877.591
06/05/2042,16,193,Electronics,262,10,0.08,3,2410.4
06/06/2042,8,107,Furniture,385.56,2,0.27,3.9,562.9176
06/07/2042,9,185,Clothing,304.07,3,0.18,1.7,748.0122
06/08/2042,9,188,Furniture,21.37,15,0.29,3.8,227.5905
06/09/2042,2,109,Clothing,486.45,19,0.1,3.2,8318.295
06/10/2042,13,128,Furniture,156.15,2,0.12,2.4,274.824
06/11/2042,13,139,Furniture,132.15,3,0.22,3.7,309.231
06/12/2042,4,164,Grocery,247.97,12,0.17,1.8,2469.7812
06/13/2042,12,120,Furniture,275.66,14,0.16,2.8,3241.7616
06/14/2042,17,123,Clothing,385.48,17,0.17,3.2,5439.1228
06/15/2042,2,172,Furniture,202.7,16,0.18,2.8,2659.424
06/16/2042,13,159,Grocery,225.58,17,0.23,2.6,2952.8422
06/17/2042,18,125,Grocery,272.13,9,0.2,4,1959.336
06/18/2042,15,108,Clothing,203.25,3,0.29,3.6,432.9225
06/19/2042,8,119,Grocery,458.13,14,0.28,3.6,4617.9504
06/20/2042,15,155,Grocery,427.11,3,0.13,4.6,1114.7571
06/21/2042,1,198,Electronics,232.94,6,0.01,5,1383.6636
06/22/2042,10,135,Clothing,10.1,19,0,3.3,191.9
06/23/2042,12,135,Grocery,451.46,13,0.04,2.4,5634.2208
06/24/2042,5,172,Grocery,70.92,5,0.02,4.1,347.508
06/25/2042,9,121,Grocery,129.81,1,0.11,1.6,115.5309
06/26/2042,8,100,Clothing,84.66,12,0.02,3.1,995.6016
06/27/2042,16,168,Electronics,98.11,15,0.19,3.1,1192.0365
06/28/2042,14,172,Furniture,403.41,19,0.06,4.9,7204.9026
06/29/2042,13,136,Electronics,293.96,2,0.15,5,499.732
06/30/2042,13,182,Clothing,478.49,3,0.03,4.2,1392.4059
07/01/2042,5,171,Clothing,123.41,7,0.25,2.9,647.9025
07/02/2042,16,195,Clothing,247.96,11,0.23,3.2,2100.2212
07/03/2042,11,112,Furniture,488.94,10,0.12,2.3,4302.672
07/04/2042,5,183,Clothing,414.96,8,0.27,4.3,2423.3664
07/05/2042,13,199,Electronics,367.02,2,0.06,4,689.9976
07/06/2042,11,142,Grocery,102.6,14,0.24,4.1,1091.664
07/07/2042,19,136,Grocery,387.01,13,0.16,1.6,4226.1492
07/08/2042,3,193,Clothing,180.31,7,0.1,2.6,1135.953
07/09/2042,15,173,Clothing,269.96,9,0.03,3.1,2356.7508
07/10/2042,7,194,Furniture,308.49,7,0.05,1.5,2051.4585
07/11/2042,7,124,Grocery,308.59,1,0.26,2.5,228.3566
07/12/2042,6,192,Furniture,366,1,0.18,1.3,300.12
07/13/2042,3,187,Furniture,334.23,6,0.07,4.8,1865.0034
07/14/2042,13,120,Furniture,43.5,1,0.15,4,36.975
07/15/2042,7,140,Furniture,234.1,16,0.03,3.5,3633.232
07/16/2042,5,172,Electronics,335.37,3,0.03,1.8,975.9267
07/17/2042,18,141,Clothing,155.04,13,0.27,2.3,1471.3296
07/18/2042,8,141,Clothing,163.4,4,0.14,1.6,562.096
07/19/2042,17,101,Furniture,71.04,17,0.11,3.1,1074.8352
07/20/2042,1,167,Furniture,215.12,10,0.28,4.3,1548.864
07/21/2042,14,107,Electronics,493.55,4,0.12,1.1,1737.296
07/22/2042,17,195,Furniture,149.81,12,0.1,1.4,1617.948
07/23/2042,10,160,Electronics,270.4,13,0.08,1.9,3233.984
07/24/2042,12,113,Electronics,374.19,4,0.17,3.9,1242.3108
07/25/2042,16,176,Furniture,16.61,16,0.17,4.6,220.5808
07/26/2042,14,120,Clothing,451.22,19,0,4,8573.18
07/27/2042,16,123,Electronics,199.41,7,0.2,3.1,1116.696
07/28/2042,8,149,Clothing,435.87,1,0.24,1.4,331.2612
07/29/2042,10,181,Clothing,29.08,16,0.18,4,381.5296
07/30/2042,17,144,Electronics,81.38,2,0.26,1.4,120.4424
07/31/2042,18,163,Grocery,168.04,1,0.08,2.4,154.5968
08/01/2042,16,163,Electronics,179.28,14,0.06,2.2,2359.3248
08/02/2042,17,125,Grocery,425.42,5,0.21,2.4,1680.409
08/03/2042,16,131,Electronics,15.49,15,0.06,2.3,218.409
08/04/2042,19,156,Electronics,324.14,10,0.03,4.1,3144.158
08/05/2042,8,152,Clothing,74.34,2,0.03,1.7,144.2196
08/06/2042,6,132,Clothing,413.38,11,0.23,4.4,3501.3286
08/07/2042,6,151,Furniture,391.5,16,0.01,4.4,6201.36
08/08/2042,9,194,Clothing,254.96,19,0.09,3,4408.2584
08/09/2042,4,117,Clothing,114.22,4,0.04,1.4,438.6048
08/10/2042,12,134,Clothing,320.9,10,0.23,3.3,2470.93
08/11/2042,12,111,Clothing,86.57,12,0.15,4.3,883.014
08/12/2042,17,150,Furniture,103.11,2,0.06,2.2,193.8468
08/13/2042,15,188,Clothing,317.08,2,0.23,4.4,488.3032
08/14/2042,9,194,Grocery,495.7,9,0.23,3.7,3435.201
08/15/2042,7,109,Grocery,446.62,12,0.16,4.9,4501.9296
08/16/2042,10,151,Furniture,300.62,2,0.08,4.3,553.1408
08/17/2042,16,133,Clothing,273.88,18,0.18,1.8,4042.4688
08/18/2042,12,166,Grocery,499.21,16,0.28,2.8,5750.8992
08/19/2042,7,138,Electronics,278.22,19,0.02,1.4,5180.4564
08/20/2042,18,107,Grocery,215.86,15,0.08,1.3,2978.868
08/21/2042,15,195,Clothing,455.68,16,0.09,3.8,6634.7008
08/22/2042,6,128,Grocery,124.75,6,0.19,4.7,606.285
08/23/2042,12,121,Electronics,57.79,15,0.2,4.9,693.48
08/24/2042,11,183,Grocery,320.7,12,0.06,2.1,3617.496
08/25/2042,3,169,Clothing,56.97,12,0.06,1.8,642.6216
08/26/2042,2,160,Electronics,192.84,10,0.28,3.2,1388.448
08/27/2042,6,142,Furniture,217.55,15,0.23,1.8,2512.7025
08/28/2042,5,148,Electronics,278.29,4,0.28,2.2,801.4752
08/29/2042,18,128,Grocery,495.91,10,0.25,4.3,3719.325
08/30/2042,16,180,Furniture,118.28,19,0.12,4.2,1977.6416
08/31/2042,8,130,Electronics,194.12,14,0.04,4.6,2608.9728
09/01/2042,11,152,Electronics,74.8,10,0.19,2.9,605.88
09/02/2042,10,133,Electronics,307.73,17,0.11,3.3,4655.9549
09/03/2042,12,137,Clothing,366.56,11,0.13,4.1,3507.9792
09/04/2042,6,156,Furniture,246.22,18,0.13,2,3855.8052
09/05/2042,5,103,Furniture,130.46,2,0.28,4.3,187.8624
09/06/2042,9,101,Electronics,314.24,11,0.02,1.1,3387.5072
09/07/2042,16,111,Furniture,274.19,8,0.06,4.2,2061.9088
09/08/2042,14,134,Grocery,93.88,19,0.18,4.1,1462.6504
09/09/2042,8,169,Grocery,208.78,16,0.27,2.2,2438.5504
09/10/2042,19,171,Electronics,223.25,4,0.28,3.9,642.96
09/11/2042,14,120,Grocery,491.48,14,0.17,1.9,5710.9976
09/12/2042,7,160,Electronics,426.15,17,0.01,3.3,7172.1045
09/13/2042,5,134,Grocery,369.84,11,0.11,3.8,3620.7336
09/14/2042,18,147,Electronics,445.5,3,0.28,3.9,962.28
09/15/2042,2,114,Electronics,370.39,4,0.15,4.9,1259.326
09/16/2042,11,170,Furniture,452.67,13,0.22,1.7,4590.0738
09/17/2042,8,114,Furniture,36.73,17,0.08,2.9,574.4572
09/18/2042,1,105,Electronics,233.47,10,0.01,4.5,2311.353
09/19/2042,12,180,Furniture,375.98,12,0.17,3.2,3744.7608
09/20/2042,2,167,Furniture,295.81,8,0.25,4.5,1774.86
09/21/2042,18,121,Clothing,95.83,3,0.3,2.7,201.243
09/22/2042,7,131,Grocery,176.84,10,0.25,4.2,1326.3
09/23/2042,17,121,Furniture,165.71,7,0.17,4.5,962.7751
09/24/2042,14,126,Electronics,138.06,10,0.18,4.4,1132.092
09/25/2042,7,114,Clothing,178.14,7,0.25,4.5,935.235
09/26/2042,3,143,Clothing,262.28,18,0.01,1.9,4673.8296
09/27/2042,6,185,Furniture,428.89,14,0.29,2.8,4263.1666
09/28/2042,2,191,Electronics,373.6,12,0.16,1.7,3765.888
09/29/2042,17,108,Electronics,419.27,8,0.29,1.7,2381.4536
09/30/2042,12,133,Electronics,442.97,7,0.23,3,2387.6083
10/01/2042,12,199,Electronics,213.91,5,0.05,4.8,1016.0725
10/02/2042,17,172,Electronics,179.55,1,0.05,3.4,170.5725
10/03/2042,10,114,Grocery,38.24,15,0.11,4.4,510.504
10/04/2042,3,161,Electronics,465.94,9,0.08,4.7,3857.9832
10/05/2042,18,144,Electronics,42.25,12,0.13,1.3,441.09
10/06/2042,13,183,Grocery,373.16,18,0.18,1.6,5507.8416
10/07/2042,12,171,Furniture,195.27,11,0.13,2.2,1868.7339
10/08/2042,17,157,Clothing,474.9,10,0.02,3.5,4654.02
10/09/2042,4,191,Grocery,215.6,10,0.29,1.2,1530.76
10/10/2042,10,118,Clothing,410.14,18,0.13,4.1,6422.7924
10/11/2042,11,115,Clothing,148.5,1,0.26,1.3,109.89
10/12/2042,6,174,Grocery,156.55,11,0.02,1.6,1687.609
10/13/2042,6,107,Electronics,301.8,2,0.24,2.5,458.736
10/14/2042,9,132,Clothing,499.01,11,0.05,3.2,5214.6545
10/15/2042,15,173,Electronics,263.61,2,0.2,4.5,421.776
10/16/2042,2,117,Furniture,468.79,9,0.2,4.9,3375.288
10/17/2042,4,134,Grocery,395.26,1,0.27,4.5,288.5398
10/18/2042,5,142,Clothing,399.97,6,0.1,1.4,2159.838
10/19/2042,17,149,Electronics,223.62,2,0.03,3.5,433.8228
10/20/2042,8,102,Clothing,199.41,15,0.26,2.8,2213.451
10/21/2042,8,190,Furniture,104.04,1,0.1,1.5,93.636
10/22/2042,12,158,Furniture,482.33,18,0.07,3.2,8074.2042
10/23/2042,8,127,Clothing,480.1,4,0.15,2.4,1632.34
10/24/2042,19,145,Grocery,376.06,13,0.04,2.4,4693.2288
10/25/2042,3,163,Furniture,155.16,4,0.09,1.4,564.7824
10/26/2042,18,169,Electronics,130.14,15,0.12,4.9,1717.848
10/27/2042,19,146,Furniture,494.42,2,0.08,3.9,909.7328
10/28/2042,19,113,Electronics,42.61,9,0.14,2.1,329.8014
10/29/2042,15,106,Clothing,423.35,12,0.12,4.7,4470.576
10/30/2042,6,173,Electronics,184.17,14,0.23,4.8,1985.3526
10/31/2042,16,178,Clothing,215.25,4,0.28,4.2,619.92
11/01/2042,8,130,Furniture,417.67,15,0.03,3.6,6077.0985
11/02/2042,16,192,Grocery,54.4,4,0.25,2.5,163.2
11/03/2042,18,180,Furniture,183.54,5,0.28,2.7,660.744
11/04/2042,16,150,Furniture,476.49,10,0.21,2.8,3764.271
11/05/2042,11,128,Furniture,352.54,12,0.3,4.8,2961.336
11/06/2042,7,114,Furniture,379.92,12,0.1,4,4103.136
11/07/2042,17,189,Grocery,381.18,8,0.25,2.2,2287.08
11/08/2042,17,175,Furniture,39.68,4,0.2,3.5,126.976
11/09/2042,12,124,Electronics,109.57,3,0.1,3.4,295.839
11/10/2042,13,160,Grocery,250.72,1,0.21,4.2,198.0688
11/11/2042,10,140,Grocery,190.39,18,0.15,1.4,2912.967
11/12/2042,7,168,Electronics,211.35,14,0.06,3.8,2781.366
11/13/2042,14,103,Clothing,392.91,17,0.05,2.3,6345.4965
11/14/2042,1,156,Furniture,17.19,6,0.21,1.5,81.4806
11/15/2042,17,130,Grocery,333.64,6,0.21,3.9,1581.4536
11/16/2042,4,102,Furniture,10.05,10,0.16,2.3,84.42
11/17/2042,5,166,Furniture,40.9,19,0.15,3.9,660.535
11/18/2042,7,189,Electronics,210.06,10,0.05,1.6,1995.57
11/19/2042,10,149,Electronics,422.06,3,0.13,4.9,1101.5766
11/20/2042,17,116,Electronics,81.05,1,0.26,4.2,59.977
11/21/2042,7,159,Furniture,281.76,18,0.26,2.2,3753.0432
11/22/2042,1,173,Grocery,342.47,15,0.2,4,4109.64
11/23/2042,7,165,Grocery,122.47,4,0.3,1.5,342.916
11/24/2042,11,187,Clothing,261.04,18,0.27,3.6,3430.0656
11/25/2042,9,174,Furniture,456.59,10,0.04,1.2,4383.264
11/26/2042,12,123,Clothing,260.99,19,0.12,2.3,4363.7528
11/27/2042,3,198,Clothing,87.09,17,0.04,4.9,1421.3088
11/28/2042,4,186,Clothing,317.63,10,0.14,1.5,2731.618
11/29/2042,4,131,Clothing,300.18,4,0.23,3.4,924.5544
11/30/2042,13,186,Clothing,23.21,5,0.05,1.3,110.2475
12/01/2042,19,197,Furniture,54.39,7,0.26,3.7,281.7402
12/02/2042,10,118,Electronics,86.82,19,0.17,2.1,1369.1514
12/03/2042,5,165,Clothing,76.78,19,0.22,2.2,1137.8796
12/04/2042,7,159,Grocery,137.14,8,0.01,2.4,1086.1488
12/05/2042,16,165,Furniture,232.51,1,0.03,1.8,225.5347
12/06/2042,1,114,Clothing,192.14,8,0.19,4.8,1245.0672
12/07/2042,12,184,Grocery,446.42,19,0.25,4.6,6361.485
12/08/2042,2,134,Clothing,309.93,17,0.26,4.5,3898.9194
12/09/2042,7,168,Electronics,439.31,9,0.21,1.4,3123.4941
12/10/2042,11,126,Furniture,268.25,16,0.06,1.9,4034.48
12/11/2042,13,187,Electronics,54.04,9,0.06,3.4,457.1784
12/12/2042,2,106,Grocery,237.01,19,0.26,4.9,3332.3606
12/13/2042,7,105,Clothing,412.8,16,0.03,3.4,6406.656
12/14/2042,15,132,Electronics,105.11,13,0.21,2.3,1079.4797
12/15/2042,11,157,Electronics,54.69,19,0.16,4.3,872.8524
12/16/2042,2,148,Clothing,171.42,5,0.13,1.5,745.677
12/17/2042,7,116,Furniture,200.56,2,0.13,4.5,348.9744
12/18/2042,4,141,Grocery,160.07,4,0.28,4.9,461.0016
12/19/2042,11,193,Furniture,76.27,12,0.26,4.9,677.2776
12/20/2042,2,171,Grocery,132.91,18,0.26,1.6,1770.3612
12/21/2042,16,139,Grocery,344.32,3,0.12,3.2,909.0048
12/22/2042,7,145,Electronics,199.1,19,0.03,3.3,3669.413
12/23/2042,13,170,Clothing,319.95,4,0.3,1.8,895.86
12/24/2042,5,169,Furniture,272.79,4,0.04,3.2,1047.5136
12/25/2042,17,167,Electronics,279.04,16,0.15,3.6,3794.944
12/26/2042,12,100,Electronics,131.79,11,0.08,2.3,1333.7148
12/27/2042,19,178,Electronics,265.56,13,0.15,2.3,2934.438
12/28/2042,7,194,Furniture,21.56,11,0.09,1.2,215.8156
12/29/2042,6,188,Electronics,221.55,7,0.27,4.8,1132.1205
12/30/2042,8,196,Clothing,290.59,14,0.29,4.2,2888.4646
12/31/2042,13,151,Electronics,99.18,4,0.12,4,349.1136
01/01/2043,5,134,Electronics,135.71,8,0.02,1.1,1063.9664
01/02/2043,2,168,Grocery,117.57,12,0.2,3.5,1128.672
01/03/2043,9,104,Electronics,44.57,13,0.11,1.7,515.6749
01/04/2043,11,199,Furniture,180.45,9,0.3,3.6,1136.835
01/05/2043,6,116,Furniture,489.69,9,0.03,3.5,4274.9937
01/06/2043,7,152,Clothing,183.4,2,0.04,4.4,352.128
01/07/2043,7,151,Furniture,235.66,3,0.21,2,558.5142
01/08/2043,19,113,Furniture,330.01,12,0.23,1.1,3049.2924
01/09/2043,6,128,Electronics,327.76,17,0.14,4.7,4791.8512
01/10/2043,11,107,Clothing,475.45,4,0.08,4.6,1749.656
01/11/2043,11,197,Furniture,430.21,14,0.09,2.8,5480.8754
01/12/2043,7,100,Clothing,399.04,9,0.1,1.3,3232.224
01/13/2043,2,128,Clothing,476.3,8,0.07,3,3543.672
01/14/2043,19,135,Grocery,123.08,1,0.26,3.1,91.0792
01/15/2043,4,150,Grocery,312.36,13,0.02,4.3,3979.4664
01/16/2043,6,136,Electronics,444.73,3,0.12,3.9,1174.0872
01/17/2043,17,192,Furniture,315.83,14,0.22,1.3,3448.8636
01/18/2043,5,168,Electronics,488.94,19,0,3.8,9289.86
01/19/2043,7,152,Electronics,59.17,6,0.26,1.5,262.7148
01/20/2043,9,195,Clothing,225.27,4,0.21,1.4,711.8532
01/21/2043,1,151,Clothing,488.91,1,0.02,2.6,479.1318
01/22/2043,1,187,Clothing,195.99,10,0.27,1.3,1430.727
01/23/2043,19,182,Electronics,372.38,13,0.15,4.3,4114.799
01/24/2043,6,111,Furniture,24.9,12,0.2,2.9,239.04
01/25/2043,18,151,Electronics,350.47,11,0.26,3.3,2852.8258
01/26/2043,10,100,Electronics,467.97,4,0.26,3.3,1385.1912
01/27/2043,11,106,Electronics,197.53,17,0.12,4.9,2955.0488
01/28/2043,1,116,Grocery,20.44,15,0.07,4.7,285.138
01/29/2043,1,197,Grocery,23.68,3,0.08,4.4,65.3568
01/30/2043,13,142,Furniture,447.09,10,0.23,2.5,3442.593
01/31/2043,5,170,Grocery,364.03,14,0.28,1.6,3669.4224
02/01/2043,1,116,Electronics,62.28,19,0.02,3.4,1159.6536
02/02/2043,3,158,Grocery,36.75,4,0,2.8,147
02/03/2043,18,102,Grocery,404.36,14,0.25,1.9,4245.78
02/04/2043,9,128,Electronics,406.83,6,0.12,1.4,2148.0624
02/05/2043,14,121,Furniture,69.06,12,0.08,2.7,762.4224
02/06/2043,17,137,Grocery,157.74,2,0.06,3.6,296.5512
02/07/2043,14,153,Electronics,392.21,17,0.1,3.5,6000.813
02/08/2043,4,192,Electronics,267.45,1,0.29,4.1,189.8895
02/09/2043,5,149,Electronics,478.73,17,0.29,2.9,5778.2711
02/10/2043,17,168,Clothing,245.72,5,0.1,2.3,1105.74
02/11/2043,2,129,Electronics,341.71,16,0.29,3.2,3881.8256
02/12/2043,5,122,Grocery,259.79,14,0.09,4.9,3309.7246
02/13/2043,4,184,Grocery,472.05,10,0.26,1.2,3493.17
02/14/2043,4,189,Electronics,205.34,3,0.06,3.1,579.0588
02/15/2043,6,146,Clothing,122.6,3,0.25,2.3,275.85
02/16/2043,13,120,Clothing,170.05,18,0.11,1.4,2724.201
02/17/2043,5,119,Clothing,427.86,18,0.06,2.7,7239.3912
02/18/2043,7,122,Grocery,253.99,4,0.28,3.6,731.4912
02/19/2043,1,167,Clothing,183.58,7,0.06,3.1,1207.9564
02/20/2043,14,120,Furniture,276.69,1,0.3,1.1,193.683
02/21/2043,4,120,Furniture,75.28,16,0.03,3.3,1168.3456
02/22/2043,17,100,Clothing,12.63,17,0,1.9,214.71
02/23/2043,14,114,Furniture,147.49,8,0.26,2.4,873.1408
02/24/2043,16,116,Electronics,306.45,6,0.18,2.2,1507.734
02/25/2043,14,150,Clothing,358.72,2,0.13,4.4,624.1728
02/26/2043,16,162,Clothing,415.04,10,0.02,1.2,4067.392
02/27/2043,8,113,Clothing,464.07,17,0.17,2.4,6548.0277
02/28/2043,3,158,Electronics,211.94,19,0.12,2.6,3543.6368
03/01/2043,19,182,Electronics,372.85,4,0.15,3.5,1267.69
03/02/2043,1,149,Clothing,46.59,13,0.19,4.2,490.5927
03/03/2043,2,133,Grocery,38.19,19,0.19,3.9,587.7441
03/04/2043,15,105,Grocery,71.15,16,0.29,4,808.264
03/05/2043,10,148,Furniture,229.8,13,0.2,1.8,2389.92
03/06/2043,18,105,Electronics,113.53,5,0.1,4.6,510.885
03/07/2043,14,168,Furniture,150.59,12,0.1,2.7,1626.372
03/08/2043,17,106,Furniture,327.46,7,0.14,1,1971.3092
03/09/2043,13,196,Clothing,185.68,9,0.08,3.7,1537.4304
03/10/2043,1,176,Grocery,283.11,5,0.11,3.4,1259.8395
03/11/2043,5,150,Furniture,212.08,4,0.25,1.5,636.24
03/12/2043,13,100,Clothing,92.79,10,0.26,4.8,686.646
03/13/2043,14,112,Electronics,46.27,16,0.19,3.2,599.6592
03/14/2043,3,142,Furniture,125.75,11,0.17,2.9,1148.0975
03/15/2043,15,126,Grocery,38.27,9,0.13,2.6,299.6541
03/16/2043,19,170,Electronics,313.12,5,0.19,1.8,1268.136
03/17/2043,17,102,Clothing,399.9,11,0.24,4.8,3343.164
03/18/2043,3,157,Electronics,176.47,9,0.22,3.8,1238.8194
03/19/2043,16,188,Furniture,199.68,17,0.01,3.3,3360.6144
03/20/2043,14,196,Electronics,409.93,11,0.22,3.5,3517.1994
03/21/2043,12,116,Electronics,119.08,6,0.22,4.4,557.2944
03/22/2043,12,144,Electronics,68.39,16,0.03,3.5,1061.4128
03/23/2043,11,177,Grocery,255.55,19,0.05,1.5,4612.6775
03/24/2043,17,157,Furniture,326.63,14,0.24,3.8,3475.3432
03/25/2043,8,155,Clothing,303.83,3,0.17,3.3,756.5367
03/26/2043,17,153,Grocery,359.8,10,0.25,4.9,2698.5
03/27/2043,11,186,Furniture,37.81,4,0.06,3.9,142.1656
03/28/2043,2,187,Clothing,219.82,2,0.01,2.4,435.2436
03/29/2043,10,128,Clothing,126.9,13,0.05,1.5,1567.215
03/30/2043,10,153,Clothing,381.97,11,0.14,2.9,3613.4362
03/31/2043,11,126,Furniture,437.64,12,0.16,3.7,4411.4112
04/01/2043,6,144,Clothing,147.85,1,0.26,1.7,109.409
04/02/2043,4,186,Clothing,56.66,9,0.21,3.6,402.8526
04/03/2043,12,130,Grocery,134.18,12,0.3,4.3,1127.112
04/04/2043,11,135,Clothing,60.96,7,0.02,1.6,418.1856
04/05/2043,13,180,Electronics,167.99,17,0.04,3.8,2741.5968
04/06/2043,5,160,Grocery,273.72,10,0.03,1.3,2655.084
04/07/2043,6,136,Grocery,487.1,6,0.16,1,2454.984
04/08/2043,1,166,Furniture,205.69,7,0.08,1.1,1324.6436
04/09/2043,6,135,Clothing,117.82,19,0.21,3.5,1768.4782
04/10/2043,18,104,Electronics,91.73,14,0.04,4.9,1232.8512
04/11/2043,9,145,Electronics,94.79,11,0.03,4.1,1011.4093
04/12/2043,15,178,Clothing,104.37,2,0.14,2,179.5164
04/13/2043,8,151,Clothing,383.51,1,0.11,1.3,341.3239
04/14/2043,19,148,Furniture,39.9,10,0.25,3.5,299.25
04/15/2043,16,105,Electronics,498.73,12,0.25,1,4488.57
04/16/2043,6,109,Grocery,266.12,9,0.04,4.2,2299.2768
04/17/2043,6,195,Furniture,276.69,11,0.24,2,2313.1284
04/18/2043,3,122,Furniture,185.21,1,0.17,2.2,153.7243
04/19/2043,10,116,Grocery,348.23,10,0.15,2.4,2959.955
04/20/2043,1,183,Furniture,241.01,19,0.03,4.1,4441.8143
04/21/2043,14,143,Clothing,171.24,11,0.22,2.1,1469.2392
04/22/2043,4,140,Grocery,139.92,3,0.02,2.1,411.3648
04/23/2043,12,114,Grocery,463.57,16,0.08,3.2,6823.7504
04/24/2043,6,143,Electronics,152.58,10,0.03,2.9,1480.026
04/25/2043,11,157,Grocery,223.83,2,0.16,4.8,376.0344
04/26/2043,12,185,Furniture,181.67,19,0.19,2.1,2795.9013
04/27/2043,10,149,Electronics,52.23,4,0.27,1.4,152.5116
04/28/2043,18,151,Furniture,101.11,16,0.22,3.2,1261.8528
04/29/2043,7,169,Clothing,102.86,6,0.29,1.7,438.1836
04/30/2043,7,167,Clothing,349.89,11,0.23,2.7,2963.5683
05/01/2043,11,162,Electronics,209.23,17,0.09,1.7,3236.7881
05/02/2043,4,157,Electronics,393.16,15,0.16,4.5,4953.816
05/03/2043,1,122,Furniture,357.39,4,0.14,2.3,1229.4216
05/04/2043,13,143,Clothing,104.1,8,0.17,4.1,691.224
05/05/2043,18,182,Electronics,285.83,18,0.17,4.8,4270.3002
05/06/2043,9,194,Clothing,374.03,14,0.21,4.8,4136.7718
05/07/2043,9,143,Clothing,320.19,2,0.02,3.1,627.5724
05/08/2043,9,151,Clothing,304.01,16,0.22,4.9,3794.0448
05/09/2043,10,166,Furniture,372.41,15,0.04,3.6,5362.704
05/10/2043,2,127,Furniture,37.82,6,0.01,1.5,224.6508
05/11/2043,6,166,Clothing,368.4,9,0.16,4.6,2785.104
05/12/2043,15,177,Clothing,143.6,12,0.17,2.9,1430.256
05/13/2043,3,117,Clothing,290.22,10,0.01,1.6,2873.178
05/14/2043,11,126,Grocery,128.73,7,0.15,4.2,765.9435
05/15/2043,6,150,Grocery,421.02,5,0.16,3.5,1768.284
05/16/2043,3,159,Furniture,245.47,8,0.02,4.5,1924.4848
05/17/2043,11,173,Clothing,325.04,12,0.21,4.3,3081.3792
05/18/2043,15,148,Grocery,399.1,1,0.06,2.3,375.154
05/19/2043,13,114,Electronics,448.7,10,0.24,2,3410.12
05/20/2043,10,182,Electronics,368.71,11,0.09,3.9,3690.7871
05/21/2043,6,172,Clothing,82.9,5,0.14,3.3,356.47
05/22/2043,15,167,Grocery,428.72,13,0.27,1.3,4068.5528
05/23/2043,18,114,Electronics,313.1,18,0.24,1.7,4283.208
05/24/2043,18,150,Furniture,308.63,10,0.23,1.6,2376.451
05/25/2043,7,147,Electronics,461.46,17,0.05,3.4,7452.579
05/26/2043,15,171,Furniture,131.93,19,0.01,1.3,2481.6033
05/27/2043,18,100,Electronics,127.4,4,0.18,1.8,417.872
05/28/2043,18,106,Electronics,261.46,9,0.12,3.2,2070.7632
05/29/2043,9,152,Grocery,377.92,18,0.27,1.5,4965.8688
05/30/2043,2,130,Electronics,229.15,16,0.1,2,3299.76
05/31/2043,8,117,Electronics,320.61,7,0.12,4.6,1974.9576
06/01/2043,2,111,Furniture,231.74,12,0.16,3.8,2335.9392
06/02/2043,11,147,Furniture,309.09,4,0.24,2.2,939.6336
06/03/2043,7,129,Electronics,412.91,12,0.08,4.5,4558.5264
06/04/2043,6,196,Clothing,98.43,12,0.28,2,850.4352
06/05/2043,10,106,Electronics,350.74,4,0.16,3.4,1178.4864
06/06/2043,5,191,Electronics,395.84,12,0.25,2.5,3562.56
06/07/2043,11,102,Grocery,229.08,8,0.16,4,1539.4176
06/08/2043,1,162,Electronics,168.38,3,0.23,2.5,388.9578
06/09/2043,2,105,Electronics,16.64,16,0.02,2,260.9152
06/10/2043,1,194,Furniture,400.58,2,0.24,3.4,608.8816
06/11/2043,19,114,Furniture,170.69,6,0.16,4,860.2776
06/12/2043,2,170,Furniture,185.08,17,0.13,3.1,2737.3332
06/13/2043,4,142,Furniture,174.64,12,0.03,3.9,2032.8096
06/14/2043,12,193,Electronics,254.38,9,0.22,2.7,1785.7476
06/15/2043,18,190,Clothing,354.22,16,0.04,4.2,5440.8192
06/16/2043,1,180,Grocery,388.21,7,0.06,3.3,2554.4218
06/17/2043,1,117,Grocery,202.36,8,0.04,1.8,1554.1248
06/18/2043,14,121,Clothing,334.92,7,0,4.6,2344.44
06/19/2043,4,160,Clothing,363.14,5,0.2,4.3,1452.56
06/20/2043,5,160,Grocery,155.49,7,0.08,4.9,1001.3556
06/21/2043,11,152,Electronics,57.34,18,0.04,3.3,990.8352
06/22/2043,13,125,Grocery,448.39,18,0.1,3.7,7263.918
06/23/2043,16,190,Clothing,341.79,16,0.15,4.5,4648.344
06/24/2043,13,139,Electronics,327.57,7,0.15,1.2,1949.0415
06/25/2043,2,187,Grocery,38.86,2,0.11,4.6,69.1708
06/26/2043,16,107,Electronics,410.76,17,0.15,2.1,5935.482
06/27/2043,6,120,Electronics,287.37,8,0.13,1.2,2000.0952
06/28/2043,14,192,Clothing,425.46,2,0.25,2,638.19
06/29/2043,1,142,Furniture,487.53,18,0.01,3.3,8687.7846
06/30/2043,17,120,Grocery,478.98,19,0.26,1.2,6734.4588
07/01/2043,11,102,Clothing,429.48,9,0.07,1,3594.7476
07/02/2043,19,130,Grocery,15.36,12,0.22,3.6,143.7696
07/03/2043,3,126,Furniture,444.01,19,0.12,2.8,7423.8472
07/04/2043,11,126,Furniture,46.78,8,0.09,4.4,340.5584
07/05/2043,5,172,Furniture,427.09,8,0.18,2,2801.7104
07/06/2043,17,156,Furniture,147.29,10,0.23,2.1,1134.133
07/07/2043,7,196,Grocery,308.93,18,0.13,1.3,4837.8438
07/08/2043,10,132,Electronics,28.65,15,0.14,3.2,369.585
07/09/2043,11,189,Electronics,387.88,11,0.02,2.5,4181.3464
07/10/2043,3,191,Furniture,64.74,14,0.28,2.4,652.5792
07/11/2043,10,143,Furniture,211.24,15,0.25,2.8,2376.45
07/12/2043,10,142,Electronics,410.55,14,0.12,4.4,5057.976
07/13/2043,14,130,Clothing,350.72,12,0.23,1.4,3240.6528
07/14/2043,12,164,Furniture,12.96,4,0.09,3.1,47.1744
07/15/2043,15,183,Electronics,207.49,3,0.22,1.8,485.5266
07/16/2043,10,175,Clothing,30.54,12,0.16,1.8,307.8432
07/17/2043,10,116,Electronics,340.01,7,0.14,2,2046.8602
07/18/2043,19,114,Clothing,484.78,7,0.02,2.8,3325.5908
07/19/2043,1,133,Grocery,331.08,19,0.29,3,4466.2692
07/20/2043,10,179,Clothing,119.94,14,0.25,4.5,1259.37
07/21/2043,2,103,Furniture,184.06,1,0.24,4.6,139.8856
07/22/2043,17,171,Clothing,488.56,7,0.09,3.3,3112.1272
07/23/2043,7,197,Clothing,119.79,10,0.09,2.1,1090.089
07/24/2043,7,188,Furniture,285.15,18,0.17,4.3,4260.141
07/25/2043,9,178,Grocery,206.22,13,0.25,4.2,2010.645
07/26/2043,2,127,Clothing,386.47,8,0.28,4.2,2226.0672
07/27/2043,14,172,Grocery,435.02,9,0.08,1.1,3601.9656
07/28/2043,17,101,Electronics,177.01,15,0.18,4,2177.223
07/29/2043,1,116,Electronics,333.59,8,0.22,4.4,2081.6016
07/30/2043,9,157,Furniture,279.03,1,0.07,3.4,259.4979
07/31/2043,19,173,Grocery,146.44,3,0.12,4,386.6016
08/01/2043,4,108,Furniture,143.25,19,0.06,4.1,2558.445
08/02/2043,8,130,Furniture,273.93,9,0.21,3,1947.6423
08/03/2043,13,165,Clothing,85.46,19,0.26,4.3,1201.5676
08/04/2043,4,187,Electronics,407.3,15,0.26,4.2,4521.03
08/05/2043,9,161,Furniture,43.81,14,0.2,4.7,490.672
08/06/2043,9,118,Clothing,56.34,1,0.1,4.7,50.706
08/07/2043,18,180,Clothing,177.69,3,0.2,3.1,426.456
08/08/2043,12,173,Grocery,67.86,2,0.26,1.1,100.4328
08/09/2043,10,154,Electronics,243.09,1,0.19,1.1,196.9029
08/10/2043,11,127,Grocery,205.84,18,0.12,4.8,3260.5056
08/11/2043,7,191,Grocery,363.69,1,0.28,2.3,261.8568
08/12/2043,9,149,Furniture,476.97,9,0.25,2.5,3219.5475
08/13/2043,6,164,Grocery,379.24,7,0.26,2.9,1964.4632
08/14/2043,19,102,Furniture,97.93,13,0.27,2.1,929.3557
08/15/2043,16,178,Grocery,468.41,17,0.12,3.4,7007.4136
08/16/2043,15,151,Clothing,202.15,13,0.26,4.1,1944.683
08/17/2043,7,109,Electronics,242.35,13,0.17,2,2614.9565
08/18/2043,16,120,Electronics,216.57,10,0.01,4,2144.043
08/19/2043,5,136,Electronics,147.47,6,0.19,3.7,716.7042
08/20/2043,16,114,Clothing,448.57,5,0.14,3.1,1928.851
08/21/2043,1,186,Clothing,172.8,10,0.08,2.3,1589.76
08/22/2043,19,177,Grocery,293.51,14,0.29,4.5,2917.4894
08/23/2043,5,178,Grocery,127.62,11,0.02,2.6,1375.7436
08/24/2043,7,173,Grocery,400.71,5,0.28,2.5,1442.556
08/25/2043,19,108,Grocery,389.36,4,0.05,3.6,1479.568
08/26/2043,5,143,Electronics,155.19,3,0.11,4.7,414.3573
08/27/2043,17,138,Grocery,343.96,14,0.13,3,4189.4328
08/28/2043,8,104,Clothing,354.9,13,0.22,3.9,3598.686
08/29/2043,1,124,Clothing,285.63,5,0.06,2.8,1342.461
08/30/2043,2,155,Clothing,304.29,12,0.3,1.9,2556.036
08/31/2043,15,189,Furniture,291.48,10,0.22,1.5,2273.544
09/01/2043,18,163,Furniture,50.11,2,0.24,1.5,76.1672
09/02/2043,11,171,Furniture,338.43,7,0.03,1.1,2297.9397
09/03/2043,10,185,Grocery,240.19,7,0.14,3.2,1445.9438
09/04/2043,4,151,Electronics,224.84,4,0.28,1.5,647.5392
09/05/2043,5,188,Electronics,431.4,12,0.08,4.5,4762.656
09/06/2043,4,175,Grocery,21.38,4,0.04,4.9,82.0992
09/07/2043,13,108,Grocery,133.14,7,0.15,3,792.183
09/08/2043,13,109,Furniture,69.49,13,0.28,2.8,650.4264
09/09/2043,18,109,Clothing,27.32,8,0.15,2.4,185.776
09/10/2043,2,172,Clothing,145.08,14,0.12,3.6,1787.3856
09/11/2043,16,161,Furniture,494.35,3,0.2,3.4,1186.44
09/12/2043,1,189,Furniture,142.41,2,0.28,2.4,205.0704
09/13/2043,19,198,Electronics,335.22,10,0.01,2.4,3318.678
09/14/2043,9,190,Furniture,67.97,6,0.05,3.6,387.429
09/15/2043,3,159,Clothing,304.91,7,0.04,3.2,2048.9952
09/16/2043,7,194,Clothing,492.4,16,0.03,3.9,7642.048
09/17/2043,10,118,Grocery,153,6,0.09,4.8,835.38
09/18/2043,1,137,Electronics,425.56,16,0.07,4.1,6332.3328
09/19/2043,10,105,Grocery,498.81,12,0.16,2.2,5028.0048
09/20/2043,9,114,Electronics,298.39,15,0.1,4,4028.265
09/21/2043,15,192,Grocery,161.61,3,0.12,2.8,426.6504
09/22/2043,15,146,Electronics,340.03,16,0.28,4.1,3917.1456
09/23/2043,3,144,Furniture,423.98,18,0.05,4.5,7250.058
09/24/2043,5,104,Clothing,93.96,15,0.12,2,1240.272
09/25/2043,9,177,Furniture,231.73,6,0.08,2,1279.1496
09/26/2043,9,152,Electronics,166.4,17,0.16,2.7,2376.192
09/27/2043,7,165,Electronics,148.85,2,0.22,1.2,232.206
09/28/2043,12,161,Grocery,431.8,2,0.25,3.7,647.7
09/29/2043,9,122,Electronics,216.61,17,0.15,4,3130.0145
09/30/2043,6,143,Furniture,176.15,19,0.26,2.4,2476.669
10/01/2043,2,151,Electronics,305.72,5,0.24,2.9,1161.736
10/02/2043,9,145,Electronics,117.51,4,0.05,3.4,446.538
10/03/2043,17,118,Grocery,122.65,18,0.07,1.3,2053.161
10/04/2043,1,187,Electronics,264.94,8,0.2,3.8,1695.616
10/05/2043,19,183,Grocery,210.54,9,0.29,3.1,1345.3506
10/06/2043,6,146,Clothing,154.54,18,0.11,3.5,2475.7308
10/07/2043,5,190,Grocery,36.44,11,0.07,3.9,372.7812
10/08/2043,2,151,Electronics,265.18,16,0.26,3.7,3139.7312
10/09/2043,9,123,Clothing,410.14,16,0.06,1.4,6168.5056
10/10/2043,14,116,Electronics,427.17,4,0.21,4.1,1349.8572
10/11/2043,4,188,Grocery,125.37,9,0.01,3.4,1117.0467
10/12/2043,4,145,Furniture,303.82,13,0.01,3.9,3910.1634
10/13/2043,15,163,Clothing,429.38,8,0.14,2,2954.1344
10/14/2043,8,194,Furniture,210.28,11,0.2,1.9,1850.464
10/15/2043,4,127,Furniture,466.75,9,0.04,4.3,4032.72
10/16/2043,16,149,Clothing,452.46,18,0.23,2.6,6271.0956
10/17/2043,4,163,Furniture,111.99,3,0.04,3.3,322.5312
10/18/2043,16,127,Furniture,136.89,18,0.16,3.2,2069.7768
10/19/2043,12,185,Furniture,98.42,19,0.09,3.3,1701.6818
10/20/2043,16,155,Furniture,106.07,9,0.23,1.3,735.0651
10/21/2043,19,158,Clothing,454.85,18,0.24,2.2,6222.348
10/22/2043,8,104,Electronics,466.26,16,0.02,1.3,7310.9568
10/23/2043,6,153,Furniture,35.43,14,0.06,2.9,466.2588
10/24/2043,10,143,Clothing,300.87,19,0.27,4.6,4173.0669
10/25/2043,5,141,Clothing,286.47,15,0.12,2.6,3781.404
10/26/2043,18,171,Clothing,201.37,4,0.14,4.1,692.7128
10/27/2043,10,191,Clothing,319.53,12,0.05,2.1,3642.642
10/28/2043,10,156,Grocery,474.21,7,0.3,4.4,2323.629
10/29/2043,7,146,Electronics,93.42,11,0.28,2.7,739.8864
10/30/2043,18,175,Electronics,69,7,0,2.4,483
10/31/2043,1,124,Furniture,26.36,3,0.17,3.8,65.6364
11/01/2043,7,143,Clothing,188.28,4,0.26,3.1,557.3088
11/02/2043,1,114,Grocery,175.44,2,0.13,2.3,305.2656
11/03/2043,15,150,Clothing,221.1,15,0.13,1.2,2885.355
11/04/2043,4,152,Furniture,256.62,12,0.11,1.7,2740.7016
11/05/2043,10,133,Electronics,381.33,17,0.01,4.1,6417.7839
11/06/2043,9,176,Furniture,202.14,18,0.24,4.7,2765.2752
11/07/2043,2,107,Furniture,172,8,0.14,1.7,1183.36
11/08/2043,14,176,Furniture,415.17,8,0.16,3.3,2789.9424
11/09/2043,16,199,Furniture,426.4,5,0.08,1.1,1961.44
11/10/2043,1,169,Furniture,124.06,9,0.24,2.2,848.5704
11/11/2043,2,195,Furniture,164.19,5,0.24,2.8,623.922
11/12/2043,7,120,Furniture,414.31,10,0.17,3.9,3438.773
11/13/2043,10,106,Electronics,48.91,1,0.27,1.2,35.7043
11/14/2043,1,189,Electronics,169.66,4,0.03,4.1,658.2808
11/15/2043,13,178,Clothing,229.69,16,0.24,1.8,2793.0304
11/16/2043,1,155,Clothing,101.67,18,0.17,4,1518.9498
11/17/2043,5,148,Grocery,98.16,12,0.07,3.5,1095.4656
11/18/2043,16,141,Grocery,218.18,15,0.04,2.4,3141.792
11/19/2043,15,122,Electronics,379.72,18,0.09,3.9,6219.8136
11/20/2043,17,151,Electronics,421.71,5,0.26,1.9,1560.327
11/21/2043,16,178,Grocery,489.83,14,0.24,1.9,5211.7912
11/22/2043,13,152,Electronics,46.25,7,0.19,1.2,262.2375
11/23/2043,11,115,Grocery,116.17,11,0.03,2.6,1239.5339
11/24/2043,17,195,Clothing,380.75,15,0.29,1.4,4054.9875
11/25/2043,17,136,Electronics,274.89,11,0.09,2.7,2751.6489
11/26/2043,2,117,Electronics,170.56,7,0.18,1,979.0144
11/27/2043,13,119,Grocery,110.74,4,0.24,1.6,336.6496
11/28/2043,14,145,Furniture,147.43,1,0.04,4.7,141.5328
11/29/2043,11,101,Furniture,220.35,2,0.2,4.2,352.56
11/30/2043,10,186,Clothing,96.8,4,0.01,1.9,383.328
12/01/2043,3,193,Electronics,482.47,5,0.03,3.9,2339.9795
12/02/2043,17,162,Electronics,62.72,2,0.22,3.7,97.8432
12/03/2043,15,102,Grocery,492.93,2,0.05,1.7,936.567
12/04/2043,9,145,Furniture,422.53,18,0.13,2.5,6616.8198
12/05/2043,10,148,Furniture,217.34,14,0.07,4.7,2829.7668
12/06/2043,8,100,Clothing,372.51,3,0.13,4,972.2511
12/07/2043,13,121,Furniture,339.04,18,0.02,4,5980.6656
12/08/2043,18,192,Furniture,114.51,10,0.23,3.3,881.727
12/09/2043,5,113,Furniture,176.14,6,0.02,3.7,1035.7032
12/10/2043,6,191,Grocery,261.43,2,0.25,3,392.145
12/11/2043,17,184,Furniture,322.54,11,0.2,4,2838.352
12/12/2043,11,144,Clothing,276.02,18,0.12,3.9,4372.1568
12/13/2043,16,195,Furniture,241.76,14,0.26,1.1,2504.6336
12/14/2043,9,105,Clothing,227.14,13,0.06,3.5,2775.6508
12/15/2043,2,164,Grocery,254.15,7,0.08,3.5,1636.726
12/16/2043,5,120,Grocery,222.83,10,0.04,1.3,2139.168
12/17/2043,1,103,Clothing,275.25,19,0.11,2.6,4654.4775
12/18/2043,4,102,Grocery,445.11,13,0.3,4.6,4050.501
12/19/2043,4,129,Electronics,320.09,2,0.05,4.8,608.171
12/20/2043,3,130,Electronics,364.08,12,0.25,4.1,3276.72
12/21/2043,9,133,Electronics,302.77,8,0.2,1.6,1937.728
12/22/2043,12,182,Electronics,325.08,18,0,2.5,5851.44
12/23/2043,10,119,Electronics,293.39,2,0.28,1.7,422.4816
12/24/2043,2,186,Grocery,23.16,16,0.29,3.6,263.0976
12/25/2043,11,153,Clothing,499.8,8,0.28,4.1,2878.848
12/26/2043,10,124,Grocery,26.47,16,0.15,4.5,359.992
12/27/2043,6,114,Furniture,203.62,8,0.07,4.4,1514.9328
12/28/2043,18,137,Electronics,61.51,13,0.12,1.4,703.6744
12/29/2043,2,122,Electronics,57.49,6,0.18,1.5,282.8508
12/30/2043,2,151,Grocery,398.83,1,0.11,4.6,354.9587
12/31/2043,10,165,Furniture,218.7,2,0.21,4.4,345.546
01/01/2044,16,156,Grocery,402.56,7,0.24,2.8,2141.6192
01/02/2044,12,156,Clothing,143.67,13,0.06,2.7,1755.6474
01/03/2044,1,178,Electronics,135.67,4,0.12,3.2,477.5584
01/04/2044,8,151,Grocery,133.1,9,0.29,3.4,850.509
01/05/2044,16,134,Clothing,311.91,19,0.07,2,5511.4497
01/06/2044,18,173,Electronics,409.35,3,0.1,2.6,1105.245
01/07/2044,13,113,Electronics,231.61,2,0.01,3.5,458.5878
01/08/2044,15,190,Electronics,195.83,16,0.1,1.8,2819.952
01/09/2044,12,113,Furniture,487.05,10,0.11,5,4334.745
01/10/2044,8,198,Grocery,67.21,12,0.03,2.1,782.3244
01/11/2044,10,132,Electronics,248.45,18,0,3.2,4472.1
01/12/2044,14,151,Electronics,210.16,2,0.17,3.2,348.8656
01/13/2044,5,100,Clothing,58.08,14,0.09,2.8,739.9392
01/14/2044,18,133,Grocery,141.42,12,0.01,2,1680.0696
01/15/2044,19,118,Clothing,23.94,8,0.26,3.3,141.7248
01/16/2044,15,123,Grocery,439.71,7,0.18,1.4,2523.9354
01/17/2044,6,103,Electronics,307.85,13,0.05,2.5,3801.9475
01/18/2044,11,135,Furniture,409.36,15,0.26,1.9,4543.896
01/19/2044,11,176,Clothing,265.56,14,0.08,1.5,3420.4128
01/20/2044,18,157,Furniture,303.76,5,0.07,4.7,1412.484
01/21/2044,18,131,Furniture,353.42,8,0.27,3.8,2063.9728
01/22/2044,10,108,Furniture,454.93,18,0.05,1.7,7779.303
01/23/2044,2,179,Grocery,54.96,5,0.26,4.8,203.352
01/24/2044,9,166,Grocery,172.16,9,0.24,1.9,1177.5744
01/25/2044,14,119,Furniture,357.42,10,0.09,1.9,3252.522
01/26/2044,19,173,Electronics,479.59,17,0.01,1.5,8071.4997
01/27/2044,10,161,Electronics,490.6,3,0.02,3.9,1442.364
01/28/2044,4,157,Furniture,322.67,1,0.03,3.3,312.9899
01/29/2044,6,121,Clothing,104.86,7,0.27,1.2,535.8346
01/30/2044,14,166,Clothing,68.41,15,0.12,1.1,903.012
01/31/2044,4,174,Grocery,473.56,19,0.01,3.1,8907.6636
02/01/2044,15,188,Clothing,222.62,8,0.17,3.6,1478.1968
02/02/2044,16,147,Electronics,105.46,11,0.06,4.3,1090.4564
02/03/2044,7,107,Furniture,467.61,2,0.07,2.9,869.7546
02/04/2044,17,172,Clothing,61.22,2,0.05,3.7,116.318
02/05/2044,19,114,Furniture,367.49,11,0.23,3.9,3112.6403
02/06/2044,19,131,Clothing,316.38,17,0,3.5,5378.46
02/07/2044,17,152,Grocery,52.99,10,0.13,2.4,461.013
02/08/2044,6,166,Electronics,175.99,5,0.03,1.5,853.5515
02/09/2044,11,103,Grocery,83.47,3,0.17,3.6,207.8403
02/10/2044,16,129,Furniture,306.2,9,0.1,4.1,2480.22
02/11/2044,8,112,Electronics,243.79,2,0.01,1.8,482.7042
02/12/2044,11,120,Electronics,12.09,19,0.14,3,197.5506
02/13/2044,7,140,Grocery,488.1,17,0.17,2.6,6887.091
02/14/2044,19,118,Clothing,181.3,12,0.07,1.8,2023.308
02/15/2044,10,147,Grocery,136.52,9,0.23,2,946.0836
02/16/2044,9,185,Furniture,119,4,0.11,2,423.64
02/17/2044,4,162,Clothing,87.82,18,0.22,2.7,1232.9928
02/18/2044,15,119,Grocery,499.58,16,0.17,2.6,6634.4224
02/19/2044,13,163,Grocery,154.6,10,0.26,3.2,1144.04
02/20/2044,2,136,Clothing,208.7,12,0.16,1.4,2103.696
02/21/2044,2,130,Clothing,436.96,11,0.06,3.3,4518.1664
02/22/2044,16,173,Clothing,324.52,5,0.25,1.1,1216.95
02/23/2044,9,117,Grocery,190.66,11,0.23,2,1614.8902
02/24/2044,13,119,Clothing,450.18,16,0.29,3,5114.0448
02/25/2044,3,181,Clothing,377.36,15,0.03,3.7,5490.588
02/26/2044,9,110,Clothing,121.67,6,0.18,4.1,598.6164
02/27/2044,13,185,Electronics,325.43,13,0.15,1.1,3596.0015
02/28/2044,2,143,Furniture,461.98,16,0.2,3.1,5913.344
02/29/2044,8,181,Clothing,253.27,3,0.29,2.4,539.4651
03/01/2044,9,163,Furniture,369.47,18,0.16,3.8,5586.3864
03/02/2044,16,133,Clothing,485.84,1,0.21,2.1,383.8136
03/03/2044,2,186,Clothing,348.3,17,0.1,4,5328.99
03/04/2044,6,164,Electronics,60.19,6,0.09,3.4,328.6374
03/05/2044,8,154,Electronics,129.83,9,0.1,4.2,1051.623
03/06/2044,5,173,Clothing,301.6,4,0.01,4.9,1194.336
03/07/2044,9,100,Clothing,145.02,7,0.09,4.6,923.7774
03/08/2044,1,137,Clothing,479.2,11,0.05,3.4,5007.64
03/09/2044,9,108,Furniture,208.62,3,0.14,4.6,538.2396
03/10/2044,10,194,Clothing,234.04,16,0.14,1.6,3220.3904
03/11/2044,4,170,Furniture,353.79,6,0.23,1.2,1634.5098
03/12/2044,3,116,Electronics,266.88,7,0.15,3.1,1587.936
03/13/2044,10,198,Furniture,197.25,12,0.14,4.9,2035.62
03/14/2044,15,151,Clothing,47.55,7,0.07,3.8,309.5505
03/15/2044,11,117,Electronics,302.26,19,0.26,2.2,4249.7756
03/16/2044,14,162,Grocery,435.11,16,0.03,3.7,6752.9072
03/17/2044,6,132,Electronics,346.02,18,0.29,1.2,4422.1356
03/18/2044,12,103,Grocery,196.93,10,0.14,2.9,1693.598
03/19/2044,13,186,Furniture,72.59,1,0.06,1.9,68.2346
03/20/2044,17,174,Electronics,410.01,8,0.11,1.2,2919.2712
03/21/2044,16,151,Electronics,471.46,3,0,2,1414.38
03/22/2044,3,108,Electronics,200.25,16,0.05,3.9,3043.8
03/23/2044,2,163,Furniture,367.03,3,0.1,3.2,990.981
03/24/2044,11,129,Clothing,211.27,2,0.17,1.1,350.7082
03/25/2044,9,107,Furniture,256.11,12,0.04,2.6,2950.3872
03/26/2044,3,104,Electronics,419.87,8,0.2,4,2687.168
03/27/2044,18,175,Clothing,50.88,19,0.25,4.8,725.04
03/28/2044,15,162,Electronics,269.86,18,0.17,4.5,4031.7084
03/29/2044,14,100,Electronics,115.16,15,0.09,1,1571.934
03/30/2044,2,114,Grocery,176.5,17,0.04,1.9,2880.48
03/31/2044,17,188,Electronics,325.77,18,0,1.8,5863.86
04/01/2044,8,181,Furniture,23.34,18,0.22,2.7,327.6936
04/02/2044,10,137,Furniture,300.97,9,0.19,3.6,2194.0713
04/03/2044,18,141,Furniture,148.89,5,0.14,1.6,640.227
04/04/2044,19,145,Clothing,338.05,11,0.03,4.7,3606.9935
04/05/2044,8,152,Grocery,79.37,4,0.06,4.1,298.4312
04/06/2044,8,125,Grocery,370.55,10,0.24,2.7,2816.18
04/07/2044,3,160,Electronics,326.36,4,0.14,3.3,1122.6784
04/08/2044,3,166,Electronics,485.91,3,0.29,3.2,1034.9883
04/09/2044,12,153,Grocery,456.51,16,0.3,3.3,5112.912
04/10/2044,17,121,Clothing,148.82,11,0.24,4.4,1244.1352
04/11/2044,4,125,Furniture,23.39,9,0.08,1.8,193.6692
04/12/2044,17,182,Electronics,331.13,1,0.07,3.7,307.9509
04/13/2044,14,159,Grocery,305.41,10,0.08,1.4,2809.772
04/14/2044,19,138,Clothing,23.44,12,0.3,2.8,196.896
04/15/2044,9,135,Furniture,70.11,2,0.1,3.5,126.198
04/16/2044,12,120,Electronics,296.5,15,0.21,1.1,3513.525
04/17/2044,5,140,Furniture,456.8,16,0.29,1.4,5189.248
04/18/2044,11,147,Furniture,454.19,2,0.25,1.4,681.285
04/19/2044,3,125,Grocery,84.23,13,0.18,2.5,897.8918
04/20/2044,15,162,Grocery,198.44,18,0.05,3.5,3393.324
04/21/2044,14,176,Furniture,31.17,19,0.05,5,562.6185
04/22/2044,11,135,Furniture,239.94,11,0.15,2,2243.439
04/23/2044,8,123,Electronics,379.01,14,0.29,1.5,3767.3594
04/24/2044,4,189,Clothing,397.09,3,0.27,2.7,869.6271
04/25/2044,12,120,Clothing,254.5,9,0.05,1.6,2175.975
04/26/2044,8,117,Furniture,56.98,5,0.09,1.1,259.259
04/27/2044,6,114,Grocery,196.87,14,0.18,3.3,2260.0676
04/28/2044,15,178,Clothing,466.73,7,0.14,4.5,2809.7146
04/29/2044,12,105,Furniture,122.51,12,0.04,4.4,1411.3152
04/30/2044,16,142,Grocery,166.68,18,0.11,1.4,2670.2136
05/01/2044,16,130,Electronics,375.95,11,0.29,1.6,2936.1695
05/02/2044,4,127,Clothing,369.45,9,0.29,3,2360.7855
05/03/2044,11,107,Electronics,456.98,11,0.17,2.5,4172.2274
05/04/2044,13,128,Grocery,200.18,18,0.19,3.8,2918.6244
05/05/2044,9,120,Furniture,262.15,2,0.07,3,487.599
05/06/2044,4,180,Electronics,239.02,13,0.22,1.1,2423.6628
05/07/2044,12,187,Furniture,464.6,15,0.02,2.1,6829.62
05/08/2044,9,157,Clothing,386.97,8,0.07,4.6,2879.0568
05/09/2044,13,159,Electronics,417.41,5,0,3,2087.05
05/10/2044,16,149,Clothing,75.22,5,0.12,4.2,330.968
05/11/2044,6,199,Clothing,398,7,0.26,2.6,2061.64
05/12/2044,10,130,Clothing,222.16,12,0.29,3.7,1892.8032
05/13/2044,13,146,Clothing,21.44,12,0.2,1.7,205.824
05/14/2044,7,133,Clothing,39.44,9,0.22,3.9,276.8688
05/15/2044,19,101,Grocery,342.17,4,0.08,4.1,1259.1856
05/16/2044,19,166,Electronics,192.29,8,0.16,1.4,1292.1888
05/17/2044,17,193,Furniture,435.38,19,0.22,1.7,6452.3316
05/18/2044,13,171,Furniture,369.79,1,0.15,2.9,314.3215
05/19/2044,13,151,Grocery,20.62,11,0.03,3.5,220.0154
05/20/2044,2,106,Furniture,346.58,13,0.22,3.5,3514.3212
05/21/2044,10,175,Furniture,104.25,18,0.07,3.7,1745.145
05/22/2044,13,118,Furniture,217.07,10,0.03,3.9,2105.579
05/23/2044,9,189,Electronics,316.12,13,0.14,3,3534.2216
05/24/2044,1,191,Furniture,437.63,12,0.02,3.3,5146.5288
05/25/2044,14,114,Electronics,233.49,13,0.19,1,2458.6497
05/26/2044,16,177,Furniture,406.16,2,0.19,1.7,657.9792
05/27/2044,15,147,Furniture,393.65,3,0.08,3,1086.474
05/28/2044,1,113,Electronics,213.12,17,0.29,4,2572.3584
05/29/2044,17,102,Grocery,255.48,19,0.25,4.2,3640.59
05/30/2044,13,149,Furniture,353.24,12,0.03,3.9,4111.7136
05/31/2044,15,192,Clothing,25.26,16,0.22,2.9,315.2448
06/01/2044,16,153,Clothing,446.5,10,0.11,2.1,3973.85
06/02/2044,16,105,Grocery,387.21,15,0.23,2.8,4472.2755
06/03/2044,2,148,Clothing,132.21,8,0.24,1,803.8368
06/04/2044,17,122,Electronics,490.78,19,0.05,3.4,8858.579
06/05/2044,11,191,Furniture,97.9,5,0.2,1.3,391.6
06/06/2044,8,177,Furniture,457.9,12,0.26,1.6,4066.152
06/07/2044,3,177,Furniture,168.99,10,0.1,3.5,1520.91
06/08/2044,12,119,Furniture,383.94,14,0.02,1.1,5267.6568
06/09/2044,16,176,Clothing,233.62,12,0.01,3.3,2775.4056
06/10/2044,14,190,Clothing,370.87,13,0.03,3.6,4676.6707
06/11/2044,16,159,Clothing,86.33,17,0,4.2,1467.61
06/12/2044,17,198,Electronics,142.06,1,0.1,1.3,127.854
06/13/2044,11,144,Clothing,58.93,10,0.09,1,536.263
06/14/2044,17,160,Clothing,433.92,5,0.03,4.1,2104.512
06/15/2044,19,155,Furniture,155.18,11,0.2,2.2,1365.584
06/16/2044,1,101,Clothing,350.29,10,0.3,4.5,2452.03
06/17/2044,12,144,Grocery,411.91,6,0.27,1.7,1804.1658
06/18/2044,15,139,Grocery,451.69,15,0.08,3.3,6233.322
06/19/2044,18,123,Furniture,62.09,9,0.23,1.4,430.2837
06/20/2044,14,128,Clothing,447.58,8,0.28,2.6,2578.0608
06/21/2044,1,166,Grocery,106.65,6,0.27,4.5,467.127
06/22/2044,13,167,Grocery,371.08,6,0.27,3.4,1625.3304
06/23/2044,15,165,Electronics,367.14,17,0.24,3.8,4743.4488
06/24/2044,7,183,Furniture,14.17,12,0.09,1.9,154.7364
06/25/2044,15,153,Grocery,118.11,7,0.03,4.7,801.9669
06/26/2044,10,152,Grocery,251.04,5,0.15,3.5,1066.92
06/27/2044,14,178,Furniture,215.82,16,0.02,1.4,3384.0576
06/28/2044,6,148,Clothing,460.1,6,0.3,1.1,1932.42
06/29/2044,14,131,Furniture,186.27,8,0.11,1.1,1326.2424
06/30/2044,12,160,Electronics,469.12,3,0.29,1.2,999.2256
07/01/2044,11,141,Electronics,235.12,8,0.23,4.6,1448.3392
07/02/2044,19,100,Electronics,482.53,7,0.12,2.4,2972.3848
07/03/2044,2,162,Grocery,371.3,17,0.04,2.2,6059.616
07/04/2044,1,134,Clothing,416.37,19,0.07,2.7,7357.2579
07/05/2044,8,150,Electronics,61.39,14,0.2,2.6,687.568
07/06/2044,14,170,Furniture,297.21,6,0.25,2,1337.445
07/07/2044,9,144,Electronics,79.92,7,0.29,1.4,397.2024
07/08/2044,2,176,Grocery,155.83,5,0.04,1.4,747.984
07/09/2044,5,164,Electronics,315.55,19,0.05,3.4,5695.6775
07/10/2044,8,113,Clothing,365.85,7,0.01,2.6,2535.3405
07/11/2044,16,192,Electronics,29.2,9,0.08,4.6,241.776
07/12/2044,16,102,Clothing,270.16,12,0.25,2.9,2431.44
07/13/2044,13,123,Clothing,287,15,0.06,3,4046.7
07/14/2044,15,164,Furniture,48.63,15,0.16,4.7,612.738
07/15/2044,1,147,Clothing,255.34,16,0.13,3,3554.3328
07/16/2044,3,109,Grocery,359.78,15,0.1,3,4857.03
07/17/2044,6,112,Grocery,36.08,5,0.19,2.5,146.124
07/18/2044,14,199,Clothing,382.53,12,0.15,3.8,3901.806
07/19/2044,4,172,Clothing,292.45,4,0.1,2.6,1052.82
07/20/2044,18,113,Electronics,418.28,3,0.21,3.4,991.3236
07/21/2044,15,199,Electronics,116.85,1,0.08,2.8,107.502
07/22/2044,9,109,Furniture,418.3,13,0.19,3.1,4404.699
07/23/2044,18,139,Electronics,56.33,5,0.29,4.3,199.9715
07/24/2044,3,122,Grocery,207.88,12,0.22,2.7,1945.7568
07/25/2044,10,198,Electronics,107.75,2,0.13,1.9,187.485
07/26/2044,17,154,Furniture,439.25,6,0.22,3.3,2055.69
07/27/2044,7,162,Furniture,355.41,5,0.24,4.8,1350.558
07/28/2044,15,170,Clothing,22.43,18,0.1,3.8,363.366
07/29/2044,1,141,Furniture,14.67,5,0.21,2.2,57.9465
07/30/2044,11,198,Clothing,152.71,18,0.13,4.9,2391.4386
07/31/2044,17,165,Grocery,80.21,16,0.25,2.4,962.52
08/01/2044,5,178,Grocery,318.85,17,0.09,4.9,4932.6095
08/02/2044,7,172,Electronics,335.26,2,0.28,1.8,482.7744
08/03/2044,19,146,Furniture,471.56,17,0.17,5,6653.7116
08/04/2044,15,180,Grocery,476.5,10,0.11,1.3,4240.85
08/05/2044,3,151,Clothing,332.86,3,0.13,3.9,868.7646
08/06/2044,15,117,Furniture,12.78,14,0.1,4,161.028
08/07/2044,5,178,Furniture,185.91,19,0.04,3.7,3390.9984
08/08/2044,12,117,Clothing,261.44,12,0.02,4.1,3074.5344
08/09/2044,5,123,Furniture,254.6,1,0.1,2.9,229.14
08/10/2044,3,122,Furniture,305.64,7,0.14,1.2,1839.9528
08/11/2044,9,111,Grocery,480.67,7,0.11,2.4,2994.5741
08/12/2044,9,122,Clothing,443.74,13,0,3.6,5768.62
08/13/2044,7,120,Grocery,63.36,9,0.17,3.6,473.2992
08/14/2044,2,163,Clothing,140.33,5,0.04,1.8,673.584
08/15/2044,16,189,Electronics,418.22,4,0.06,2,1572.5072
08/16/2044,9,171,Furniture,413.91,5,0.04,2.9,1986.768
08/17/2044,13,193,Furniture,144.93,12,0.16,3.9,1460.8944
08/18/2044,19,133,Grocery,367.99,8,0.03,4.4,2855.6024
08/19/2044,17,101,Furniture,339.3,13,0.08,1.3,4058.028
08/20/2044,6,168,Furniture,242.03,4,0.14,4.7,832.5832
08/21/2044,4,130,Grocery,108.71,11,0.05,4.7,1136.0195
08/22/2044,1,196,Grocery,445.44,15,0.13,1,5812.992
08/23/2044,18,167,Clothing,342.15,14,0.1,3,4311.09
08/24/2044,19,169,Electronics,92.81,18,0.26,3.3,1236.2292
08/25/2044,9,186,Grocery,355.35,1,0.24,3.2,270.066
08/26/2044,13,118,Clothing,373.3,1,0.3,3.5,261.31
08/27/2044,8,171,Grocery,444.57,11,0.16,3,4107.8268
08/28/2044,13,112,Clothing,119.19,6,0.17,2.2,593.5662
08/29/2044,15,164,Electronics,494.49,5,0.28,1.4,1780.164
08/30/2044,11,105,Clothing,85.16,13,0.12,1.8,974.2304
08/31/2044,12,170,Clothing,304.34,10,0.17,4,2526.022
09/01/2044,14,126,Furniture,332.02,6,0.11,2,1772.9868
09/02/2044,4,178,Grocery,215.29,4,0.16,4.3,723.3744
09/03/2044,1,151,Clothing,242.77,4,0.02,2.6,951.6584
09/04/2044,4,197,Grocery,446.55,7,0.24,2.7,2375.646
09/05/2044,19,186,Clothing,326.18,16,0.3,4.5,3653.216
09/06/2044,9,147,Furniture,253.53,1,0.02,1.9,248.4594
09/07/2044,10,187,Furniture,72.89,9,0.24,1.8,498.5676
09/08/2044,4,178,Electronics,13.6,19,0.07,4.9,240.312
09/09/2044,9,198,Clothing,71.23,15,0.06,3.2,1004.343
09/10/2044,13,167,Furniture,478.53,9,0.21,1.8,3402.3483
09/11/2044,12,143,Grocery,384.4,1,0.01,1.7,380.556
09/12/2044,11,116,Clothing,483.89,1,0.14,4.4,416.1454
09/13/2044,12,194,Clothing,27.5,16,0,3.4,440
09/14/2044,18,137,Electronics,343.31,5,0.17,1.5,1424.7365
09/15/2044,12,109,Grocery,31.7,9,0.14,4.5,245.358
09/16/2044,16,153,Electronics,393.21,1,0.27,2.8,287.0433
09/17/2044,5,190,Clothing,196.67,19,0.22,5,2914.6494
09/18/2044,12,105,Electronics,56.93,16,0.04,2.1,874.4448
09/19/2044,11,105,Clothing,288.34,3,0.11,3.1,769.8678
09/20/2044,9,151,Clothing,147.26,4,0.28,1.7,424.1088
09/21/2044,18,114,Electronics,333.19,12,0.22,2.8,3118.6584
09/22/2044,3,167,Electronics,332.51,7,0.18,1.7,1908.6074
09/23/2044,17,156,Clothing,355.45,15,0.17,2.2,4425.3525
09/24/2044,14,155,Electronics,496.31,15,0.12,2.1,6551.292
09/25/2044,1,106,Electronics,199.48,5,0.18,2.1,817.868
09/26/2044,17,150,Clothing,238,2,0.23,4.9,366.52
09/27/2044,8,157,Grocery,404.26,12,0.04,1.2,4657.0752
09/28/2044,5,163,Electronics,293.4,19,0.29,3,3957.966
09/29/2044,5,125,Electronics,28.26,5,0.07,3.5,131.409
09/30/2044,9,157,Furniture,423.11,3,0.13,3.6,1104.3171
10/01/2044,3,130,Grocery,35.23,6,0.01,4,209.2662
10/02/2044,19,165,Electronics,93.7,13,0.17,4,1011.023
10/03/2044,9,191,Clothing,60.02,15,0.11,4.8,801.267
10/04/2044,18,112,Furniture,48.18,4,0.07,4,179.2296
10/05/2044,16,117,Furniture,22.59,7,0.3,4.3,110.691
10/06/2044,1,193,Furniture,36.96,18,0.13,3.1,578.7936
10/07/2044,2,174,Electronics,226.8,7,0.12,3.6,1397.088
10/08/2044,14,112,Clothing,133.9,12,0.14,2.9,1381.848
10/09/2044,14,123,Furniture,72,11,0.03,2.1,768.24
10/10/2044,1,156,Grocery,332.77,12,0.12,2.3,3514.0512
10/11/2044,16,128,Furniture,120.79,15,0.1,2.4,1630.665
10/12/2044,15,155,Furniture,19.29,8,0.14,2.4,132.7152
10/13/2044,15,153,Grocery,215.03,11,0.26,3.1,1750.3442
10/14/2044,12,104,Furniture,162.11,18,0.06,2,2742.9012
10/15/2044,16,134,Furniture,166.12,10,0.18,3.1,1362.184
10/16/2044,14,118,Grocery,228.18,8,0.01,4.7,1807.1856
10/17/2044,15,154,Electronics,337.77,6,0.1,2.6,1823.958
10/18/2044,15,176,Grocery,312.07,3,0.14,1.9,805.1406
10/19/2044,19,168,Electronics,469.26,12,0.02,2.4,5518.4976
10/20/2044,8,143,Electronics,263.68,17,0.16,4.5,3765.3504
10/21/2044,2,177,Electronics,241.56,3,0.09,4.8,659.4588
10/22/2044,2,137,Grocery,114.57,18,0.3,4.5,1443.582
10/23/2044,10,161,Grocery,380.14,12,0.19,2.1,3694.9608
10/24/2044,3,121,Electronics,78.98,16,0.07,2.6,1175.2224
10/25/2044,17,172,Grocery,250.66,10,0.03,4.9,2431.402
10/26/2044,8,139,Electronics,216.45,19,0.01,2.3,4071.4245
10/27/2044,4,125,Grocery,332.57,9,0.03,1.6,2903.3361
10/28/2044,14,104,Clothing,459.63,14,0.2,2.1,5147.856
10/29/2044,10,192,Grocery,473.83,14,0.26,4.9,4908.8788
10/30/2044,1,153,Grocery,92.22,4,0.05,2.7,350.436
10/31/2044,4,185,Grocery,138.29,15,0.12,4.7,1825.428
11/01/2044,1,148,Electronics,407.7,2,0.11,1.4,725.706
11/02/2044,17,102,Electronics,263.96,18,0.19,4.1,3848.5368
11/03/2044,17,191,Clothing,231.99,2,0.05,1.4,440.781
11/04/2044,7,137,Clothing,358.21,18,0.29,1.8,4577.9238
11/05/2044,15,113,Furniture,304.94,8,0.22,3.5,1902.8256
11/06/2044,13,146,Clothing,485.65,10,0.29,2.7,3448.115
11/07/2044,2,113,Electronics,296.15,4,0.08,3.7,1089.832
11/08/2044,19,174,Clothing,238.33,10,0.18,4.9,1954.306
11/09/2044,13,172,Clothing,275.98,10,0.22,1.2,2152.644
11/10/2044,11,137,Grocery,406.18,3,0.21,1.8,962.6466
11/11/2044,15,163,Clothing,310.21,4,0.01,3.6,1228.4316
11/12/2044,10,143,Furniture,327.05,10,0.3,4.6,2289.35
11/13/2044,9,169,Grocery,486.01,7,0.28,4.2,2449.4904
11/14/2044,9,164,Electronics,313.01,12,0.04,2.9,3605.8752
11/15/2044,1,124,Furniture,196.34,7,0.16,4,1154.4792
11/16/2044,17,115,Electronics,348.75,13,0.09,1.8,4125.7125
11/17/2044,12,114,Furniture,333.14,8,0.26,1.1,1972.1888
11/18/2044,10,197,Grocery,16.79,13,0.21,3.3,172.4333
11/19/2044,5,180,Furniture,238.99,1,0.07,4.3,222.2607
11/20/2044,18,102,Furniture,374.02,16,0.01,2.7,5924.4768
11/21/2044,15,166,Clothing,254.53,19,0.09,3.3,4400.8237
11/22/2044,6,136,Electronics,392.01,19,0.01,2.7,7373.7081
11/23/2044,7,180,Grocery,230.93,13,0.04,3.1,2882.0064
11/24/2044,17,154,Furniture,491.83,7,0.19,4.5,2788.6761
11/25/2044,6,137,Electronics,153.52,15,0.22,2.9,1796.184
11/26/2044,8,162,Electronics,55.14,6,0.14,1,284.5224
11/27/2044,12,100,Clothing,220.71,4,0.18,4.2,723.9288
11/28/2044,14,170,Electronics,275.44,11,0.05,3.5,2878.348
11/29/2044,12,189,Grocery,181.06,19,0.1,3.9,3096.126
11/30/2044,10,118,Clothing,128.72,2,0.21,4.6,203.3776
12/01/2044,15,151,Furniture,339.31,17,0.11,2.1,5133.7603
12/02/2044,7,129,Grocery,194.79,15,0.1,3,2629.665
12/03/2044,9,154,Grocery,319.37,18,0.06,3.4,5403.7404
12/04/2044,10,113,Grocery,391.75,12,0.18,2.4,3854.82
12/05/2044,10,112,Clothing,382.89,3,0.24,4.4,872.9892
12/06/2044,16,183,Electronics,193.9,17,0.14,3.8,2834.818
12/07/2044,7,189,Grocery,288.27,14,0.03,3.9,3914.7066
12/08/2044,5,126,Electronics,230.33,6,0.25,4.2,1036.485
12/09/2044,3,188,Electronics,436.69,4,0.02,2,1711.8248
12/10/2044,18,108,Grocery,440.59,8,0.14,4,3031.2592
12/11/2044,11,140,Electronics,178.43,3,0.08,4.1,492.4668
12/12/2044,15,147,Clothing,54.95,8,0.28,4.4,316.512
12/13/2044,5,111,Clothing,92.12,13,0.22,3,934.0968
12/14/2044,12,109,Furniture,189.83,19,0.17,3,2993.6191
12/15/2044,4,105,Electronics,286.48,15,0.2,1.4,3437.76
12/16/2044,15,133,Electronics,331.83,7,0.16,4.4,1951.1604
12/17/2044,9,151,Furniture,172.37,3,0.04,3.1,496.4256
12/18/2044,7,140,Clothing,337.07,19,0.21,3.4,5059.4207
12/19/2044,10,182,Furniture,469.49,10,0.15,1.5,3990.665
12/20/2044,13,105,Furniture,329.49,16,0.19,3.4,4270.1904
12/21/2044,8,101,Furniture,87.7,14,0.01,1.2,1215.522
12/22/2044,12,114,Electronics,294.04,8,0.04,4.7,2258.2272
12/23/2044,19,116,Electronics,275.53,11,0.18,4.5,2485.2806
12/24/2044,1,115,Electronics,436.64,19,0.14,1.8,7134.6976
12/25/2044,16,127,Electronics,181.65,2,0.07,3.4,337.869
12/26/2044,17,184,Grocery,217.24,5,0.07,3.4,1010.166
12/27/2044,18,171,Furniture,303.34,11,0.19,4.2,2702.7594
12/28/2044,11,109,Furniture,266.97,7,0.02,4,1831.4142
12/29/2044,18,109,Electronics,362.32,8,0.13,5,2521.7472
12/30/2044,7,109,Clothing,29.79,17,0.16,2.4,425.4012
12/31/2044,18,172,Grocery,286.12,12,0.09,1.5,3124.4304
01/01/2045,8,127,Grocery,69.62,18,0.25,3.3,939.87
01/02/2045,6,123,Clothing,164.45,7,0.02,4.1,1128.127
01/03/2045,7,118,Electronics,334.2,9,0.26,2.1,2225.772
01/04/2045,10,196,Grocery,87.13,19,0.22,1.9,1291.2666
01/05/2045,11,167,Grocery,161.33,14,0.13,4.2,1964.9994
01/06/2045,13,155,Furniture,354.47,19,0.28,4,4849.1496
01/07/2045,9,166,Furniture,328.89,18,0.21,1.8,4676.8158
01/08/2045,7,141,Electronics,54.61,15,0.28,4.5,589.788
01/09/2045,9,111,Electronics,292.86,4,0.14,1.5,1007.4384
01/10/2045,13,117,Furniture,82.15,13,0.14,1.4,918.437
01/11/2045,3,122,Furniture,133.61,5,0.16,2.4,561.162
01/12/2045,3,183,Furniture,235.01,12,0.02,4.5,2763.7176
01/13/2045,1,105,Clothing,63.58,17,0.27,3.8,789.0278
01/14/2045,2,152,Grocery,496.89,10,0.2,2.6,3975.12
01/15/2045,3,197,Electronics,91.03,12,0.19,1.6,884.8116
01/16/2045,15,141,Electronics,392.84,6,0.28,3.9,1697.0688
01/17/2045,6,165,Clothing,416.62,12,0.3,3.4,3499.608
01/18/2045,13,129,Furniture,497.29,13,0.05,5,6141.5315
01/19/2045,1,108,Grocery,220.04,17,0.22,4.1,2917.7304
01/20/2045,19,190,Furniture,438.31,10,0.17,1.4,3637.973
01/21/2045,1,141,Electronics,479.19,19,0.14,3.9,7829.9646
01/22/2045,2,133,Clothing,94.72,5,0.29,2,336.256
01/23/2045,15,139,Grocery,244.92,5,0.26,4.8,906.204
01/24/2045,14,187,Grocery,39.41,8,0.21,1.1,249.0712
01/25/2045,19,116,Grocery,314.15,17,0.11,2,4753.0895
01/26/2045,11,128,Grocery,294.89,3,0.2,3,707.736
01/27/2045,15,199,Clothing,110.02,16,0.16,1.3,1478.6688
01/28/2045,6,149,Electronics,400.97,19,0.07,2.4,7085.1399
01/29/2045,9,175,Grocery,28.26,6,0.14,3,145.8216
01/30/2045,5,194,Grocery,405.05,10,0.06,2.8,3807.47
01/31/2045,2,148,Electronics,23.06,16,0.15,2.8,313.616
02/01/2045,6,172,Furniture,331.85,13,0.22,4.5,3364.959
02/02/2045,18,160,Grocery,48.6,3,0.01,3,144.342
02/03/2045,19,182,Grocery,133.1,8,0.23,4.8,819.896
02/04/2045,9,145,Furniture,363.74,8,0.01,1.6,2880.8208
02/05/2045,6,145,Electronics,147.4,7,0.16,2.1,866.712
02/06/2045,14,116,Electronics,260.48,11,0.17,3.6,2378.1824
02/07/2045,13,165,Grocery,458.47,3,0.23,2.1,1059.0657
02/08/2045,11,104,Electronics,34.32,7,0.23,2.4,184.9848
02/09/2045,12,153,Furniture,407.43,11,0.13,4.6,3899.1051
02/10/2045,19,115,Clothing,41.98,17,0.02,3.2,699.3868
02/11/2045,19,180,Furniture,72.13,18,0.21,2.3,1025.6886
02/12/2045,19,190,Furniture,68.47,9,0.15,4.1,523.7955
02/13/2045,13,106,Clothing,497.11,13,0.1,1.3,5816.187
02/14/2045,14,107,Furniture,98.29,15,0.07,3.3,1371.1455
02/15/2045,18,171,Grocery,449.41,19,0.04,1.4,8197.2384
02/16/2045,12,186,Grocery,495.56,15,0.09,1.7,6764.394
02/17/2045,4,195,Electronics,198.05,7,0.14,1.2,1192.261
02/18/2045,10,181,Electronics,319.21,3,0.14,4.6,823.5618
02/19/2045,17,137,Furniture,391.75,8,0.17,1.2,2601.22
02/20/2045,4,153,Grocery,202.4,13,0.11,3.1,2341.768
02/21/2045,12,175,Grocery,89.29,16,0.28,1.9,1028.6208
02/22/2045,13,114,Clothing,222.54,3,0.15,2.5,567.477
02/23/2045,4,191,Electronics,388.22,1,0.13,3,337.7514
02/24/2045,10,149,Grocery,392.57,3,0.01,2.8,1165.9329
02/25/2045,3,155,Furniture,122.96,16,0.18,4,1613.2352
02/26/2045,15,194,Grocery,95.73,1,0.18,4.6,78.4986
02/27/2045,2,108,Electronics,461.07,18,0.17,2.2,6888.3858
02/28/2045,17,107,Furniture,31.56,14,0.27,1.1,322.5432
03/01/2045,6,118,Electronics,370.02,7,0.23,4.6,1994.4078
03/02/2045,8,150,Grocery,32.75,3,0.26,4.9,72.705
03/03/2045,3,171,Grocery,420.57,16,0.02,2.7,6594.5376
03/04/2045,18,197,Grocery,453.65,6,0.1,2.8,2449.71
03/05/2045,1,156,Electronics,155.74,18,0.1,1.6,2522.988
03/06/2045,16,167,Furniture,46.23,13,0.2,2.9,480.792
03/07/2045,7,130,Grocery,245.54,2,0.13,2.2,427.2396
03/08/2045,3,102,Grocery,156.25,12,0.23,5,1443.75
03/09/2045,4,198,Grocery,214.4,4,0.12,1.7,754.688
03/10/2045,9,182,Clothing,335.84,9,0.07,2.5,2810.9808
03/11/2045,5,142,Clothing,112.81,5,0.09,3.5,513.2855
03/12/2045,19,128,Furniture,184.91,10,0.05,2.4,1756.645
03/13/2045,15,109,Electronics,393.46,6,0.06,2.9,2219.1144
03/14/2045,8,111,Grocery,325.44,1,0.07,4.9,302.6592
03/15/2045,6,145,Grocery,169.87,5,0,3,849.35
03/16/2045,18,129,Electronics,335.51,6,0.21,4.6,1590.3174
03/17/2045,19,193,Electronics,385,19,0.12,1.2,6437.2
03/18/2045,15,181,Furniture,300.32,11,0.01,1.5,3270.4848
03/19/2045,7,187,Electronics,127.35,15,0.11,4.8,1700.1225
03/20/2045,10,131,Grocery,10.12,2,0.27,1.5,14.7752
03/21/2045,6,172,Furniture,403.4,15,0.15,3.9,5143.35
03/22/2045,14,146,Clothing,413.09,7,0.3,2.8,2024.141
03/23/2045,17,187,Furniture,351.83,17,0.16,2.6,5024.1324
03/24/2045,9,162,Furniture,47.52,12,0.29,3.6,404.8704
03/25/2045,19,125,Furniture,296.76,12,0.06,3.9,3347.4528
03/26/2045,5,102,Electronics,412.3,5,0.09,4.7,1875.965
03/27/2045,7,122,Grocery,200.94,7,0.21,2,1111.1982
03/28/2045,19,174,Electronics,107.02,2,0.3,3.8,149.828
03/29/2045,7,173,Grocery,297.94,13,0.25,2.4,2904.915
03/30/2045,2,149,Electronics,414.89,9,0.17,3.9,3099.2283
03/31/2045,16,135,Furniture,33.95,15,0.03,1.6,493.9725
04/01/2045,13,112,Grocery,302.51,15,0.11,2.8,4038.5085
04/02/2045,8,128,Electronics,325.16,1,0.03,1.7,315.4052
04/03/2045,6,137,Furniture,305.16,3,0.09,2.3,833.0868
04/04/2045,6,176,Clothing,328.52,1,0.08,3.9,302.2384
04/05/2045,9,189,Electronics,319.37,19,0.12,1.9,5339.8664
04/06/2045,4,183,Electronics,73.9,13,0.25,3.7,720.525
04/07/2045,11,104,Clothing,125.12,15,0.05,3,1782.96
04/08/2045,5,119,Electronics,313.31,13,0.09,1.4,3706.4573
04/09/2045,17,177,Clothing,18.67,18,0.08,2.5,309.1752
04/10/2045,7,113,Grocery,321.02,17,0.09,4.5,4966.1794
04/11/2045,15,107,Clothing,336.04,1,0.11,5,299.0756
04/12/2045,15,147,Furniture,127.2,15,0.07,2.5,1774.44
04/13/2045,14,112,Clothing,303.09,4,0.28,1.2,872.8992
04/14/2045,13,123,Grocery,271.7,2,0.13,1.5,472.758
04/15/2045,11,178,Clothing,137.74,19,0.03,4.2,2538.5482
04/16/2045,13,164,Clothing,236.86,8,0.14,3.6,1629.5968
04/17/2045,9,185,Grocery,455.72,16,0.06,2.1,6854.0288
04/18/2045,10,133,Electronics,219.04,8,0.06,2.6,1647.1808
04/19/2045,4,150,Electronics,318.62,10,0.09,4.2,2899.442
04/20/2045,17,102,Furniture,27.32,16,0.04,2.7,419.6352
04/21/2045,14,189,Furniture,48.12,5,0.22,4,187.668
04/22/2045,18,177,Clothing,49.84,19,0.24,2.2,719.6896
04/23/2045,11,157,Electronics,391.34,6,0.12,3.9,2066.2752
04/24/2045,16,171,Electronics,181.63,10,0.21,2.9,1434.877
04/25/2045,1,154,Clothing,121.53,5,0.12,3.2,534.732
04/26/2045,7,179,Grocery,376.19,19,0.05,3.4,6790.2295
04/27/2045,10,141,Electronics,93.28,19,0.12,2.8,1559.6416
04/28/2045,9,120,Furniture,130.78,13,0.17,2.9,1411.1162
04/29/2045,3,109,Clothing,221.16,15,0.01,2.1,3284.226
04/30/2045,14,156,Grocery,172.4,8,0.2,4.9,1103.36
05/01/2045,15,124,Furniture,296.84,11,0.22,4.6,2546.8872
05/02/2045,2,155,Electronics,175.54,1,0.26,3.1,129.8996
05/03/2045,14,137,Grocery,202.55,4,0.03,1.1,785.894
05/04/2045,16,185,Furniture,432.81,13,0,1.7,5626.53
05/05/2045,7,160,Clothing,443.42,7,0.02,4.4,3041.8612
05/06/2045,4,146,Grocery,415.58,7,0.28,4.7,2094.5232
05/07/2045,18,153,Grocery,433.77,6,0.23,1.6,2004.0174
05/08/2045,5,145,Clothing,289.17,8,0.25,3.9,1735.02
05/09/2045,6,167,Electronics,326.65,12,0.16,3.5,3292.632
05/10/2045,7,103,Electronics,283.01,18,0.16,2.2,4279.1112
05/11/2045,15,193,Grocery,394.94,15,0.09,2.7,5390.931
05/12/2045,1,165,Grocery,279.99,16,0.25,3.7,3359.88
05/13/2045,4,192,Grocery,64.43,1,0.25,1.4,48.3225
05/14/2045,1,142,Furniture,406.69,10,0.12,1.8,3578.872
05/15/2045,11,161,Grocery,382.69,15,0.1,1.1,5166.315
05/16/2045,18,199,Electronics,411.95,13,0.22,4.6,4177.173
05/17/2045,14,184,Clothing,103.31,19,0.01,3.3,1943.2611
05/18/2045,11,184,Clothing,143.09,13,0.26,3.1,1376.5258
05/19/2045,10,184,Clothing,154.92,9,0.13,3.8,1213.0236
05/20/2045,17,103,Grocery,258.96,16,0.13,5,3604.7232
05/21/2045,4,164,Grocery,75.6,14,0.2,1.7,846.72
05/22/2045,15,161,Clothing,198.84,9,0.19,1.5,1449.5436
05/23/2045,16,189,Furniture,99.26,18,0.08,2.2,1643.7456
05/24/2045,13,101,Furniture,139.73,4,0.28,4.6,402.4224
05/25/2045,9,108,Furniture,356.13,12,0.3,2.6,2991.492
05/26/2045,11,156,Furniture,428.86,5,0.16,4.2,1801.212
05/27/2045,11,144,Electronics,21.22,11,0.17,1.8,193.7386
05/28/2045,6,117,Clothing,287.29,5,0.17,3,1192.2535
05/29/2045,1,147,Electronics,27.67,19,0.15,1.5,446.8705
05/30/2045,6,141,Grocery,51.77,7,0.28,2.7,260.9208
05/31/2045,13,140,Furniture,355.49,4,0.07,2,1322.4228
06/01/2045,5,174,Furniture,370.45,8,0.03,3.2,2874.692
06/02/2045,15,188,Clothing,408.85,6,0.28,4.1,1766.232
06/03/2045,18,189,Furniture,242.38,6,0.06,4.8,1367.0232
06/04/2045,14,157,Clothing,431.31,4,0.22,2.1,1345.6872
06/05/2045,15,199,Grocery,91.75,14,0.06,4,1207.43
06/06/2045,5,141,Furniture,132.36,3,0.29,4.5,281.9268
06/07/2045,4,134,Furniture,75.91,10,0.24,1.5,576.916
06/08/2045,2,137,Electronics,400.79,6,0.28,3.3,1731.4128
06/09/2045,7,166,Clothing,122.05,18,0.29,3.4,1559.799
06/10/2045,10,140,Clothing,86.2,10,0.03,2.1,836.14
06/11/2045,16,198,Furniture,315.32,9,0.13,1.1,2468.9556
06/12/2045,10,149,Electronics,47.77,16,0.19,2,619.0992
06/13/2045,18,185,Furniture,32,4,0.24,3.3,97.28
06/14/2045,17,171,Clothing,62.29,11,0.07,1.8,637.2267
06/15/2045,13,178,Clothing,10.12,12,0.27,2.1,88.6512
06/16/2045,1,144,Furniture,351.53,19,0.07,3.8,6211.5351
06/17/2045,1,170,Grocery,285.5,10,0.26,2.6,2112.7
06/18/2045,15,118,Furniture,112.84,7,0.15,1.3,671.398
06/19/2045,1,116,Electronics,124.17,7,0.15,2.6,738.8115
06/20/2045,6,164,Clothing,407.37,18,0.11,5,6526.0674
06/21/2045,13,192,Clothing,255.89,3,0.03,2,744.6399
06/22/2045,1,176,Furniture,352.28,12,0.1,2.1,3804.624
06/23/2045,5,155,Grocery,231.85,14,0.13,1.7,2823.933
06/24/2045,9,192,Clothing,126.48,2,0.14,2.1,217.5456
06/25/2045,17,140,Furniture,485.5,9,0.22,3.3,3408.21
06/26/2045,16,141,Grocery,287.17,10,0.11,4.9,2555.813
06/27/2045,8,105,Furniture,74.18,6,0.12,3.4,391.6704
06/28/2045,17,168,Furniture,208.98,17,0.27,2.6,2593.4418
06/29/2045,15,197,Furniture,171.38,15,0.23,2.6,1979.439
06/30/2045,1,174,Clothing,114.9,1,0.01,1.1,113.751
07/01/2045,12,172,Grocery,467.39,13,0.24,1,4617.8132
07/02/2045,5,139,Electronics,441.65,10,0.3,4.2,3091.55
07/03/2045,6,140,Electronics,107.58,12,0.28,3,929.4912
07/04/2045,1,108,Clothing,182.55,16,0.25,1.1,2190.6
07/05/2045,1,107,Clothing,383.53,2,0.19,2.1,621.3186
07/06/2045,10,143,Furniture,112.17,3,0.08,2.4,309.5892
07/07/2045,10,157,Furniture,299.87,8,0.2,4.1,1919.168
07/08/2045,3,166,Grocery,352.9,15,0.21,2.7,4181.865
07/09/2045,17,112,Furniture,330.45,19,0.08,4.2,5776.266
07/10/2045,19,118,Grocery,356.14,18,0.08,3.5,5897.6784
07/11/2045,11,197,Furniture,356.28,1,0.12,1.1,313.5264
07/12/2045,18,195,Furniture,482.75,19,0.19,4.9,7429.5225
07/13/2045,2,148,Electronics,179.78,2,0.09,1.7,327.1996
07/14/2045,9,179,Clothing,440.51,5,0.17,2.1,1828.1165
07/15/2045,17,199,Grocery,20.69,18,0.27,4.2,271.8666
07/16/2045,14,181,Electronics,151.22,16,0.09,1.8,2201.7632
07/17/2045,4,177,Furniture,33.84,10,0.29,2.6,240.264
07/18/2045,17,129,Electronics,329.09,3,0.14,4.5,849.0522
07/19/2045,17,165,Grocery,59.39,10,0.03,3.5,576.083
07/20/2045,12,176,Clothing,424.4,13,0.02,2.2,5406.856
07/21/2045,18,190,Electronics,326.83,10,0.1,3.6,2941.47
07/22/2045,3,158,Grocery,24.12,11,0.08,4.3,244.0944
07/23/2045,11,152,Furniture,360.24,7,0.25,2.6,1891.26
07/24/2045,18,151,Electronics,432.4,2,0.22,3.3,674.544
07/25/2045,4,180,Clothing,333.95,19,0.27,5,4631.8865
07/26/2045,17,130,Grocery,24.96,18,0.18,4.9,368.4096
07/27/2045,18,114,Clothing,430.38,11,0.13,3,4118.7366
07/28/2045,5,119,Furniture,368.91,17,0.08,1.4,5769.7524
07/29/2045,14,104,Clothing,195.44,3,0.17,3.8,486.6456
07/30/2045,10,106,Furniture,171.03,12,0.19,2.1,1662.4116
07/31/2045,15,117,Furniture,245.11,2,0.12,3.7,431.3936
08/01/2045,1,155,Electronics,434.88,1,0.28,2.4,313.1136
08/02/2045,16,174,Furniture,133.51,9,0.19,3.9,973.2879
08/03/2045,11,195,Clothing,59.47,19,0.25,2.5,847.4475
08/04/2045,6,190,Electronics,433.67,8,0.19,4.8,2810.1816
08/05/2045,16,189,Furniture,22.88,9,0.09,1.5,187.3872
08/06/2045,2,144,Grocery,456.39,7,0.22,1.3,2491.8894
08/07/2045,1,127,Grocery,159.82,4,0.07,4.1,594.5304
08/08/2045,9,149,Furniture,259.03,16,0.18,2.6,3398.4736
08/09/2045,12,101,Electronics,74.82,6,0.12,2.9,395.0496
08/10/2045,17,183,Electronics,452.1,18,0.04,4.7,7812.288
08/11/2045,15,167,Electronics,377.42,2,0.12,3.4,664.2592
08/12/2045,19,176,Clothing,462.84,11,0.09,3.6,4633.0284
08/13/2045,10,123,Grocery,344.78,5,0.03,1.1,1672.183
08/14/2045,12,147,Furniture,100.5,17,0.25,3.7,1281.375
08/15/2045,14,144,Furniture,161.05,5,0.15,2.6,684.4625
08/16/2045,9,192,Grocery,248.56,3,0.1,2.8,671.112
08/17/2045,13,157,Clothing,307.56,19,0.15,4.2,4967.094
08/18/2045,3,135,Electronics,463.97,8,0.23,3.1,2858.0552
08/19/2045,14,101,Grocery,198.14,11,0.01,4.9,2157.7446
08/20/2045,10,117,Furniture,354.51,3,0.16,4.2,893.3652
08/21/2045,16,148,Clothing,480.89,3,0.14,3.9,1240.6962
08/22/2045,7,107,Furniture,84.66,1,0.27,3.4,61.8018
08/23/2045,4,157,Electronics,432.73,13,0.17,2.6,4669.1567
08/24/2045,11,114,Grocery,216.15,10,0.04,1.2,2075.04
08/25/2045,16,116,Electronics,368.89,6,0.12,1.1,1947.7392
08/26/2045,4,122,Clothing,153.83,11,0.19,1.2,1370.6253
08/27/2045,17,165,Grocery,173.65,8,0.01,4.8,1375.308
08/28/2045,13,169,Electronics,23.3,19,0.27,2.3,323.171
08/29/2045,11,192,Electronics,485.99,11,0.02,3.8,5238.9722
08/30/2045,3,126,Electronics,408.59,6,0.01,3.4,2427.0246
08/31/2045,9,136,Clothing,56.02,12,0,3.3,672.24
09/01/2045,6,148,Electronics,499.76,18,0.21,3.3,7106.5872
09/02/2045,11,163,Furniture,306.46,3,0.14,2.2,790.6668
09/03/2045,16,133,Grocery,428.33,13,0.03,4.5,5401.2413
09/04/2045,19,117,Grocery,42.66,4,0.26,4.7,126.2736
09/05/2045,5,163,Electronics,200.83,9,0.06,3.6,1699.0218
09/06/2045,14,173,Clothing,338.13,16,0.1,4.5,4869.072
09/07/2045,17,143,Furniture,62.15,12,0.05,1.2,708.51
09/08/2045,3,116,Furniture,249.56,7,0.28,1.4,1257.7824
09/09/2045,4,158,Grocery,226.91,12,0.23,3.2,2096.6484
09/10/2045,16,112,Grocery,115.86,8,0.22,4.4,722.9664
09/11/2045,16,151,Furniture,157.13,15,0.01,2.3,2333.3805
09/12/2045,4,159,Grocery,483.89,2,0.16,3.2,812.9352
09/13/2045,19,141,Electronics,151.44,11,0.17,1,1382.6472
09/14/2045,17,190,Furniture,114.58,5,0.11,4.9,509.881
09/15/2045,13,163,Grocery,272.74,6,0.1,4.1,1472.796
09/16/2045,1,165,Electronics,338.77,19,0.26,2.4,4763.1062
09/17/2045,12,133,Electronics,365.3,14,0.01,4.9,5063.058
09/18/2045,4,194,Furniture,379.58,7,0.19,1.4,2152.2186
09/19/2045,11,186,Electronics,28.05,12,0.12,2.9,296.208
09/20/2045,5,170,Furniture,202.94,17,0.2,1.2,2759.984
09/21/2045,2,163,Electronics,389.24,4,0.06,2.3,1463.5424
09/22/2045,17,132,Furniture,453.38,10,0.07,1.9,4216.434
09/23/2045,8,111,Furniture,305.08,1,0.18,2.3,250.1656
09/24/2045,6,175,Furniture,35.63,4,0.29,4.8,101.1892
09/25/2045,9,118,Furniture,204.36,13,0.29,2.7,1886.2428
09/26/2045,13,108,Electronics,46.37,6,0.07,2.3,258.7446
09/27/2045,11,173,Furniture,376.78,15,0.03,3.6,5482.149
09/28/2045,16,116,Grocery,41.12,14,0.18,3.7,472.0576
09/29/2045,16,149,Electronics,101.01,3,0.13,4.9,263.6361
09/30/2045,2,138,Furniture,214.31,19,0.23,3.2,3135.3553
10/01/2045,10,140,Electronics,236.7,6,0.16,4,1192.968
10/02/2045,12,109,Electronics,209.18,2,0.15,2.5,355.606
10/03/2045,8,111,Electronics,237.06,9,0.19,1.7,1728.1674
10/04/2045,11,178,Electronics,359.49,13,0.04,2.7,4486.4352
10/05/2045,10,194,Furniture,190.94,18,0.2,2.7,2749.536
10/06/2045,13,114,Electronics,278.4,12,0.15,2.7,2839.68
10/07/2045,17,127,Grocery,158.65,4,0.25,3.8,475.95
10/08/2045,7,103,Electronics,183.28,7,0.04,2.6,1231.6416
10/09/2045,3,135,Electronics,310.76,12,0.09,4.8,3393.4992
10/10/2045,13,164,Grocery,250.34,11,0.29,4.9,1955.1554
10/11/2045,19,197,Furniture,364.29,7,0.17,3.1,2116.5249
10/12/2045,7,146,Grocery,284.66,10,0.28,3.2,2049.552
10/13/2045,9,180,Clothing,403.75,9,0.21,2.6,2870.6625
10/14/2045,19,138,Grocery,227.27,2,0.28,2.4,327.2688
10/15/2045,13,137,Furniture,250.61,5,0.1,4.9,1127.745
10/16/2045,8,143,Grocery,338.29,10,0.03,1.2,3281.413
10/17/2045,18,150,Electronics,118.41,14,0.24,2.6,1259.8824
10/18/2045,2,196,Furniture,199.11,16,0.24,1.6,2421.1776
10/19/2045,18,184,Clothing,316.17,2,0.19,3.9,512.1954
10/20/2045,18,125,Furniture,24.15,19,0.17,1.8,380.8455
10/21/2045,11,135,Electronics,224.12,9,0.27,4.5,1472.4684
10/22/2045,1,168,Clothing,303.44,14,0.05,2.5,4035.752
10/23/2045,14,196,Furniture,484.01,15,0.18,4.7,5953.323
10/24/2045,16,100,Furniture,439.74,19,0.01,4.9,8271.5094
10/25/2045,11,152,Electronics,147.56,8,0.04,4.1,1133.2608
10/26/2045,1,105,Grocery,258.53,15,0.13,3.5,3373.8165
10/27/2045,7,136,Grocery,37.64,8,0.25,1.6,225.84
10/28/2045,16,101,Clothing,127.97,4,0.22,4.7,399.2664
10/29/2045,14,168,Electronics,389.68,6,0.29,4.1,1660.0368
10/30/2045,15,189,Electronics,70.42,11,0.01,2.2,766.8738
10/31/2045,14,140,Grocery,136.27,12,0.11,2.9,1455.3636
11/01/2045,11,150,Grocery,472.58,9,0.05,1.3,4040.559
11/02/2045,16,146,Clothing,413.69,18,0.01,3.6,7371.9558
11/03/2045,19,112,Grocery,393.1,17,0.08,1.5,6148.084
11/04/2045,17,175,Clothing,433.63,3,0.07,3.6,1209.8277
11/05/2045,6,168,Furniture,377.31,13,0.13,3.7,4267.3761
11/06/2045,11,165,Clothing,69.09,6,0.04,2.3,397.9584
11/07/2045,17,158,Clothing,263.12,14,0.15,4.8,3131.128
11/08/2045,9,167,Clothing,227.68,1,0.28,4.1,163.9296
11/09/2045,18,158,Furniture,162.46,4,0.22,3,506.8752
11/10/2045,17,190,Grocery,418.68,18,0.25,4.7,5652.18
11/11/2045,12,109,Clothing,237.43,11,0.24,4.4,1984.9148
11/12/2045,5,112,Grocery,39.55,11,0.12,3.8,382.844
11/13/2045,11,101,Clothing,144.73,8,0.21,1.6,914.6936
11/14/2045,4,189,Grocery,122.02,4,0.23,3,375.8216
11/15/2045,4,114,Clothing,444.86,2,0.06,4.5,836.3368
11/16/2045,3,145,Grocery,327.24,1,0.26,3.4,242.1576
11/17/2045,17,156,Electronics,284.58,10,0.14,3.2,2447.388
11/18/2045,7,109,Furniture,258.26,17,0,4.8,4390.42
11/19/2045,4,121,Clothing,328.56,7,0.19,1.1,1862.9352
11/20/2045,13,188,Furniture,379.89,7,0.2,1,2127.384
11/21/2045,12,178,Clothing,281.65,13,0.17,4.6,3039.0035
11/22/2045,1,176,Electronics,469.76,1,0.06,1.2,441.5744
11/23/2045,19,107,Electronics,488.65,1,0.14,2.3,420.239
11/24/2045,18,120,Furniture,497.72,13,0.12,4.7,5693.9168
11/25/2045,11,184,Clothing,338,1,0.29,3.8,239.98
11/26/2045,3,121,Grocery,466.98,6,0.25,3.6,2101.41
11/27/2045,17,196,Clothing,208.2,10,0.23,3.6,1603.14
11/28/2045,12,144,Grocery,431.2,1,0.05,2.3,409.64
11/29/2045,10,190,Furniture,455.5,5,0.1,3.1,2049.75
11/30/2045,8,139,Furniture,453.03,2,0.11,3.5,806.3934
12/01/2045,15,121,Electronics,417.11,3,0.15,2.2,1063.6305
12/02/2045,5,129,Grocery,209.23,3,0.01,4.2,621.4131
12/03/2045,4,161,Clothing,87.86,18,0.18,2.3,1296.8136
12/04/2045,19,172,Electronics,173.64,8,0.11,1.3,1236.3168
12/05/2045,4,144,Furniture,385.97,9,0.17,1.8,2883.1959
12/06/2045,15,134,Electronics,124.11,2,0,2.6,248.22
12/07/2045,17,181,Clothing,244.35,2,0.1,4.6,439.83
12/08/2045,12,141,Clothing,287.05,16,0.23,2.7,3536.456
12/09/2045,3,104,Furniture,305.89,7,0.15,1.4,1820.0455
12/10/2045,10,126,Electronics,468.51,4,0.24,1.8,1424.2704
12/11/2045,15,169,Grocery,334.13,5,0.21,3.2,1319.8135
12/12/2045,10,161,Grocery,395.29,1,0.26,1.7,292.5146
12/13/2045,18,131,Grocery,295.12,10,0,1.3,2951.2
12/14/2045,1,107,Clothing,418.45,13,0.08,3.9,5004.662
12/15/2045,3,184,Electronics,139.2,15,0.16,4.1,1753.92
12/16/2045,12,117,Grocery,112.84,1,0.28,4.4,81.2448
12/17/2045,1,177,Electronics,463.9,18,0.2,4.4,6680.16
12/18/2045,3,114,Furniture,349.81,14,0.14,2.5,4211.7124
12/19/2045,3,125,Grocery,339.05,18,0.04,3.9,5858.784
12/20/2045,5,152,Electronics,238.97,12,0.15,3.3,2437.494
12/21/2045,19,143,Clothing,194.58,12,0.13,1.1,2031.4152
12/22/2045,1,131,Furniture,282.29,5,0.23,2.6,1086.8165
12/23/2045,4,127,Furniture,69.08,7,0.12,1.2,425.5328
12/24/2045,4,138,Furniture,232.81,13,0.1,1.3,2723.877
12/25/2045,17,131,Furniture,233.13,9,0.03,1.2,2035.2249
12/26/2045,14,176,Clothing,273.78,6,0.01,4.8,1626.2532
12/27/2045,18,178,Clothing,321,7,0.13,4.4,1954.89
12/28/2045,1,117,Grocery,479.09,18,0.1,2.8,7761.258
12/29/2045,16,169,Clothing,329.56,15,0.17,2,4103.022
12/30/2045,3,110,Clothing,443.03,8,0.21,1.3,2799.9496
12/31/2045,9,131,Furniture,282.59,16,0.01,2.7,4476.2256
01/01/2046,4,119,Clothing,317.19,17,0.15,3.4,4583.3955
01/02/2046,5,196,Furniture,44.22,3,0.26,4.2,98.1684
01/03/2046,11,139,Electronics,75.3,13,0.14,1.2,841.854
01/04/2046,9,107,Electronics,294.04,9,0.16,2.7,2222.9424
01/05/2046,3,134,Electronics,203.9,15,0.15,4.9,2599.725
01/06/2046,6,168,Electronics,401.42,16,0.12,1.5,5651.9936
01/07/2046,11,198,Electronics,276.16,16,0.03,2.6,4286.0032
01/08/2046,9,177,Electronics,442.32,19,0.04,2.1,8067.9168
01/09/2046,15,120,Electronics,486.44,4,0.05,1.5,1848.472
01/10/2046,3,123,Furniture,82.34,19,0.24,4.4,1188.9896
01/11/2046,1,116,Furniture,203.47,19,0.08,3.8,3556.6556
01/12/2046,19,117,Furniture,335.84,2,0.28,2.6,483.6096
01/13/2046,14,197,Furniture,159.69,6,0.24,2.5,728.1864
01/14/2046,17,111,Clothing,140.85,13,0.21,4.3,1446.5295
01/15/2046,14,115,Clothing,408.73,15,0.22,1.4,4782.141
01/16/2046,17,103,Grocery,490.39,10,0.01,1.6,4854.861
01/17/2046,14,188,Clothing,389.16,10,0.17,4.6,3230.028
01/18/2046,12,133,Furniture,266.6,4,0.28,4.3,767.808
01/19/2046,16,191,Furniture,226.83,14,0.01,4.1,3143.8638
01/20/2046,1,145,Electronics,274.43,8,0.09,3.5,1997.8504
01/21/2046,13,174,Electronics,236.79,6,0.02,2.2,1392.3252
01/22/2046,6,176,Grocery,256.42,12,0.17,4.7,2553.9432
01/23/2046,17,130,Clothing,109.69,8,0.03,3,851.1944
01/24/2046,12,124,Furniture,452.83,6,0.14,2.1,2336.6028
01/25/2046,19,173,Clothing,379.72,15,0.22,2.5,4442.724
01/26/2046,6,123,Grocery,343.68,19,0.05,1.1,6203.424
01/27/2046,7,164,Electronics,475.46,14,0.23,2,5125.4588
01/28/2046,1,124,Furniture,149.35,3,0.02,1.8,439.089
01/29/2046,1,127,Electronics,49.77,18,0.04,1.5,860.0256
01/30/2046,5,135,Furniture,414.81,10,0.08,1.1,3816.252
01/31/2046,6,181,Electronics,499.22,14,0.24,1.9,5311.7008
02/01/2046,16,105,Electronics,293.43,14,0.26,1.4,3039.9348
02/02/2046,16,165,Grocery,38.82,7,0.07,1.2,252.7182
02/03/2046,14,166,Clothing,392.43,7,0.03,1.5,2664.5997
02/04/2046,1,171,Electronics,46.14,11,0.25,1.8,380.655
02/05/2046,13,194,Furniture,274.61,18,0.19,2.7,4003.8138
02/06/2046,10,147,Clothing,145.99,10,0.05,3.3,1386.905
02/07/2046,10,182,Clothing,458.36,15,0.17,2.3,5706.582
02/08/2046,9,169,Electronics,231.15,12,0.26,1.6,2052.612
02/09/2046,13,177,Electronics,450.25,17,0.02,4.8,7501.165
02/10/2046,3,166,Electronics,156.55,17,0.03,3.1,2581.5095
02/11/2046,18,147,Clothing,199.81,1,0.08,4,183.8252
02/12/2046,2,164,Grocery,474.09,6,0.2,3.8,2275.632
02/13/2046,17,143,Electronics,108.64,15,0.05,2.1,1548.12
02/14/2046,19,193,Clothing,293.47,19,0.24,3.2,4237.7068
02/15/2046,13,162,Clothing,200.37,14,0.23,3.4,2159.9886
02/16/2046,13,145,Furniture,389.34,10,0.17,2.4,3231.522
02/17/2046,1,118,Electronics,73.36,10,0.03,3.7,711.592
02/18/2046,2,163,Grocery,224.24,7,0.3,4.2,1098.776
02/19/2046,1,182,Furniture,352.48,7,0.15,2.5,2097.256
02/20/2046,5,172,Electronics,209.44,14,0.14,1.1,2521.6576
02/21/2046,3,170,Furniture,38.68,15,0.3,2.4,406.14
02/22/2046,7,149,Electronics,355.51,9,0.26,1.5,2367.6966
02/23/2046,13,162,Furniture,256.57,15,0.14,1.6,3309.753
02/24/2046,18,140,Grocery,15.54,9,0.13,2.5,121.6782
02/25/2046,7,106,Furniture,310.2,7,0.03,1.8,2106.258
02/26/2046,1,108,Furniture,460.74,11,0.28,4.7,3649.0608
02/27/2046,5,103,Furniture,64.4,5,0.25,3.6,241.5
02/28/2046,17,188,Electronics,299.43,9,0.09,3.1,2452.3317
03/01/2046,8,148,Electronics,367.05,6,0.23,1,1695.771
03/02/2046,15,175,Grocery,44.68,7,0.23,1.4,240.8252
03/03/2046,4,105,Furniture,21.08,14,0.07,4.2,274.4616
03/04/2046,2,181,Clothing,237.46,19,0.18,2.6,3699.6268
03/05/2046,5,120,Furniture,397.68,11,0.08,1.2,4024.5216
03/06/2046,1,114,Clothing,88.75,7,0.24,4.3,472.15
03/07/2046,5,166,Clothing,419.95,6,0.05,2.2,2393.715
03/08/2046,6,165,Furniture,331.72,4,0.2,2.5,1061.504
03/09/2046,2,155,Clothing,172.76,14,0.1,4.9,2176.776
03/10/2046,1,167,Clothing,262.75,3,0.01,1.1,780.3675
03/11/2046,4,131,Furniture,483.13,17,0.04,3.9,7884.6816
03/12/2046,7,165,Electronics,116.05,15,0.2,4.8,1392.6
03/13/2046,1,128,Furniture,254.77,1,0.07,1.3,236.9361
03/14/2046,1,165,Grocery,316,11,0.19,4.5,2815.56
03/15/2046,8,133,Clothing,77.63,13,0.12,2.7,888.0872
03/16/2046,16,126,Grocery,31.33,3,0.21,4.5,74.2521
03/17/2046,13,159,Clothing,16.6,13,0.15,2.2,183.43
03/18/2046,18,138,Electronics,169.1,18,0.09,4.9,2769.858
03/19/2046,10,143,Clothing,46.23,9,0.04,3.6,399.4272
03/20/2046,12,181,Furniture,403.85,2,0.1,3.5,726.93
03/21/2046,1,135,Clothing,498.69,8,0.19,4.2,3231.5112
03/22/2046,10,118,Grocery,40.04,2,0.22,2.7,62.4624
03/23/2046,9,190,Furniture,222.04,1,0.05,2,210.938
03/24/2046,3,144,Grocery,22.61,3,0.2,2.1,54.264
03/25/2046,19,183,Electronics,75.66,17,0.05,2.3,1221.909
03/26/2046,9,120,Grocery,168.23,7,0.07,3.5,1095.1773
03/27/2046,10,122,Grocery,202.91,10,0.16,4.4,1704.444
03/28/2046,19,193,Grocery,470.49,19,0.09,3,8134.7721
03/29/2046,16,188,Furniture,203.96,9,0.2,2.6,1468.512
03/30/2046,18,194,Electronics,253.18,18,0.29,4.2,3235.6404
03/31/2046,14,126,Electronics,130.34,15,0.04,2.2,1876.896
04/01/2046,3,197,Electronics,10.06,17,0.17,3.8,141.9466
04/02/2046,2,171,Grocery,450.67,17,0.28,1.4,5516.2008
04/03/2046,1,118,Furniture,50.04,19,0.05,1.5,903.222
04/04/2046,18,140,Furniture,482.48,9,0.11,3.6,3864.6648
04/05/2046,9,125,Furniture,74.11,6,0.04,1.3,426.8736
04/06/2046,13,127,Grocery,306.39,19,0.19,1.6,4715.3421
04/07/2046,2,163,Electronics,499.71,8,0.2,3.5,3198.144
04/08/2046,7,167,Grocery,77.85,6,0.2,2.8,373.68
04/09/2046,16,194,Furniture,217.73,17,0.16,3.2,3109.1844
04/10/2046,19,179,Grocery,392.41,6,0.22,4.9,1836.4788
04/11/2046,15,150,Clothing,25.77,13,0.01,3.5,331.6599
04/12/2046,11,173,Electronics,347.99,2,0.29,3.4,494.1458
04/13/2046,1,147,Electronics,49.38,12,0.07,2.5,551.0808
04/14/2046,7,109,Furniture,125.89,7,0.04,3.5,845.9808
04/15/2046,8,172,Grocery,88.44,6,0.28,1.1,382.0608
04/16/2046,10,138,Furniture,454.59,17,0.25,3.2,5796.0225
04/17/2046,5,199,Grocery,98.42,8,0.23,1.3,606.2672
04/18/2046,9,199,Clothing,29.81,6,0.03,1.9,173.4942
04/19/2046,1,118,Electronics,297.94,19,0.24,3.3,4302.2536
04/20/2046,2,163,Electronics,179.63,9,0.18,3.7,1325.6694
04/21/2046,19,118,Grocery,208.8,16,0.22,2.5,2605.824
04/22/2046,14,175,Electronics,68.34,18,0.29,2.7,873.3852
04/23/2046,10,161,Grocery,376.63,19,0.06,3,6726.6118
04/24/2046,9,112,Furniture,304.76,7,0.15,4,1813.322
04/25/2046,10,124,Clothing,188.47,8,0.23,1.1,1160.9752
04/26/2046,6,199,Grocery,94.07,19,0.13,2.8,1554.9771
04/27/2046,17,188,Clothing,300.79,1,0.02,1.1,294.7742
04/28/2046,6,191,Furniture,391.51,13,0.03,2.3,4936.9411
04/29/2046,4,141,Furniture,163.07,1,0.18,3.1,133.7174
04/30/2046,3,138,Furniture,22.67,11,0.09,1.3,226.9267
05/01/2046,19,129,Grocery,115.03,2,0.04,2.9,220.8576
05/02/2046,18,104,Clothing,344.37,3,0.1,4.7,929.799
05/03/2046,4,180,Clothing,494.66,13,0.06,3.7,6044.7452
05/04/2046,8,117,Electronics,16.55,7,0.01,4.1,114.6915
05/05/2046,17,120,Grocery,160.02,2,0.05,3.3,304.038
05/06/2046,5,185,Electronics,40.39,2,0.26,4.6,59.7772
05/07/2046,13,149,Electronics,165.01,3,0,1.6,495.03
05/08/2046,1,105,Grocery,208.9,13,0.23,2.8,2091.089
05/09/2046,13,149,Electronics,461.22,12,0.23,3.4,4261.6728
05/10/2046,4,179,Electronics,49.47,1,0.17,4.5,41.0601
05/11/2046,14,165,Electronics,390.8,18,0.06,2.2,6612.336
05/12/2046,3,100,Furniture,203.81,5,0.26,1,754.097
05/13/2046,5,156,Grocery,407.52,19,0.14,4.9,6658.8768
05/14/2046,7,129,Furniture,261.57,10,0.05,1.1,2484.915
05/15/2046,1,157,Electronics,29.25,6,0.13,1.6,152.685
05/16/2046,12,151,Electronics,473.64,18,0.06,2.7,8013.9888
05/17/2046,11,136,Furniture,50.54,15,0.11,3,674.709
05/18/2046,8,147,Electronics,302.86,14,0.15,4.3,3604.034
05/19/2046,6,186,Grocery,440.06,16,0.11,2.8,6266.4544
05/20/2046,2,100,Clothing,49.09,4,0.2,3.2,157.088
05/21/2046,19,118,Furniture,281.41,19,0.28,1.8,3849.6888
05/22/2046,14,145,Clothing,413.9,8,0.1,3.3,2980.08
05/23/2046,1,166,Clothing,493.3,1,0.11,2.4,439.037
05/24/2046,10,101,Clothing,364.92,13,0.22,1.4,3700.2888
05/25/2046,16,155,Furniture,146.38,9,0.16,4.8,1106.6328
05/26/2046,4,116,Electronics,352.79,1,0.13,1.3,306.9273
05/27/2046,11,191,Grocery,355.83,15,0.24,3.7,4056.462
05/28/2046,16,181,Electronics,352.98,15,0.27,4.6,3865.131
05/29/2046,1,196,Grocery,428.59,14,0.18,1.7,4920.2132
05/30/2046,16,178,Electronics,52.82,5,0.06,1.9,248.254
05/31/2046,19,121,Clothing,63.13,17,0.14,2.7,922.9606
06/01/2046,9,126,Clothing,323.9,6,0.15,2.2,1651.89
06/02/2046,9,154,Grocery,477.4,9,0.13,4,3738.042
06/03/2046,9,131,Furniture,238.26,19,0.08,2.4,4164.7848
06/04/2046,17,159,Electronics,480.68,17,0.14,4.9,7027.5416
06/05/2046,12,182,Clothing,469.66,7,0.13,4.4,2860.2294
06/06/2046,13,127,Grocery,452.43,8,0.06,4.6,3402.2736
06/07/2046,8,127,Electronics,455.83,15,0.27,1.3,4991.3385
06/08/2046,16,173,Grocery,450.18,6,0.27,1.7,1971.7884
06/09/2046,18,183,Furniture,411.75,1,0.23,1.7,317.0475
06/10/2046,1,124,Furniture,350.54,9,0.12,3.7,2776.2768
06/11/2046,1,184,Electronics,21.96,7,0.11,1,136.8108
06/12/2046,12,177,Furniture,74.8,19,0.21,4.2,1122.748
06/13/2046,6,185,Electronics,75.77,4,0.18,3.2,248.5256
06/14/2046,9,125,Electronics,21.53,1,0.18,3.3,17.6546
06/15/2046,5,174,Furniture,67.18,9,0.04,3.1,580.4352
06/16/2046,16,170,Grocery,460.68,2,0.19,3.1,746.3016
06/17/2046,18,116,Grocery,335.26,16,0.27,1.8,3915.8368
06/18/2046,17,181,Electronics,162.92,2,0.03,2.1,316.0648
06/19/2046,18,106,Clothing,398.75,3,0.1,3,1076.625
06/20/2046,1,155,Electronics,249.3,14,0.15,3.7,2966.67
06/21/2046,19,163,Grocery,79.64,13,0.21,2.1,817.9028
06/22/2046,8,119,Electronics,443.41,17,0.03,4.2,7311.8309
06/23/2046,3,137,Grocery,175.94,10,0.26,4.2,1301.956
06/24/2046,5,174,Furniture,352.44,3,0.01,2.1,1046.7468
06/25/2046,8,157,Electronics,152.39,4,0.26,3.2,451.0744
06/26/2046,19,115,Electronics,255.03,5,0.01,2.4,1262.3985
06/27/2046,18,150,Furniture,409.96,11,0.05,1.8,4284.082
06/28/2046,18,126,Furniture,86.82,6,0.24,4.2,395.8992
06/29/2046,1,150,Clothing,488.85,1,0.26,5,361.749
06/30/2046,15,174,Furniture,44.41,19,0.29,3.3,599.0909
07/01/2046,18,115,Clothing,271.66,7,0.03,4.7,1844.5714
07/02/2046,7,186,Furniture,458.85,10,0.16,3.6,3854.34
07/03/2046,16,159,Grocery,473.39,12,0.02,3.3,5567.0664
07/04/2046,16,175,Electronics,123.73,12,0.05,2.9,1410.522
07/05/2046,15,139,Furniture,80.55,1,0.05,1.9,76.5225
07/06/2046,6,166,Grocery,364.96,9,0.02,1.3,3218.9472
07/07/2046,9,101,Furniture,30.57,17,0.27,2.8,379.3737
07/08/2046,7,147,Electronics,247.77,12,0.04,3.2,2854.3104
07/09/2046,14,151,Furniture,400.21,2,0.19,3,648.3402
07/10/2046,11,123,Furniture,284.52,9,0.19,3.8,2074.1508
07/11/2046,16,192,Electronics,102.13,12,0.06,1.8,1152.0264
07/12/2046,6,197,Furniture,248.65,4,0.3,2.4,696.22
07/13/2046,16,183,Electronics,461.42,12,0.1,2.7,4983.336
07/14/2046,16,181,Clothing,312.43,18,0.27,1.7,4105.3302
07/15/2046,12,177,Furniture,363.53,3,0.28,4.6,785.2248
07/16/2046,17,181,Grocery,174.77,1,0.28,3.7,125.8344
07/17/2046,5,101,Furniture,102.36,18,0.23,1.4,1418.7096
07/18/2046,13,164,Electronics,135.26,8,0.08,3.9,995.5136
07/19/2046,8,119,Electronics,271.26,19,0.04,3.2,4947.7824
07/20/2046,5,133,Grocery,147.31,4,0.17,3.1,489.0692
07/21/2046,12,140,Grocery,275.56,16,0.11,5,3923.9744
07/22/2046,9,140,Electronics,356.82,17,0.25,3.5,4549.455
07/23/2046,3,174,Clothing,369.85,9,0.22,4.6,2596.347
07/24/2046,3,190,Clothing,90.7,8,0.08,4.7,667.552
07/25/2046,1,122,Electronics,377.71,19,0.01,1.4,7104.7251
07/26/2046,18,137,Clothing,339.62,7,0.07,1,2210.9262
07/27/2046,12,143,Grocery,15.88,12,0.17,2.7,158.1648
07/28/2046,9,166,Clothing,38.85,1,0.02,4.1,38.073
07/29/2046,9,161,Grocery,326.66,17,0.2,4.3,4442.576
07/30/2046,18,111,Furniture,198.01,6,0.2,4.1,950.448
07/31/2046,18,129,Grocery,81.59,5,0.05,2.8,387.5525
08/01/2046,7,194,Furniture,31.75,7,0.18,4,182.245
08/02/2046,4,186,Grocery,88.11,12,0.18,3.9,867.0024
08/03/2046,13,164,Grocery,479.18,5,0.14,2.3,2060.474
08/04/2046,17,140,Clothing,366.51,2,0.29,1.7,520.4442
08/05/2046,2,119,Grocery,268.58,4,0.03,3.5,1042.0904
08/06/2046,14,105,Electronics,471.35,17,0.12,3.7,7051.396
08/07/2046,3,174,Furniture,313.36,8,0.26,3.3,1855.0912
08/08/2046,5,198,Furniture,365.57,5,0.12,1.9,1608.508
08/09/2046,14,103,Grocery,148.5,17,0.13,2.1,2196.315
08/10/2046,3,192,Electronics,298.6,4,0.2,3.8,955.52
08/11/2046,7,109,Grocery,80.3,18,0.2,4.9,1156.32
08/12/2046,18,150,Grocery,208.2,18,0.01,4.8,3710.124
08/13/2046,13,192,Clothing,26.29,18,0.14,3.1,406.9692
08/14/2046,10,137,Grocery,116.15,16,0.1,4.5,1672.56
08/15/2046,13,100,Grocery,46.69,11,0.19,1.1,416.0079
08/16/2046,16,107,Clothing,200.01,8,0.17,4.4,1328.0664
08/17/2046,9,180,Clothing,423.09,12,0.2,2.9,4061.664
08/18/2046,2,182,Electronics,195.19,18,0.2,4.1,2810.736
08/19/2046,5,162,Clothing,417.5,18,0.08,1,6913.8
08/20/2046,17,132,Furniture,331.68,8,0.07,4.5,2467.6992
08/21/2046,4,114,Furniture,259.67,16,0.11,3.4,3697.7008
08/22/2046,17,130,Electronics,126.08,17,0.07,2,1993.3248
08/23/2046,9,120,Grocery,461.86,2,0.2,2.4,738.976
08/24/2046,2,102,Electronics,36.56,15,0.18,1.8,449.688
08/25/2046,18,165,Clothing,347.57,7,0.06,2.7,2287.0106
08/26/2046,11,134,Grocery,314.41,1,0.27,2.3,229.5193
08/27/2046,13,140,Electronics,226.11,2,0.14,3.1,388.9092
08/28/2046,8,158,Electronics,127.76,4,0.04,4.3,490.5984
08/29/2046,1,115,Furniture,221.04,16,0.06,4.9,3324.4416
08/30/2046,17,155,Electronics,437.66,12,0.16,2,4411.6128
08/31/2046,12,144,Grocery,420.02,17,0.1,1.4,6426.306
09/01/2046,4,158,Electronics,471.28,4,0.26,2.6,1394.9888
09/02/2046,13,149,Electronics,160.82,16,0.15,1.6,2187.152
09/03/2046,9,184,Clothing,199.68,7,0.27,4.3,1020.3648
09/04/2046,7,111,Electronics,19.18,8,0.03,3,148.8368
09/05/2046,5,191,Grocery,472.05,9,0.2,3.5,3398.76
09/06/2046,5,111,Furniture,171.4,14,0.27,1.6,1751.708
09/07/2046,17,132,Furniture,208.04,9,0.09,4,1703.8476
09/08/2046,9,183,Furniture,454.82,15,0.04,4.9,6549.408
09/09/2046,6,148,Furniture,268.03,4,0.14,2.9,922.0232
09/10/2046,19,120,Clothing,287.43,3,0.29,4.8,612.2259
09/11/2046,16,159,Grocery,96.35,10,0.19,1.1,780.435
09/12/2046,2,151,Clothing,254.34,4,0.19,1.1,824.0616
09/13/2046,10,153,Furniture,459.92,18,0.2,4.8,6622.848
09/14/2046,16,138,Clothing,283.77,11,0.01,3.8,3090.2553
09/15/2046,5,148,Electronics,135.01,19,0.13,1.8,2231.7153
09/16/2046,15,163,Grocery,25.28,19,0.02,2.5,470.7136
09/17/2046,13,199,Electronics,174.79,18,0.09,3,2863.0602
09/18/2046,13,185,Clothing,290.57,13,0.25,3.8,2833.0575
09/19/2046,13,125,Electronics,30.88,4,0.2,4.4,98.816
09/20/2046,15,170,Clothing,308.8,3,0.3,1.3,648.48
09/21/2046,14,106,Clothing,266.47,16,0.05,3.6,4050.344
09/22/2046,8,171,Grocery,393.88,14,0.12,2.9,4852.6016
09/23/2046,11,161,Grocery,24.16,10,0.24,3.4,183.616
09/24/2046,18,189,Grocery,392.62,6,0.06,3,2214.3768
09/25/2046,4,187,Furniture,265.23,8,0.05,2.8,2015.748
09/26/2046,10,123,Grocery,191.56,16,0.13,1.8,2666.5152
09/27/2046,1,139,Electronics,483.04,10,0.12,2.9,4250.752
09/28/2046,5,175,Grocery,88.46,7,0.29,1.8,439.6462
09/29/2046,13,146,Grocery,275.25,19,0.14,1.2,4497.585
09/30/2046,1,107,Grocery,167.28,18,0.26,2.5,2228.1696
10/01/2046,8,153,Clothing,268.47,13,0.27,1.1,2547.7803
10/02/2046,3,108,Clothing,280.61,8,0.05,3.3,2132.636
10/03/2046,3,102,Grocery,53.83,14,0.21,1.3,595.3598
10/04/2046,7,153,Clothing,333.96,9,0.08,2.8,2765.1888
10/05/2046,4,120,Clothing,320.9,12,0.03,4.9,3735.276
10/06/2046,3,194,Furniture,387.04,6,0.26,1,1718.4576
10/07/2046,15,147,Electronics,54.42,12,0.09,2.5,594.2664
10/08/2046,8,146,Clothing,155.66,19,0.1,3.7,2661.786
10/09/2046,3,187,Electronics,328.55,12,0.1,1.6,3548.34
10/10/2046,7,167,Clothing,77,7,0.06,3.2,506.66
10/11/2046,18,183,Grocery,342.02,15,0.13,2,4463.361
10/12/2046,11,162,Clothing,38.92,16,0.13,1.9,541.7664
10/13/2046,11,115,Clothing,174.12,4,0.12,4.6,612.9024
10/14/2046,17,173,Electronics,424.89,6,0.27,1.8,1861.0182
10/15/2046,6,189,Grocery,389.4,16,0.1,2.5,5607.36
10/16/2046,8,192,Furniture,325.93,15,0.01,1.7,4840.0605
10/17/2046,1,104,Electronics,436.52,2,0.05,2.1,829.388
10/18/2046,10,110,Grocery,357.54,3,0.22,2.2,836.6436
10/19/2046,19,128,Grocery,264.49,15,0.18,2.3,3253.227
10/20/2046,3,178,Electronics,490.06,8,0.29,3.6,2783.5408
10/21/2046,4,169,Clothing,350.48,12,0.21,4,3322.5504
10/22/2046,11,147,Grocery,304.67,2,0.06,3,572.7796
10/23/2046,15,114,Furniture,210.35,15,0.04,3.4,3029.04
10/24/2046,1,183,Clothing,452.18,8,0.16,4.3,3038.6496
10/25/2046,9,133,Electronics,154.9,11,0.2,5,1363.12
10/26/2046,11,159,Electronics,14.52,17,0.05,2.8,234.498
10/27/2046,19,161,Electronics,106.4,1,0.18,4.7,87.248
10/28/2046,13,101,Electronics,63.66,15,0.26,3,706.626
10/29/2046,16,179,Furniture,166.31,2,0.22,4.1,259.4436
10/30/2046,4,118,Furniture,414.68,10,0.2,3.3,3317.44
10/31/2046,1,197,Grocery,329.25,6,0.24,4.5,1501.38
11/01/2046,13,148,Furniture,92.8,3,0.03,2.8,270.048
11/02/2046,1,177,Electronics,396.52,13,0.06,3.8,4845.4744
11/03/2046,5,187,Furniture,257.07,15,0.01,2.9,3817.4895
11/04/2046,5,127,Clothing,261.23,6,0.04,4.4,1504.6848
11/05/2046,14,147,Clothing,187.43,9,0.27,5,1231.4151
11/06/2046,14,195,Grocery,433.66,10,0.07,2,4033.038
11/07/2046,8,136,Electronics,165.98,9,0.2,2.9,1195.056
11/08/2046,4,173,Furniture,56.13,18,0.21,1.3,798.1686
11/09/2046,7,148,Grocery,158.34,9,0.19,1.6,1154.2986
11/10/2046,19,147,Grocery,360.52,18,0.17,4.7,5386.1688
11/11/2046,15,172,Furniture,332.22,9,0.15,3.2,2541.483
11/12/2046,4,187,Grocery,102.13,5,0.13,2.6,444.2655
11/13/2046,19,199,Electronics,64.77,13,0.28,3.7,606.2472
11/14/2046,9,128,Furniture,333.82,12,0,3.2,4005.84
11/15/2046,13,159,Clothing,341.42,9,0.02,2.2,3011.3244
11/16/2046,14,128,Clothing,189.41,19,0.15,1.9,3058.9715
11/17/2046,14,157,Furniture,422.97,1,0.1,3.4,380.673
11/18/2046,10,147,Grocery,489.32,11,0.12,1.8,4736.6176
11/19/2046,16,122,Grocery,110.77,5,0.3,1.6,387.695
11/20/2046,5,126,Clothing,292.76,7,0.23,2.3,1577.9764
11/21/2046,6,194,Clothing,12.62,13,0.26,4.4,121.4044
11/22/2046,2,106,Electronics,359.4,6,0.11,1.1,1919.196
11/23/2046,13,148,Grocery,213,13,0.07,4.3,2575.17
11/24/2046,13,153,Electronics,104.7,6,0.23,3.5,483.714
11/25/2046,19,167,Clothing,378.59,15,0.24,1.2,4315.926
11/26/2046,18,177,Clothing,407.22,8,0.16,3.4,2736.5184
11/27/2046,19,141,Clothing,64.47,11,0.27,2.7,517.6941
11/28/2046,1,173,Clothing,30.09,10,0.29,4.4,213.639
11/29/2046,8,158,Electronics,173.7,9,0.14,4.6,1344.438
11/30/2046,16,143,Clothing,316.74,4,0.07,2.1,1178.2728
12/01/2046,2,197,Furniture,398.78,14,0.16,4.1,4689.6528
12/02/2046,8,125,Grocery,277.57,4,0.3,2.2,777.196
12/03/2046,6,122,Clothing,294.57,15,0.09,2.2,4020.8805
12/04/2046,16,172,Grocery,401.93,10,0.19,1.8,3255.633
12/05/2046,11,107,Clothing,269.13,14,0.21,3.7,2976.5778
12/06/2046,17,152,Electronics,309.47,6,0.06,2,1745.4108
12/07/2046,19,113,Grocery,262.95,16,0.18,2.9,3449.904
12/08/2046,11,170,Electronics,441.42,12,0.09,4.2,4820.3064
12/09/2046,8,106,Clothing,125.4,4,0.26,4.2,371.184
12/10/2046,4,108,Furniture,139.36,1,0.21,4.4,110.0944
12/11/2046,11,102,Furniture,72.7,4,0.25,1.6,218.1
12/12/2046,8,177,Furniture,411.54,13,0.06,3.3,5029.0188
12/13/2046,9,116,Furniture,211.77,7,0.01,4.7,1467.5661
12/14/2046,2,143,Furniture,180.47,15,0.26,1.2,2003.217
12/15/2046,16,185,Electronics,490.86,6,0.12,4.2,2591.7408
12/16/2046,6,145,Furniture,464.13,14,0.05,2,6172.929
12/17/2046,19,189,Clothing,486.27,18,0.03,3.7,8490.2742
12/18/2046,8,157,Electronics,79.73,4,0.15,3.9,271.082
12/19/2046,14,127,Electronics,446.71,1,0.05,4.7,424.3745
12/20/2046,16,113,Furniture,171.07,3,0.17,3,425.9643
12/21/2046,12,108,Grocery,16.2,13,0.22,4.4,164.268
12/22/2046,5,125,Clothing,201.74,18,0.16,1.2,3050.3088
12/23/2046,19,101,Electronics,259.51,4,0.27,2.7,757.7692
12/24/2046,18,174,Clothing,63.03,4,0.05,2.8,239.514
12/25/2046,9,180,Grocery,273.46,11,0.15,3.2,2556.851
12/26/2046,2,133,Electronics,411.54,14,0.05,2.9,5473.482
12/27/2046,12,118,Clothing,195.05,7,0.26,4.9,1010.359
12/28/2046,2,138,Furniture,182.8,3,0.28,1.3,394.848
12/29/2046,10,181,Electronics,176.02,7,0.12,2.1,1084.2832
12/30/2046,1,112,Electronics,462.32,8,0.09,4.9,3365.6896
12/31/2046,4,104,Electronics,33.89,12,0.08,2.8,374.1456
01/01/2047,12,149,Electronics,228.09,7,0.26,3.3,1181.5062
01/02/2047,9,122,Furniture,139.65,16,0.2,1.3,1787.52
01/03/2047,4,187,Grocery,447.97,17,0.26,2.1,5635.4626
01/04/2047,9,128,Grocery,57.07,4,0.04,1.2,219.1488
01/05/2047,6,171,Clothing,211.61,17,0.14,1.6,3093.7382
01/06/2047,1,125,Furniture,209.34,18,0.2,3.5,3014.496
01/07/2047,10,178,Furniture,445.31,4,0.27,4.1,1300.3052
01/08/2047,14,156,Clothing,115.59,17,0.11,4.5,1748.8767
01/09/2047,18,100,Furniture,326,15,0.09,2,4449.9
01/10/2047,6,127,Furniture,75.86,17,0.27,2.3,941.4226
01/11/2047,18,161,Electronics,477.45,13,0.01,3.3,6144.7815
01/12/2047,16,146,Electronics,300.58,3,0.14,1.3,775.4964
01/13/2047,15,177,Electronics,316.87,12,0.14,4.2,3270.0984
01/14/2047,16,197,Furniture,222.55,17,0.04,2.9,3632.016
01/15/2047,8,158,Furniture,177.72,7,0.12,4.9,1094.7552
01/16/2047,13,130,Grocery,114.21,7,0.22,1.5,623.5866
01/17/2047,11,169,Electronics,305.95,11,0.11,1.5,2995.2505
01/18/2047,7,148,Clothing,477.74,16,0.09,2.4,6955.8944
01/19/2047,17,104,Furniture,186.3,4,0.23,1.8,573.804
01/20/2047,18,130,Electronics,442.75,16,0.3,3.8,4958.8
01/21/2047,19,136,Grocery,82.9,5,0.23,4.8,319.165
01/22/2047,13,178,Electronics,468.7,19,0.25,1.4,6678.975
01/23/2047,15,114,Grocery,181.74,14,0.28,2,1831.9392
01/24/2047,1,151,Grocery,196.07,7,0.24,2,1043.0924
01/25/2047,16,168,Furniture,236.79,9,0.29,3,1513.0881
01/26/2047,5,191,Grocery,361.94,13,0.22,2.8,3670.0716
01/27/2047,3,196,Grocery,362.63,16,0.2,3.9,4641.664
01/28/2047,10,110,Clothing,245,4,0.21,3.9,774.2
01/29/2047,19,142,Grocery,266.34,7,0.27,3.3,1360.9974
01/30/2047,5,169,Clothing,24.71,3,0.2,3.4,59.304
01/31/2047,7,122,Clothing,159.11,15,0.23,4.4,1837.7205
02/01/2047,14,139,Electronics,179.55,14,0.06,2.6,2362.878
02/02/2047,3,162,Electronics,283.78,7,0.27,1,1450.1158
02/03/2047,13,101,Furniture,283.57,18,0.13,1.9,4440.7062
02/04/2047,13,178,Furniture,357.85,5,0.05,1.1,1699.7875
02/05/2047,10,186,Furniture,361.34,8,0.24,2.6,2196.9472
02/06/2047,2,185,Grocery,125.25,18,0.11,2.4,2006.505
02/07/2047,6,172,Electronics,387.39,19,0.06,1.4,6918.7854
02/08/2047,8,146,Grocery,19.61,3,0.08,4,54.1236
02/09/2047,4,129,Electronics,360.92,6,0.01,3.2,2143.8648
02/10/2047,12,115,Grocery,60.01,18,0.03,1.9,1047.7746
02/11/2047,15,158,Furniture,367.53,15,0.18,4,4520.619
02/12/2047,8,146,Electronics,268.29,14,0.26,3.7,2779.4844
02/13/2047,7,129,Electronics,224.25,8,0.13,1.8,1560.78
02/14/2047,14,108,Clothing,348.43,11,0.19,4.9,3104.5113
02/15/2047,19,164,Electronics,27.82,11,0.24,1.7,232.5752
02/16/2047,14,158,Electronics,119.5,12,0.11,4.1,1276.26
02/17/2047,13,163,Grocery,312.06,16,0.2,4.9,3994.368
02/18/2047,1,107,Furniture,425.14,7,0.11,3.9,2648.6222
02/19/2047,19,151,Clothing,196.74,3,0.19,3.7,478.0782
02/20/2047,1,117,Grocery,136.79,2,0.07,4.6,254.4294
02/21/2047,4,190,Electronics,264.18,3,0.29,2.1,562.7034
02/22/2047,10,181,Grocery,314.93,8,0.02,2.1,2469.0512
02/23/2047,3,195,Furniture,215.85,8,0.15,3.6,1467.78
02/24/2047,9,157,Clothing,439.59,4,0.09,4.5,1600.1076
02/25/2047,3,148,Grocery,266.48,13,0.18,3.5,2840.6768
02/26/2047,6,131,Electronics,27.55,17,0.13,4.9,407.4645
02/27/2047,6,147,Grocery,119.3,18,0.09,1.9,1954.134
02/28/2047,12,144,Electronics,230.82,5,0.08,4.3,1061.772
03/01/2047,1,153,Clothing,351.89,12,0.05,4.7,4011.546
03/02/2047,16,199,Clothing,117.68,2,0.23,2.7,181.2272
03/03/2047,5,199,Grocery,488.37,10,0.07,4.8,4541.841
03/04/2047,9,184,Clothing,166.09,7,0.23,1.8,895.2251
03/05/2047,10,145,Furniture,270.92,15,0.15,4.8,3454.23
03/06/2047,13,195,Grocery,19.29,7,0.02,4.6,132.3294
03/07/2047,15,130,Electronics,443.6,15,0.05,1.3,6321.3
03/08/2047,12,136,Grocery,396.53,16,0.27,3.1,4631.4704
03/09/2047,5,115,Electronics,105.77,1,0.18,3.1,86.7314
03/10/2047,5,145,Clothing,467.29,15,0.06,1.2,6588.789
03/11/2047,18,145,Electronics,164.76,3,0.21,1.2,390.4812
03/12/2047,12,177,Electronics,349.17,10,0.25,1,2618.775
03/13/2047,3,187,Electronics,411.3,16,0.1,3.1,5922.72
03/14/2047,7,188,Electronics,373.05,2,0.17,2.9,619.263
03/15/2047,17,160,Furniture,459.62,17,0.09,4.8,7110.3214
03/16/2047,19,145,Electronics,433.49,1,0.02,2.4,424.8202
03/17/2047,18,150,Grocery,497.36,4,0.12,3.6,1750.7072
03/18/2047,1,161,Furniture,99.48,11,0.23,1,842.5956
03/19/2047,5,134,Electronics,159.33,17,0.14,3.7,2329.4046
03/20/2047,2,180,Electronics,321.75,2,0.12,4.7,566.28
03/21/2047,1,141,Electronics,369.19,1,0.11,2.4,328.5791
03/22/2047,7,144,Furniture,271.96,6,0.14,2.3,1403.3136
03/23/2047,11,167,Electronics,46.22,11,0.1,3.5,457.578
03/24/2047,11,174,Electronics,422.38,4,0.18,2.3,1385.4064
03/25/2047,18,146,Electronics,480.83,11,0.02,2.6,5183.3474
03/26/2047,17,178,Clothing,208.7,5,0.24,2.1,793.06
03/27/2047,2,129,Grocery,120.16,10,0.05,2.4,1141.52
03/28/2047,7,123,Electronics,19.46,5,0.19,3.7,78.813
03/29/2047,7,165,Grocery,126.28,3,0.13,4.7,329.5908
03/30/2047,10,142,Clothing,352.96,6,0.23,3.3,1630.6752
03/31/2047,3,133,Clothing,456.68,13,0.25,1,4452.63
04/01/2047,12,122,Electronics,55.82,16,0.06,2.1,839.5328
04/02/2047,3,160,Grocery,281.1,7,0.2,4.8,1574.16
04/03/2047,11,194,Furniture,350.81,18,0.06,4.6,5935.7052
04/04/2047,12,136,Electronics,145.43,3,0.04,1.5,418.8384
04/05/2047,4,112,Furniture,289.25,6,0.28,4.6,1249.56
04/06/2047,16,196,Clothing,360.47,10,0.05,4.9,3424.465
04/07/2047,18,170,Clothing,420.48,16,0.07,2.3,6256.7424
04/08/2047,4,195,Grocery,231.72,13,0.04,3.8,2891.8656
04/09/2047,6,106,Furniture,376.45,9,0.14,3.2,2913.723
04/10/2047,15,141,Furniture,157.87,16,0.28,2.3,1818.6624
04/11/2047,1,137,Electronics,114.39,11,0.08,1.6,1157.6268
04/12/2047,3,151,Grocery,101.78,9,0.16,2.5,769.4568
04/13/2047,5,143,Grocery,185.85,10,0.12,4.7,1635.48
04/14/2047,17,163,Furniture,27.58,11,0.1,4.2,273.042
04/15/2047,14,112,Clothing,148.67,15,0.17,2.3,1850.9415
04/16/2047,9,187,Grocery,329.59,13,0.17,3.2,3556.2761
04/17/2047,3,127,Clothing,327.48,17,0.11,2.6,4954.7724
04/18/2047,13,195,Electronics,46.04,4,0.26,2.9,136.2784
04/19/2047,3,181,Grocery,150.83,11,0.02,4,1625.9474
04/20/2047,11,197,Grocery,289.08,1,0.03,3.2,280.4076
04/21/2047,2,197,Electronics,166.09,1,0.3,1.7,116.263
04/22/2047,15,100,Grocery,214.81,3,0.22,2.1,502.6554
04/23/2047,13,142,Furniture,359.28,15,0.24,3.3,4095.792
04/24/2047,19,141,Furniture,14.54,1,0.18,3.8,11.9228
04/25/2047,16,194,Electronics,145.43,16,0.13,3,2024.3856
04/26/2047,18,149,Clothing,79.76,17,0.19,3.5,1098.2952
04/27/2047,7,159,Clothing,72.53,9,0.03,4.2,633.1869
04/28/2047,13,100,Grocery,479.93,5,0.23,3.2,1847.7305
04/29/2047,4,150,Clothing,194.51,6,0.16,4.9,980.3304
04/30/2047,9,115,Clothing,268.27,15,0.29,1.9,2857.0755
